   3.0000e-01    3.0000e+00    0.0000e+00    2.5981e+00    1.5000e+00    1.7913e-03    9.0077e-04    2.0201e-03    3.7878e-04
   3.0000e-01    3.0000e+00    0.0000e+00    2.5160e+00    1.6339e+00    1.6940e-03   -8.9140e-04    1.9540e-03   -1.0219e-03
   3.0000e-01    3.0000e+00    0.0000e+00    2.4271e+00    1.7634e+00    2.5666e-04   -1.8170e-03    5.2264e-04   -2.7148e-03
   3.0000e-01    3.0000e+00    0.0000e+00    2.3314e+00    1.8880e+00   -1.2613e-03   -1.2357e-03   -8.1431e-04   -1.6039e-03
   3.0000e-01    3.0000e+00    0.0000e+00    2.2294e+00    2.0074e+00   -1.6858e-03    2.5140e-04   -1.4414e-03    9.6843e-05
   3.0000e-01    3.0000e+00    0.0000e+00    2.1213e+00    2.1213e+00   -7.9867e-04    1.4433e-03   -3.8602e-04    1.7527e-03
   3.0000e-01    3.0000e+00    0.0000e+00    2.0074e+00    2.2294e+00    6.3001e-04    1.4707e-03    1.1951e-03    1.4464e-03
   3.0000e-01    3.0000e+00    0.0000e+00    1.8880e+00    2.3314e+00    1.4992e-03    4.1292e-04    1.5248e-03    2.4119e-05
   3.0000e-01    3.0000e+00    0.0000e+00    1.7634e+00    2.4271e+00    1.2379e-03   -8.7250e-04    1.6177e-03   -3.2409e-04
   3.0000e-01    3.0000e+00    0.0000e+00    1.6339e+00    2.5160e+00    1.2244e-04   -1.4723e-03    4.0208e-04   -1.4061e-03
   3.0000e-01    3.0000e+00    0.0000e+00    1.5000e+00    2.5981e+00   -1.0149e-03   -1.0260e-03   -5.7686e-04   -1.4236e-03
   3.0000e-01    3.0000e+00    0.0000e+00    1.3620e+00    2.6730e+00   -1.4096e-03    7.8720e-05   -1.3208e-03    4.5331e-04
   3.0000e-01    3.0000e+00    0.0000e+00    1.2202e+00    2.7406e+00   -8.6808e-04    1.0765e-03   -3.6633e-04    1.2066e-03
   3.0000e-01    3.0000e+00    0.0000e+00    1.0751e+00    2.8007e+00    1.9048e-04    1.3427e-03    4.6768e-04    1.6804e-03
   3.0000e-01    3.0000e+00    0.0000e+00    9.2705e-01    2.8532e+00    1.0825e-03    7.7461e-04    1.4736e-03    6.1331e-04
   3.0000e-01    3.0000e+00    0.0000e+00    7.7646e-01    2.8978e+00    1.2893e-03   -2.2034e-04    1.5605e-03    -5.2653e-04
   3.0000e-01    3.0000e+00    0.0000e+00    6.2374e-01    2.9344e+00    7.5756e-04   -1.0399e-03    -2.1625e-04   -1.0038e-03
   3.0000e-01    3.0000e+00    0.0000e+00    4.6930e-01    2.9631e+00   -1.6658e-04   -1.2554e-03   -5.3731e-04   -6.6710e-04
   3.0000e-01    3.0000e+00    0.0000e+00    3.1359e-01    2.9836e+00   -9.5654e-04   -8.0100e-04   -7.7085e-04   -1.0182e-03
   3.0000e-01    3.0000e+00    0.0000e+00    1.5701e-01    2.9959e+00   -1.2297e-03    3.3121e-05   -1.0122e-03    -1.2165e-04
   3.0000e-01    3.0000e+00    0.0000e+00    0.0000e+00    3.0000e+00   -8.9633e-04    8.1823e-04   -1.0657e-03    9.0771e-04
   3.0000e-01    3.0000e+00    0.0000e+00   -1.5701e-01    2.9959e+00   -1.7874e-04    1.1850e-03   -3.0552e-04    1.6668e-03
   3.0000e-01    3.0000e+00    0.0000e+00   -3.1359e-01    2.9836e+00    5.8602e-04    1.0288e-03    6.2831e-04    1.3046e-03
   3.0000e-01    3.0000e+00    0.0000e+00   -4.6930e-01    2.9631e+00    1.0790e-03    4.5350e-04    1.1015e-03    7.4928e-04
   3.0000e-01    3.0000e+00    0.0000e+00   -6.2374e-01    2.9344e+00    1.1258e-03   -2.6989e-04    6.4628e-04   -4.5392e-04
   3.0000e-01    3.0000e+00    0.0000e+00   -7.7646e-01    2.8978e+00    7.5908e-04   -8.5828e-04    3.2444e-04   -6.0776e-04
   3.0000e-01    3.0000e+00    0.0000e+00   -9.2705e-01    2.8532e+00    1.5644e-04   -1.1239e-03   -2.0432e-04   -2.0224e-04
   3.0000e-01    3.0000e+00    0.0000e+00   -1.0751e+00    2.8007e+00   -4.7323e-04   -1.0199e-03   -1.0519e-03   -1.4112e-03
   3.0000e-01    3.0000e+00    0.0000e+00   -1.2202e+00    2.7406e+00   -9.2712e-04   -6.1857e-04   -9.0270e-04   -6.7191e-05
   3.0000e-01    3.0000e+00    0.0000e+00   -1.3620e+00    2.6730e+00   -1.1034e-03   -6.3558e-05   -1.1681e-03    2.6575e-04
   3.0000e-01    3.0000e+00    0.0000e+00   -1.5000e+00    2.5981e+00   -9.9048e-04    4.7103e-04   -6.9096e-04    4.5611e-04
   3.0000e-01    3.0000e+00    0.0000e+00   -1.6339e+00    2.5160e+00   -6.5633e-04    8.6867e-04   -1.4096e-03    7.0476e-04
   3.0000e-01    3.0000e+00    0.0000e+00   -1.7634e+00    2.4271e+00   -1.9768e-04    1.0630e-03   -2.3494e-05    5.8272e-04
   3.0000e-01    3.0000e+00    0.0000e+00   -1.8880e+00    2.3314e+00    2.7247e-04    1.0390e-03    1.3638e-04    1.2378e-03
   3.0000e-01    3.0000e+00    0.0000e+00   -2.0074e+00    2.2294e+00    6.5832e-04    8.4073e-04    4.3211e-04    1.2643e-03
   3.0000e-01    3.0000e+00    0.0000e+00   -2.1213e+00    2.1213e+00    9.2174e-04    5.2726e-04    1.0811e-03    1.6122e-03
   3.0000e-01    3.0000e+00    0.0000e+00   -2.2294e+00    2.0074e+00    1.0445e-03    1.5764e-04    1.2720e-03    2.0347e-04
   3.0000e-01    3.0000e+00    0.0000e+00   -2.3314e+00    1.8880e+00    1.0309e-03   -2.0482e-04    8.7025e-04    -1.6757e-04
   3.0000e-01    3.0000e+00    0.0000e+00   -2.4271e+00    1.7634e+00    9.1390e-04   -5.0977e-04    1.3824e-03   -2.8941e-04
   3.0000e-01    3.0000e+00    0.0000e+00   -2.5160e+00    1.6339e+00    7.2687e-04   -7.4705e-04    8.6834e-04    5.9702e-05
   3.0000e-01    3.0000e+00    0.0000e+00   -2.5981e+00    1.5000e+00    4.9869e-04   -9.1080e-04    4.5578e-04   -4.0583e-04
   3.0000e-01    3.0000e+00    0.0000e+00   -2.6730e+00    1.3620e+00    2.6298e-04   -1.0010e-03    -1.4147e-04   -7.0002e-04
   3.0000e-01    3.0000e+00    0.0000e+00   -2.7406e+00    1.2202e+00    4.2211e-05   -1.0311e-03    1.7367e-04   -6.8285e-05
   3.0000e-01    3.0000e+00    0.0000e+00   -2.8007e+00    1.0751e+00   -1.5492e-04   -1.0176e-03    6.9366e-04   -1.2578e-04
   3.0000e-01    3.0000e+00    0.0000e+00   -2.8532e+00    9.2705e-01   -3.2103e-04   -9.7542e-04    2.2140e-04    7.6336e-05
   3.0000e-01    3.0000e+00    0.0000e+00   -2.8978e+00    7.7646e-01   -4.5735e-04   -9.1719e-04    4.3901e-04    4.8921e-04
   3.0000e-01    3.0000e+00    0.0000e+00   -2.9344e+00    6.2374e-01   -5.5748e-04   -8.5822e-04    6.1355e-05    -9.5207e-05
   3.0000e-01    3.0000e+00    0.0000e+00   -2.9631e+00    4.6930e-01   -6.3216e-04   -8.0316e-04    2.4642e-04    5.5049e-04
   3.0000e-01    3.0000e+00    0.0000e+00   -2.9836e+00    3.1359e-01   -6.7957e-04   -7.6235e-04    3.2844e-04    4.9164e-04
   3.0000e-01    3.0000e+00    0.0000e+00   -2.9959e+00    1.5701e-01   -7.0919e-04   -7.3424e-04    5.7544e-04    4.3539e-04
   3.0000e-01    3.0000e+00    0.0000e+00   -3.0000e+00    0.0000e+00   -7.2250e-04   -7.2081e-04    4.2305e-04    6.5150e-04
   3.0000e-01    3.0000e+00    0.0000e+00   -2.9959e+00   -1.5701e-01   -7.0919e-04   -7.3424e-04   -3.8893e-04    1.8385e-04
   3.0000e-01    3.0000e+00    0.0000e+00   -2.9836e+00   -3.1359e-01   -6.7957e-04   -7.6235e-04   -2.5532e-04    1.1173e-03
   3.0000e-01    3.0000e+00    0.0000e+00   -2.9631e+00   -4.6930e-01   -6.3216e-04   -8.0316e-04    1.1964e-04    7.7955e-04
   3.0000e-01    3.0000e+00    0.0000e+00   -2.9344e+00   -6.2374e-01   -5.5748e-04   -8.5822e-04   -1.0628e-03    7.0013e-04
   3.0000e-01    3.0000e+00    0.0000e+00   -2.8978e+00   -7.7646e-01   -4.5735e-04   -9.1719e-04    8.7959e-05    1.1718e-04
   3.0000e-01    3.0000e+00    0.0000e+00   -2.8532e+00   -9.2705e-01   -3.2103e-04   -9.7542e-04   -2.9247e-04    2.0661e-04
   3.0000e-01    3.0000e+00    0.0000e+00   -2.8007e+00   -1.0751e+00   -1.5492e-04   -1.0176e-03    6.9189e-04    -3.0656e-04
   3.0000e-01    3.0000e+00    0.0000e+00   -2.7406e+00   -1.2202e+00    4.2211e-05   -1.0311e-03    2.3264e-06    5.0858e-04
   3.0000e-01    3.0000e+00    0.0000e+00   -2.6730e+00   -1.3620e+00    2.6298e-04   -1.0010e-03    1.4257e-04   -2.0729e-04
   3.0000e-01    3.0000e+00    0.0000e+00   -2.5981e+00   -1.5000e+00    4.9869e-04   -9.1080e-04    5.0645e-04   -5.4926e-04
   3.0000e-01    3.0000e+00    0.0000e+00   -2.5160e+00   -1.6339e+00    7.2687e-04   -7.4705e-04    7.0468e-04   -4.8124e-04
   3.0000e-01    3.0000e+00    0.0000e+00   -2.4271e+00   -1.7634e+00    9.1390e-04   -5.0977e-04    1.0745e-03    1.0242e-04
   3.0000e-01    3.0000e+00    0.0000e+00   -2.3314e+00   -1.8880e+00    1.0309e-03   -2.0482e-04    1.6562e-03    3.9942e-04
   3.0000e-01    3.0000e+00    0.0000e+00   -2.2294e+00   -2.0074e+00    1.0445e-03    1.5764e-04    1.2610e-03    4.8363e-05
   3.0000e-01    3.0000e+00    0.0000e+00   -2.1213e+00   -2.1213e+00    9.2174e-04    5.2726e-04    5.2275e-04    9.1774e-04
   3.0000e-01    3.0000e+00    0.0000e+00   -2.0074e+00   -2.2294e+00    6.5832e-04    8.4073e-04    9.2101e-04    3.6563e-04
   3.0000e-01    3.0000e+00    0.0000e+00   -1.8880e+00   -2.3314e+00    2.7247e-04    1.0390e-03    2.1420e-04    1.3194e-03
   3.0000e-01    3.0000e+00    0.0000e+00   -1.7634e+00   -2.4271e+00   -1.9768e-04    1.0630e-03   -7.8821e-05    1.2883e-03
   3.0000e-01    3.0000e+00    0.0000e+00   -1.6339e+00   -2.5160e+00   -6.5633e-04    8.6867e-04   -1.1154e-03    5.3501e-04
   3.0000e-01    3.0000e+00    0.0000e+00   -1.5000e+00   -2.5981e+00   -9.9048e-04    4.7103e-04   -1.9512e-03    3.2679e-04
   3.0000e-01    3.0000e+00    0.0000e+00   -1.3620e+00   -2.6730e+00   -1.1034e-03   -6.3558e-05   -1.6675e-03    4.0920e-04
   3.0000e-01    3.0000e+00    0.0000e+00   -1.2202e+00   -2.7406e+00   -9.2712e-04   -6.1857e-04   -1.6431e-03   -8.5245e-04
   3.0000e-01    3.0000e+00    0.0000e+00   -1.0751e+00   -2.8007e+00   -4.7323e-04   -1.0199e-03   -1.5381e-03   -1.5766e-03
   3.0000e-01    3.0000e+00    0.0000e+00   -9.2705e-01   -2.8532e+00    1.5644e-04   -1.1239e-03   -1.9769e-04   -1.2623e-03
   3.0000e-01    3.0000e+00    0.0000e+00   -7.7646e-01   -2.8978e+00    7.5908e-04   -8.5828e-04    8.7589e-04   -1.3536e-03
   3.0000e-01    3.0000e+00    0.0000e+00   -6.2374e-01   -2.9344e+00    1.1258e-03   -2.6989e-04    3.0359e-04   -5.9649e-04
   3.0000e-01    3.0000e+00    0.0000e+00   -4.6930e-01   -2.9631e+00    1.0790e-03    4.5350e-04    9.0616e-04    1.3014e-04
   3.0000e-01    3.0000e+00    0.0000e+00   -3.1359e-01   -2.9836e+00    5.8602e-04    1.0288e-03    -1.0022e-05    9.4688e-04
   3.0000e-01    3.0000e+00    0.0000e+00   -1.5701e-01   -2.9959e+00   -1.7874e-04    1.1850e-03   -4.4176e-04    9.4926e-04
   3.0000e-01    3.0000e+00    0.0000e+00    0.0000e+00   -3.0000e+00   -8.9633e-04    8.1823e-04   -6.7747e-04    5.6746e-04
   3.0000e-01    3.0000e+00    0.0000e+00    1.5701e-01   -2.9959e+00   -1.2297e-03    3.3121e-05   -1.3444e-03    3.8870e-04
   3.0000e-01    3.0000e+00    0.0000e+00    3.1359e-01   -2.9836e+00   -9.5654e-04   -8.0100e-04   -1.0514e-03   -1.3395e-03
   3.0000e-01    3.0000e+00    0.0000e+00    4.6930e-01   -2.9631e+00   -1.6658e-04   -1.2554e-03   -2.7852e-04   -1.0855e-03
   3.0000e-01    3.0000e+00    0.0000e+00    6.2374e-01   -2.9344e+00    7.5756e-04   -1.0399e-03    6.7997e-04   -1.1942e-03
   3.0000e-01    3.0000e+00    0.0000e+00    7.7646e-01   -2.8978e+00    1.2893e-03   -2.2034e-04    1.6465e-03   -7.2256e-04
   3.0000e-01    3.0000e+00    0.0000e+00    9.2705e-01   -2.8532e+00    1.0825e-03    7.7461e-04    3.6279e-04    6.2126e-04
   3.0000e-01    3.0000e+00    0.0000e+00    1.0751e+00   -2.8007e+00    1.9048e-04    1.3427e-03    2.3163e-04    8.8899e-04
   3.0000e-01    3.0000e+00    0.0000e+00    1.2202e+00   -2.7406e+00   -8.6808e-04    1.0765e-03   -5.6634e-04    1.1221e-03
   3.0000e-01    3.0000e+00    0.0000e+00    1.3620e+00   -2.6730e+00   -1.4096e-03    7.8720e-05   -1.7982e-03    1.2801e-04
   3.0000e-01    3.0000e+00    0.0000e+00    1.5000e+00   -2.5981e+00   -1.0149e-03   -1.0260e-03   -1.0908e-03   -1.6997e-03
   3.0000e-01    3.0000e+00    0.0000e+00    1.6339e+00   -2.5160e+00    1.2244e-04   -1.4723e-03    2.9914e-04   -1.5755e-03
   3.0000e-01    3.0000e+00    0.0000e+00    1.7634e+00   -2.4271e+00    1.2379e-03   -8.7250e-04    9.6546e-04   -7.3994e-04
   3.0000e-01    3.0000e+00    0.0000e+00    1.8880e+00   -2.3314e+00    1.4992e-03    4.1292e-04    1.6926e-03    1.4395e-04
   3.0000e-01    3.0000e+00    0.0000e+00    2.0074e+00   -2.2294e+00    6.3001e-04    1.4707e-03    7.8805e-04    1.8096e-03
   3.0000e-01    3.0000e+00    0.0000e+00    2.1213e+00   -2.1213e+00   -7.9867e-04    1.4433e-03   -1.0657e-03    1.5411e-03
   3.0000e-01    3.0000e+00    0.0000e+00    2.2294e+00   -2.0074e+00   -1.6858e-03    2.5140e-04   -1.6898e-03    1.0513e-03
   3.0000e-01    3.0000e+00    0.0000e+00    2.3314e+00   -1.8880e+00   -1.2613e-03   -1.2357e-03   -1.9782e-03   -1.0466e-03
   3.0000e-01    3.0000e+00    0.0000e+00    2.4271e+00   -1.7634e+00    2.5666e-04   -1.8170e-03    1.1874e-04   -1.9540e-03
   3.0000e-01    3.0000e+00    0.0000e+00    2.5160e+00   -1.6339e+00    1.6940e-03   -8.9140e-04    2.3811e-03   -1.0267e-03
   3.0000e-01    3.0000e+00    0.0000e+00    2.5981e+00   -1.5000e+00    1.7913e-03    9.0077e-04    2.5978e-03    5.6255e-04
   3.0000e-01    2.6000e+00    1.5000e+00    3.0000e+00    0.0000e+00    1.7929e-03    8.9701e-04    2.2020e-03    2.5119e-04
   3.0000e-01    2.6000e+00    1.5000e+00    1.5000e+00    2.5981e+00    1.7992e-03    8.8287e-04    1.7677e-03    9.5844e-04
   3.0000e-01    2.6000e+00    1.5000e+00    1.3620e+00    2.6730e+00    1.6862e-03   -9.0466e-04    1.7887e-03   -7.4135e-04
   3.0000e-01    2.6000e+00    1.5000e+00    1.2202e+00    2.7406e+00    2.4186e-04   -1.8186e-03    -3.6239e-04   -9.4430e-04
   3.0000e-01    2.6000e+00    1.5000e+00    1.0751e+00    2.8007e+00   -1.2689e-03   -1.2275e-03   -1.1575e-03   -4.2592e-04
   3.0000e-01    2.6000e+00    1.5000e+00    9.2705e-01    2.8532e+00   -1.6815e-03    2.7364e-04   -1.9015e-03    5.4704e-04
   3.0000e-01    2.6000e+00    1.5000e+00    7.7646e-01    2.8978e+00   -7.8153e-04    1.4519e-03    5.6261e-04    1.2988e-03
   3.0000e-01    2.6000e+00    1.5000e+00    6.2374e-01    2.9344e+00    6.3846e-04    1.4667e-03    2.1225e-04    1.4423e-03
   3.0000e-01    2.6000e+00    1.5000e+00    4.6930e-01    2.9631e+00    1.5023e-03    4.0018e-04    1.8107e-03    8.4351e-04
   3.0000e-01    2.6000e+00    1.5000e+00    3.1359e-01    2.9836e+00    1.2268e-03   -8.8720e-04    1.8364e-03   -8.0971e-04
   3.0000e-01    2.6000e+00    1.5000e+00    1.5701e-01    2.9959e+00    1.0645e-04   -1.4730e-03    -3.8185e-04   -1.4771e-03
   3.0000e-01    2.6000e+00    1.5000e+00    0.0000e+00    3.0000e+00   -1.0295e-03   -1.0107e-03   -4.4852e-04   -6.9596e-04
   3.0000e-01    2.6000e+00    1.5000e+00   -1.5701e-01    2.9959e+00   -1.4085e-03    9.1961e-05   -2.0398e-03    1.9159e-04
   3.0000e-01    2.6000e+00    1.5000e+00   -3.1359e-01    2.9836e+00   -8.6198e-04    1.0810e-03   -2.3021e-04    1.9648e-03
   3.0000e-01    2.6000e+00    1.5000e+00   -4.6930e-01    2.9631e+00    2.0512e-04    1.3401e-03    5.1768e-04    1.5001e-03
   3.0000e-01    2.6000e+00    1.5000e+00   -6.2374e-01    2.9344e+00    1.0907e-03    7.6233e-04    7.1936e-04    4.4594e-04
   3.0000e-01    2.6000e+00    1.5000e+00   -7.7646e-01    2.8978e+00    1.2864e-03   -2.3480e-04    1.3975e-03   -8.6776e-05
   3.0000e-01    2.6000e+00    1.5000e+00   -9.2705e-01    2.8532e+00    7.4694e-04   -1.0471e-03    1.0562e-03   -1.3149e-03
   3.0000e-01    2.6000e+00    1.5000e+00   -1.0751e+00    2.8007e+00   -1.8057e-04   -1.2532e-03   -5.2910e-04   -1.6806e-03
   3.0000e-01    2.6000e+00    1.5000e+00   -1.2202e+00    2.7406e+00   -9.6513e-04   -7.9030e-04   -1.3192e-03   -7.2641e-04
   3.0000e-01    2.6000e+00    1.5000e+00   -1.3620e+00    2.6730e+00   -1.2285e-03    5.3084e-05   -2.0229e-03   -2.9536e-04
   3.0000e-01    2.6000e+00    1.5000e+00   -1.5000e+00    2.5981e+00   -8.9054e-04    8.2425e-04   -6.4467e-04    1.1371e-03
   3.0000e-01    2.6000e+00    1.5000e+00   -1.6339e+00    2.5160e+00   -1.6376e-04    1.1868e-03   -6.2762e-05    1.2686e-03
   3.0000e-01    2.6000e+00    1.5000e+00   -1.7634e+00    2.4271e+00    6.0493e-04    1.0173e-03    5.2531e-04    4.1127e-04
   3.0000e-01    2.6000e+00    1.5000e+00   -1.8880e+00    2.3314e+00    1.0863e-03    4.3454e-04    8.9993e-04    6.6534e-04
   3.0000e-01    2.6000e+00    1.5000e+00   -2.0074e+00    2.2294e+00    1.1227e-03   -2.8146e-04    1.5683e-03   -4.5535e-04
   3.0000e-01    2.6000e+00    1.5000e+00   -2.1213e+00    2.1213e+00    7.5188e-04   -8.6435e-04    2.0823e-03   -1.2371e-03
   3.0000e-01    2.6000e+00    1.5000e+00   -2.2294e+00    2.0074e+00    1.3736e-04   -1.1261e-03    4.4597e-04   -1.3634e-03
   3.0000e-01    2.6000e+00    1.5000e+00   -2.3314e+00    1.8880e+00   -4.9042e-04   -1.0112e-03   -4.9703e-04   -4.7254e-04
   3.0000e-01    2.6000e+00    1.5000e+00   -2.4271e+00    1.7634e+00   -9.3491e-04   -6.0601e-04   -2.8095e-04   -1.4415e-03
   3.0000e-01    2.6000e+00    1.5000e+00   -2.5160e+00    1.6339e+00   -1.1037e-03   -5.5297e-05   -1.1608e-03   -1.6087e-04
   3.0000e-01    2.6000e+00    1.5000e+00   -2.5981e+00    1.5000e+00   -9.8379e-04    4.8397e-04   -5.8516e-04    -2.4302e-04
   3.0000e-01    2.6000e+00    1.5000e+00   -2.6730e+00    1.3620e+00   -6.4232e-04    8.7864e-04   -1.3803e-03    1.4141e-07
   3.0000e-01    2.6000e+00    1.5000e+00   -2.7406e+00    1.2202e+00   -1.8553e-04    1.0650e-03   -8.5586e-05    9.3646e-04
   3.0000e-01    2.6000e+00    1.5000e+00   -2.8007e+00    1.0751e+00    2.7941e-04    1.0371e-03    5.5013e-04    7.3324e-04
   3.0000e-01    2.6000e+00    1.5000e+00   -2.8532e+00    9.2705e-01    6.6882e-04    8.3204e-04    3.6112e-04    1.3830e-04
   3.0000e-01    2.6000e+00    1.5000e+00   -2.8978e+00    7.7646e-01    9.3042e-04    5.1102e-04    1.2244e-03    8.0812e-04
   3.0000e-01    2.6000e+00    1.5000e+00   -2.9344e+00    6.2374e-01    1.0458e-03    1.4689e-04    1.6048e-03    6.9449e-04
   3.0000e-01    2.6000e+00    1.5000e+00   -2.9631e+00    4.6930e-01    1.0293e-03   -2.1214e-04    1.1558e-03    6.3977e-04
   3.0000e-01    2.6000e+00    1.5000e+00   -2.9836e+00    3.1359e-01    9.0911e-04   -5.1803e-04    1.0683e-03   -3.3115e-04
   3.0000e-01    2.6000e+00    1.5000e+00   -2.9959e+00    1.5701e-01    7.1774e-04   -7.5562e-04    7.4505e-04   -4.4934e-04
   3.0000e-01    2.6000e+00    1.5000e+00   -3.0000e+00    0.0000e+00    4.8474e-04   -9.1813e-04    -9.4395e-05   -2.4565e-04
   3.0000e-01    2.6000e+00    1.5000e+00   -2.9959e+00   -1.5701e-01    2.5568e-04   -1.0028e-03    5.9532e-04   -4.4302e-04
   3.0000e-01    2.6000e+00    1.5000e+00   -2.9836e+00   -3.1359e-01    3.4806e-05   -1.0312e-03    1.7899e-05   -1.1887e-04
   3.0000e-01    2.6000e+00    1.5000e+00   -2.9631e+00   -4.6930e-01   -1.6660e-04   -1.0155e-03    7.4412e-04   -1.6311e-04
   3.0000e-01    2.6000e+00    1.5000e+00   -2.9344e+00   -6.2374e-01   -3.3277e-04   -9.7141e-04   -2.5665e-04   -2.9941e-04
   3.0000e-01    2.6000e+00    1.5000e+00   -2.8978e+00   -7.7646e-01   -4.6719e-04   -9.1211e-04   -2.1967e-04    -4.4868e-04
   3.0000e-01    2.6000e+00    1.5000e+00   -2.8532e+00   -9.2705e-01   -5.6536e-04   -8.5288e-04   -3.3957e-04    1.4738e-04
   3.0000e-01    2.6000e+00    1.5000e+00   -2.8007e+00   -1.0751e+00   -6.4018e-04   -7.9672e-04    3.3171e-04    5.5991e-04
   3.0000e-01    2.6000e+00    1.5000e+00   -2.7406e+00   -1.2202e+00   -6.8973e-04   -7.5306e-04   -2.3546e-05    -1.0893e-05
   3.0000e-01    2.6000e+00    1.5000e+00   -2.6730e+00   -1.3620e+00   -7.1986e-04   -7.2346e-04   -1.8946e-04    -1.4413e-04
   3.0000e-01    2.6000e+00    1.5000e+00   -2.5981e+00   -1.5000e+00   -7.2759e-04   -7.1560e-04   -3.3607e-04    4.4009e-04
   3.0000e-01    2.6000e+00    1.5000e+00   -2.5160e+00   -1.6339e+00   -7.1621e-04   -7.2733e-04   -7.3743e-04    1.0023e-03
   3.0000e-01    2.6000e+00    1.5000e+00   -2.4271e+00   -1.7634e+00   -6.8991e-04   -7.5288e-04   -2.0798e-04    -5.3220e-04
   3.0000e-01    2.6000e+00    1.5000e+00   -2.3314e+00   -1.8880e+00   -6.4391e-04   -7.9355e-04   -1.6770e-04    -5.3302e-05
   3.0000e-01    2.6000e+00    1.5000e+00   -2.2294e+00   -2.0074e+00   -5.6603e-04   -8.5245e-04   -3.0778e-04    1.6701e-04
   3.0000e-01    2.6000e+00    1.5000e+00   -2.1213e+00   -2.1213e+00   -4.6059e-04   -9.1562e-04   -6.4392e-05   -9.0041e-04
   3.0000e-01    2.6000e+00    1.5000e+00   -2.0074e+00   -2.2294e+00   -3.3049e-04   -9.7226e-04   -5.2359e-04    3.8699e-05
   3.0000e-01    2.6000e+00    1.5000e+00   -1.8880e+00   -2.3314e+00   -1.6975e-04   -1.0150e-03    5.6061e-04    3.5237e-04
   3.0000e-01    2.6000e+00    1.5000e+00   -1.7634e+00   -2.4271e+00    3.2403e-05   -1.0313e-03    9.3901e-04   -1.2297e-03
   3.0000e-01    2.6000e+00    1.5000e+00   -1.6339e+00   -2.5160e+00    2.5896e-04   -1.0020e-03    7.6131e-04   -1.2208e-03
   3.0000e-01    2.6000e+00    1.5000e+00   -1.5000e+00   -2.5981e+00    4.9173e-04   -9.1455e-04    1.2997e-03   -3.8833e-04
   3.0000e-01    2.6000e+00    1.5000e+00   -1.3620e+00   -2.6730e+00    7.1703e-04   -7.5625e-04    4.6820e-04    3.6075e-04
   3.0000e-01    2.6000e+00    1.5000e+00   -1.2202e+00   -2.7406e+00    9.1049e-04   -5.1596e-04    1.3148e-03   -9.4190e-04
   3.0000e-01    2.6000e+00    1.5000e+00   -1.0751e+00   -2.8007e+00    1.0306e-03   -2.0695e-04    1.2792e-03    -2.6127e-04
   3.0000e-01    2.6000e+00    1.5000e+00   -9.2705e-01   -2.8532e+00    1.0450e-03    1.5364e-04    1.1980e-03    1.3743e-04
   3.0000e-01    2.6000e+00    1.5000e+00   -7.7646e-01   -2.8978e+00    9.2785e-04    5.1601e-04    1.5280e-03    8.0879e-05
   3.0000e-01    2.6000e+00    1.5000e+00   -6.2374e-01   -2.9344e+00    6.6498e-04    8.3541e-04    8.3261e-04    1.5720e-03
   3.0000e-01    2.6000e+00    1.5000e+00   -4.6930e-01   -2.9631e+00    2.7365e-04    1.0388e-03    -2.8048e-05    1.1247e-03
   3.0000e-01    2.6000e+00    1.5000e+00   -3.1359e-01   -2.9836e+00   -1.9724e-04    1.0630e-03   -1.5078e-04    7.7055e-04
   3.0000e-01    2.6000e+00    1.5000e+00   -1.5701e-01   -2.9959e+00   -6.5106e-04    8.7255e-04   -4.7951e-04    8.4563e-04
   3.0000e-01    2.6000e+00    1.5000e+00    0.0000e+00   -3.0000e+00   -9.8520e-04    4.8154e-04   -1.4609e-03    1.0592e-03
   3.0000e-01    2.6000e+00    1.5000e+00    1.5701e-01   -2.9959e+00   -1.1035e-03   -6.2410e-05   -9.7166e-04   -2.3252e-04
   3.0000e-01    2.6000e+00    1.5000e+00    3.1359e-01   -2.9836e+00   -9.3007e-04   -6.1379e-04   -1.3869e-03   -1.0296e-03
   3.0000e-01    2.6000e+00    1.5000e+00    4.6930e-01   -2.9631e+00   -4.7914e-04   -1.0169e-03   -2.8153e-04   -1.1976e-03
   3.0000e-01    2.6000e+00    1.5000e+00    6.2374e-01   -2.9344e+00    1.4886e-04   -1.1248e-03    4.7794e-06   -1.3214e-03
   3.0000e-01    2.6000e+00    1.5000e+00    7.7646e-01   -2.8978e+00    7.5473e-04   -8.6193e-04    6.2070e-04   -1.0288e-03
   3.0000e-01    2.6000e+00    1.5000e+00    9.2705e-01   -2.8532e+00    1.1245e-03   -2.7469e-04    9.9960e-04   -4.6175e-04
   3.0000e-01    2.6000e+00    1.5000e+00    1.0751e+00   -2.8007e+00    1.0809e-03    4.4881e-04    9.3644e-04    5.9452e-04
   3.0000e-01    2.6000e+00    1.5000e+00    1.2202e+00   -2.7406e+00    5.9562e-04    1.0231e-03    5.3947e-05    6.0136e-04
   3.0000e-01    2.6000e+00    1.5000e+00    1.3620e+00   -2.6730e+00   -1.7128e-04    1.1858e-03   -1.0591e-03    8.2237e-04
   3.0000e-01    2.6000e+00    1.5000e+00    1.5000e+00   -2.5981e+00   -8.9682e-04    8.1751e-04   -1.8300e-03    1.0714e-03
   3.0000e-01    2.6000e+00    1.5000e+00    1.6339e+00   -2.5160e+00   -1.2295e-03    3.6530e-05   -1.8303e-03    5.6528e-04
   3.0000e-01    2.6000e+00    1.5000e+00    1.7634e+00   -2.4271e+00   -9.5842e-04   -7.9852e-04   -6.9535e-04   -8.4318e-04
   3.0000e-01    2.6000e+00    1.5000e+00    1.8880e+00   -2.3314e+00   -1.7340e-04   -1.2542e-03   -1.3617e-03   -1.4436e-03
   3.0000e-01    2.6000e+00    1.5000e+00    2.0074e+00   -2.2294e+00    7.5145e-04   -1.0441e-03    1.2224e-04   -1.6525e-03
   3.0000e-01    2.6000e+00    1.5000e+00    2.1213e+00   -2.1213e+00    1.2896e-03   -2.1856e-04    6.0623e-04   -1.6068e-04
   3.0000e-01    2.6000e+00    1.5000e+00    2.2294e+00   -2.0074e+00    1.0814e-03    7.7600e-04    3.4006e-04    4.3098e-04
   3.0000e-01    2.6000e+00    1.5000e+00    2.3314e+00   -1.8880e+00    1.9757e-04    1.3413e-03   -6.2705e-04    1.9526e-03
   3.0000e-01    2.6000e+00    1.5000e+00    2.4271e+00   -1.7634e+00   -8.6586e-04    1.0780e-03   -1.4254e-03    6.8253e-04
   3.0000e-01    2.6000e+00    1.5000e+00    2.5160e+00   -1.6339e+00   -1.4095e-03    7.8570e-05   -2.0024e-03    3.3457e-04
   3.0000e-01    2.6000e+00    1.5000e+00    2.5981e+00   -1.5000e+00   -1.0140e-03   -1.0270e-03   -1.6709e-03   -9.7344e-04
   3.0000e-01    2.6000e+00    1.5000e+00    2.6730e+00   -1.3620e+00    1.1651e-04   -1.4724e-03    5.3154e-05   -1.3466e-03
   3.0000e-01    2.6000e+00    1.5000e+00    2.7406e+00   -1.2202e+00    1.2384e-03   -8.7194e-04    1.4951e-03   -1.2705e-03
   3.0000e-01    2.6000e+00    1.5000e+00    2.8007e+00   -1.0751e+00    1.4983e-03    4.1698e-04    1.7239e-03    -1.0813e-04
   3.0000e-01    2.6000e+00    1.5000e+00    2.8532e+00   -9.2705e-01    6.2070e-04    1.4748e-03    3.4156e-04    1.6639e-03
   3.0000e-01    2.6000e+00    1.5000e+00    2.8978e+00   -7.7646e-01   -7.9776e-04    1.4436e-03   -5.4442e-04    1.1450e-03
   3.0000e-01    2.6000e+00    1.5000e+00    2.9344e+00   -6.2374e-01   -1.6852e-03    2.5429e-04   -2.1188e-03    1.3006e-04
   3.0000e-01    2.6000e+00    1.5000e+00    2.9631e+00   -4.6930e-01   -1.2553e-03   -1.2422e-03   -1.4054e-03   -1.9630e-03
   3.0000e-01    2.6000e+00    1.5000e+00    2.9836e+00   -3.1359e-01    2.7172e-04   -1.8154e-03    1.8475e-04   -2.1267e-03
   3.0000e-01    2.6000e+00    1.5000e+00    2.9959e+00   -1.5701e-01    1.6972e-03   -8.8578e-04    1.1173e-03   -1.1835e-03
   3.0000e-01    1.5000e+00    2.6000e+00    3.0000e+00    0.0000e+00   -1.0295e-03   -1.0107e-03   -7.2505e-04   -1.0830e-03
   3.0000e-01    1.5000e+00    2.6000e+00    2.9959e+00    1.5701e-01    1.0645e-04   -1.4730e-03    7.7377e-04   -1.0917e-03
   3.0000e-01    1.5000e+00    2.6000e+00    2.9836e+00    3.1359e-01    1.2268e-03   -8.8720e-04    1.3012e-03   -9.9129e-04
   3.0000e-01    1.5000e+00    2.6000e+00    2.9631e+00    4.6930e-01    1.5023e-03    4.0018e-04    2.0870e-03    -2.9141e-05
   3.0000e-01    1.5000e+00    2.6000e+00    2.9344e+00    6.2374e-01    6.3846e-04    1.4667e-03    8.4362e-04    1.3643e-03
   3.0000e-01    1.5000e+00    2.6000e+00    2.8978e+00    7.7646e-01   -7.8153e-04    1.4519e-03   -4.2460e-04    1.6569e-03
   3.0000e-01    1.5000e+00    2.6000e+00    2.8532e+00    9.2705e-01   -1.6815e-03    2.7364e-04   -1.3461e-03    8.1679e-04
   3.0000e-01    1.5000e+00    2.6000e+00    2.8007e+00    1.0751e+00   -1.2689e-03   -1.2275e-03   -8.7703e-04   -1.2461e-03
   3.0000e-01    1.5000e+00    2.6000e+00    2.7406e+00    1.2202e+00    2.4186e-04   -1.8186e-03    6.8760e-05   -1.4610e-03
   3.0000e-01    1.5000e+00    2.6000e+00    2.6730e+00    1.3620e+00    1.6862e-03   -9.0466e-04    2.1437e-03   -2.8872e-04
   3.0000e-01    1.5000e+00    2.6000e+00    2.5981e+00    1.5000e+00    1.7992e-03    8.8287e-04    1.7459e-03    9.4491e-04
   3.0000e-01    1.5000e+00    2.6000e+00    0.0000e+00    3.0000e+00    1.7929e-03    8.9701e-04    2.1666e-03    9.6742e-04
   3.0000e-01    1.5000e+00    2.6000e+00   -1.5701e-01    2.9959e+00    1.6972e-03   -8.8578e-04    2.1368e-03   -1.4220e-03
   3.0000e-01    1.5000e+00    2.6000e+00   -3.1359e-01    2.9836e+00    2.7172e-04   -1.8154e-03    1.0565e-03   -1.4551e-03
   3.0000e-01    1.5000e+00    2.6000e+00   -4.6930e-01    2.9631e+00   -1.2553e-03   -1.2422e-03   -3.2078e-04   -2.8308e-04
   3.0000e-01    1.5000e+00    2.6000e+00   -6.2374e-01    2.9344e+00   -1.6852e-03    2.5429e-04   -1.2688e-03    3.4363e-04
   3.0000e-01    1.5000e+00    2.6000e+00   -7.7646e-01    2.8978e+00   -7.9776e-04    1.4436e-03   -2.3362e-04    2.2677e-03
   3.0000e-01    1.5000e+00    2.6000e+00   -9.2705e-01    2.8532e+00    6.2070e-04    1.4748e-03    5.4413e-04    1.7356e-03
   3.0000e-01    1.5000e+00    2.6000e+00   -1.0751e+00    2.8007e+00    1.4983e-03    4.1698e-04    1.5300e-03    -5.0060e-04
   3.0000e-01    1.5000e+00    2.6000e+00   -1.2202e+00    2.7406e+00    1.2384e-03   -8.7194e-04    1.0645e-03   -1.3597e-03
   3.0000e-01    1.5000e+00    2.6000e+00   -1.3620e+00    2.6730e+00    1.1651e-04   -1.4724e-03    1.1033e-03   -1.7943e-03
   3.0000e-01    1.5000e+00    2.6000e+00   -1.5000e+00    2.5981e+00   -1.0140e-03   -1.0270e-03   -5.3105e-04   -1.4880e-03
   3.0000e-01    1.5000e+00    2.6000e+00   -1.6339e+00    2.5160e+00   -1.4095e-03    7.8570e-05   -6.3229e-04    -3.8821e-04
   3.0000e-01    1.5000e+00    2.6000e+00   -1.7634e+00    2.4271e+00   -8.6586e-04    1.0780e-03    1.4741e-04    6.1902e-04
   3.0000e-01    1.5000e+00    2.6000e+00   -1.8880e+00    2.3314e+00    1.9757e-04    1.3413e-03    3.8573e-04    1.2701e-03
   3.0000e-01    1.5000e+00    2.6000e+00   -2.0074e+00    2.2294e+00    1.0814e-03    7.7600e-04    1.5234e-03    1.1682e-03
   3.0000e-01    1.5000e+00    2.6000e+00   -2.1213e+00    2.1213e+00    1.2896e-03   -2.1856e-04    1.7173e-03   -8.4799e-04
   3.0000e-01    1.5000e+00    2.6000e+00   -2.2294e+00    2.0074e+00    7.5145e-04   -1.0441e-03    8.6520e-04   -1.4612e-03
   3.0000e-01    1.5000e+00    2.6000e+00   -2.3314e+00    1.8880e+00   -1.7340e-04   -1.2542e-03    3.6467e-04   -1.3340e-03
   3.0000e-01    1.5000e+00    2.6000e+00   -2.4271e+00    1.7634e+00   -9.5842e-04   -7.9852e-04   -8.0057e-04   -7.1161e-04
   3.0000e-01    1.5000e+00    2.6000e+00   -2.5160e+00    1.6339e+00   -1.2295e-03    3.6530e-05   -1.2890e-03   -2.6898e-04
   3.0000e-01    1.5000e+00    2.6000e+00   -2.5981e+00    1.5000e+00   -8.9682e-04    8.1751e-04   -7.5223e-04    1.1329e-03
   3.0000e-01    1.5000e+00    2.6000e+00   -2.6730e+00    1.3620e+00   -1.7128e-04    1.1858e-03   -1.9356e-04    7.9069e-04
   3.0000e-01    1.5000e+00    2.6000e+00   -2.7406e+00    1.2202e+00    5.9562e-04    1.0231e-03    1.5843e-04    1.0250e-03
   3.0000e-01    1.5000e+00    2.6000e+00   -2.8007e+00    1.0751e+00    1.0809e-03    4.4881e-04    7.6401e-04    3.3372e-04
   3.0000e-01    1.5000e+00    2.6000e+00   -2.8532e+00    9.2705e-01    1.1245e-03   -2.7469e-04    2.6481e-04   -1.0648e-04
   3.0000e-01    1.5000e+00    2.6000e+00   -2.8978e+00    7.7646e-01    7.5473e-04   -8.6193e-04    7.0295e-05   -1.3547e-03
   3.0000e-01    1.5000e+00    2.6000e+00   -2.9344e+00    6.2374e-01    1.4886e-04   -1.1248e-03    3.3671e-04   -1.7957e-03
   3.0000e-01    1.5000e+00    2.6000e+00   -2.9631e+00    4.6930e-01   -4.7914e-04   -1.0169e-03   -7.4288e-04   -1.1166e-03
   3.0000e-01    1.5000e+00    2.6000e+00   -2.9836e+00    3.1359e-01   -9.3007e-04   -6.1379e-04   -1.5526e-03   -1.9011e-04
   3.0000e-01    1.5000e+00    2.6000e+00   -2.9959e+00    1.5701e-01   -1.1035e-03   -6.2410e-05   -7.8491e-04   -8.3977e-04
   3.0000e-01    1.5000e+00    2.6000e+00   -3.0000e+00    0.0000e+00   -9.8520e-04    4.8154e-04   -1.7712e-03    8.1062e-04
   3.0000e-01    1.5000e+00    2.6000e+00   -2.9959e+00   -1.5701e-01   -6.5106e-04    8.7255e-04   -1.3636e-03    8.0729e-04
   3.0000e-01    1.5000e+00    2.6000e+00   -2.9836e+00   -3.1359e-01   -1.9724e-04    1.0630e-03   -3.4057e-04    1.4680e-03
   3.0000e-01    1.5000e+00    2.6000e+00   -2.9631e+00   -4.6930e-01    2.7365e-04    1.0388e-03    3.5582e-05    1.2840e-03
   3.0000e-01    1.5000e+00    2.6000e+00   -2.9344e+00   -6.2374e-01    6.6498e-04    8.3541e-04    2.6441e-04    1.5991e-03
   3.0000e-01    1.5000e+00    2.6000e+00   -2.8978e+00   -7.7646e-01    9.2785e-04    5.1601e-04    6.8813e-04    9.8670e-04
   3.0000e-01    1.5000e+00    2.6000e+00   -2.8532e+00   -9.2705e-01    1.0450e-03    1.5364e-04    8.5789e-04    6.0223e-04
   3.0000e-01    1.5000e+00    2.6000e+00   -2.8007e+00   -1.0751e+00    1.0306e-03   -2.0695e-04    1.0393e-03    2.0534e-04
   3.0000e-01    1.5000e+00    2.6000e+00   -2.7406e+00   -1.2202e+00    9.1049e-04   -5.1596e-04    6.6906e-04    3.2086e-04
   3.0000e-01    1.5000e+00    2.6000e+00   -2.6730e+00   -1.3620e+00    7.1703e-04   -7.5625e-04    1.4657e-03   -6.9529e-05
   3.0000e-01    1.5000e+00    2.6000e+00   -2.5981e+00   -1.5000e+00    4.9173e-04   -9.1455e-04    1.0538e-03    5.2223e-05
   3.0000e-01    1.5000e+00    2.6000e+00   -2.5160e+00   -1.6339e+00    2.5896e-04   -1.0020e-03    9.6437e-04   -1.8581e-04
   3.0000e-01    1.5000e+00    2.6000e+00   -2.4271e+00   -1.7634e+00    3.2403e-05   -1.0313e-03    5.3896e-04    4.0168e-05
   3.0000e-01    1.5000e+00    2.6000e+00   -2.3314e+00   -1.8880e+00   -1.6975e-04   -1.0150e-03    3.5159e-04   -6.0144e-04
   3.0000e-01    1.5000e+00    2.6000e+00   -2.2294e+00   -2.0074e+00   -3.3049e-04   -9.7226e-04    2.3024e-04   -8.6940e-04
   3.0000e-01    1.5000e+00    2.6000e+00   -2.1213e+00   -2.1213e+00   -4.6059e-04   -9.1562e-04    1.4010e-04    8.3851e-05
   3.0000e-01    1.5000e+00    2.6000e+00   -2.0074e+00   -2.2294e+00   -5.6603e-04   -8.5245e-04    5.5353e-04    6.3563e-05
   3.0000e-01    1.5000e+00    2.6000e+00   -1.8880e+00   -2.3314e+00   -6.4391e-04   -7.9355e-04    4.0209e-04    7.1871e-05
   3.0000e-01    1.5000e+00    2.6000e+00   -1.7634e+00   -2.4271e+00   -6.8991e-04   -7.5288e-04    -3.5556e-04    -4.1378e-04
   3.0000e-01    1.5000e+00    2.6000e+00   -1.6339e+00   -2.5160e+00   -7.1621e-04   -7.2733e-04    -3.4467e-04    -3.7278e-04
   3.0000e-01    1.5000e+00    2.6000e+00   -1.5000e+00   -2.5981e+00   -7.2759e-04   -7.1560e-04    2.6111e-04    6.3308e-05
   3.0000e-01    1.5000e+00    2.6000e+00   -1.3620e+00   -2.6730e+00   -7.1986e-04   -7.2346e-04    2.4505e-04    1.4270e-04
   3.0000e-01    1.5000e+00    2.6000e+00   -1.2202e+00   -2.7406e+00   -6.8973e-04   -7.5306e-04    4.3993e-04    4.6416e-04
   3.0000e-01    1.5000e+00    2.6000e+00   -1.0751e+00   -2.8007e+00   -6.4018e-04   -7.9672e-04    -1.7127e-04   -1.1241e-04
   3.0000e-01    1.5000e+00    2.6000e+00   -9.2705e-01   -2.8532e+00   -5.6536e-04   -8.5288e-04    -8.7714e-05   -7.1101e-04
   3.0000e-01    1.5000e+00    2.6000e+00   -7.7646e-01   -2.8978e+00   -4.6719e-04   -9.1211e-04    4.2651e-04    2.5016e-04
   3.0000e-01    1.5000e+00    2.6000e+00   -6.2374e-01   -2.9344e+00   -3.3277e-04   -9.7141e-04    2.5002e-04   -4.8488e-04
   3.0000e-01    1.5000e+00    2.6000e+00   -4.6930e-01   -2.9631e+00   -1.6660e-04   -1.0155e-03    7.6972e-04   -1.2735e-03
   3.0000e-01    1.5000e+00    2.6000e+00   -3.1359e-01   -2.9836e+00    3.4806e-05   -1.0312e-03    5.5563e-04   -3.9526e-04
   3.0000e-01    1.5000e+00    2.6000e+00   -1.5701e-01   -2.9959e+00    2.5568e-04   -1.0028e-03    4.1988e-04    5.5386e-05
   3.0000e-01    1.5000e+00    2.6000e+00    0.0000e+00   -3.0000e+00    4.8474e-04   -9.1813e-04    1.1536e-03   -5.3484e-04
   3.0000e-01    1.5000e+00    2.6000e+00    1.5701e-01   -2.9959e+00    7.1774e-04   -7.5562e-04    8.9955e-04   -4.6775e-04
   3.0000e-01    1.5000e+00    2.6000e+00    3.1359e-01   -2.9836e+00    9.0911e-04   -5.1803e-04    8.4221e-04   -6.2568e-04
   3.0000e-01    1.5000e+00    2.6000e+00    4.6930e-01   -2.9631e+00    1.0293e-03   -2.1214e-04    1.5887e-03    5.1520e-04
   3.0000e-01    1.5000e+00    2.6000e+00    6.2374e-01   -2.9344e+00    1.0458e-03    1.4689e-04    1.2960e-03    2.8052e-05
   3.0000e-01    1.5000e+00    2.6000e+00    7.7646e-01   -2.8978e+00    9.3042e-04    5.1102e-04    1.5781e-03    1.5116e-03
   3.0000e-01    1.5000e+00    2.6000e+00    9.2705e-01   -2.8532e+00    6.6882e-04    8.3204e-04    5.1682e-04    7.0404e-04
   3.0000e-01    1.5000e+00    2.6000e+00    1.0751e+00   -2.8007e+00    2.7941e-04    1.0371e-03   -3.5050e-04    1.3731e-03
   3.0000e-01    1.5000e+00    2.6000e+00    1.2202e+00   -2.7406e+00   -1.8553e-04    1.0650e-03   -9.0613e-04    1.1983e-03
   3.0000e-01    1.5000e+00    2.6000e+00    1.3620e+00   -2.6730e+00   -6.4232e-04    8.7864e-04   -6.7239e-04    4.2897e-04
   3.0000e-01    1.5000e+00    2.6000e+00    1.5000e+00   -2.5981e+00   -9.8379e-04    4.8397e-04   -7.2397e-04    1.1704e-03
   3.0000e-01    1.5000e+00    2.6000e+00    1.6339e+00   -2.5160e+00   -1.1037e-03   -5.5297e-05   -2.1150e-03    -5.1566e-04
   3.0000e-01    1.5000e+00    2.6000e+00    1.7634e+00   -2.4271e+00   -9.3491e-04   -6.0601e-04   -1.6207e-03   -9.3597e-04
   3.0000e-01    1.5000e+00    2.6000e+00    1.8880e+00   -2.3314e+00   -4.9042e-04   -1.0112e-03   -1.1914e-03   -1.9355e-03
   3.0000e-01    1.5000e+00    2.6000e+00    2.0074e+00   -2.2294e+00    1.3736e-04   -1.1261e-03   -5.6132e-04   -4.0578e-04
   3.0000e-01    1.5000e+00    2.6000e+00    2.1213e+00   -2.1213e+00    7.5188e-04   -8.6435e-04    -2.8021e-04   -9.3455e-04
   3.0000e-01    1.5000e+00    2.6000e+00    2.2294e+00   -2.0074e+00    1.1227e-03   -2.8146e-04    -3.5487e-05   -6.2499e-06
   3.0000e-01    1.5000e+00    2.6000e+00    2.3314e+00   -1.8880e+00    1.0863e-03    4.3454e-04    4.3251e-04    1.2066e-03
   3.0000e-01    1.5000e+00    2.6000e+00    2.4271e+00   -1.7634e+00    6.0493e-04    1.0173e-03    1.5202e-04    9.1795e-04
   3.0000e-01    1.5000e+00    2.6000e+00    2.5160e+00   -1.6339e+00   -1.6376e-04    1.1868e-03   -4.3889e-04    1.0423e-03
   3.0000e-01    1.5000e+00    2.6000e+00    2.5981e+00   -1.5000e+00   -8.9054e-04    8.2425e-04   -1.8219e-03    9.9526e-04
   3.0000e-01    1.5000e+00    2.6000e+00    2.6730e+00   -1.3620e+00   -1.2285e-03    5.3084e-05   -1.6557e-03    1.8376e-04
   3.0000e-01    1.5000e+00    2.6000e+00    2.7406e+00   -1.2202e+00   -9.6513e-04   -7.9030e-04   -1.1145e-03   -9.0479e-04
   3.0000e-01    1.5000e+00    2.6000e+00    2.8007e+00   -1.0751e+00   -1.8057e-04   -1.2532e-03   -2.3895e-04   -5.0709e-04
   3.0000e-01    1.5000e+00    2.6000e+00    2.8532e+00   -9.2705e-01    7.4694e-04   -1.0471e-03    1.8653e-04   -2.8929e-04
   3.0000e-01    1.5000e+00    2.6000e+00    2.8978e+00   -7.7646e-01    1.2864e-03   -2.3480e-04    1.1276e-03   -4.1091e-04
   3.0000e-01    1.5000e+00    2.6000e+00    2.9344e+00   -6.2374e-01    1.0907e-03    7.6233e-04    2.0125e-03    9.4463e-04
   3.0000e-01    1.5000e+00    2.6000e+00    2.9631e+00   -4.6930e-01    2.0512e-04    1.3401e-03    7.9638e-04    1.7819e-03
   3.0000e-01    1.5000e+00    2.6000e+00    2.9836e+00   -3.1359e-01   -8.6198e-04    1.0810e-03   -1.3606e-03    1.2676e-03
   3.0000e-01    1.5000e+00    2.6000e+00    2.9959e+00   -1.5701e-01   -1.4085e-03    9.1961e-05   -1.4156e-03    -2.6831e-04
   3.0000e-01    0.0000e+00    3.0000e+00    3.0000e+00    0.0000e+00   -8.9633e-04    8.1823e-04   -1.7021e-03    1.0574e-03
   3.0000e-01    0.0000e+00    3.0000e+00    2.9959e+00    1.5701e-01   -1.2297e-03    3.3121e-05   -1.1301e-03    3.7686e-04
   3.0000e-01    0.0000e+00    3.0000e+00    2.9836e+00    3.1359e-01   -9.5654e-04   -8.0100e-04   -1.1781e-03   -9.1032e-04
   3.0000e-01    0.0000e+00    3.0000e+00    2.9631e+00    4.6930e-01   -1.6658e-04   -1.2554e-03   -6.2441e-04   -1.2768e-03
   3.0000e-01    0.0000e+00    3.0000e+00    2.9344e+00    6.2374e-01    7.5756e-04   -1.0399e-03    3.0505e-04   -9.3347e-04
   3.0000e-01    0.0000e+00    3.0000e+00    2.8978e+00    7.7646e-01    1.2893e-03   -2.2034e-04    1.2436e-03   -3.8116e-04
   3.0000e-01    0.0000e+00    3.0000e+00    2.8532e+00    9.2705e-01    1.0825e-03    7.7461e-04    9.8397e-04    6.5850e-04
   3.0000e-01    0.0000e+00    3.0000e+00    2.8007e+00    1.0751e+00    1.9048e-04    1.3427e-03    2.0682e-04    1.6981e-03
   3.0000e-01    0.0000e+00    3.0000e+00    2.7406e+00    1.2202e+00   -8.6808e-04    1.0765e-03   -7.5277e-04    1.4111e-03
   3.0000e-01    0.0000e+00    3.0000e+00    2.6730e+00    1.3620e+00   -1.4096e-03    7.8720e-05   -1.9539e-03    8.3891e-05
   3.0000e-01    0.0000e+00    3.0000e+00    2.5981e+00    1.5000e+00   -1.0149e-03   -1.0260e-03   -7.9940e-04   -6.4346e-04
   3.0000e-01    0.0000e+00    3.0000e+00    2.5160e+00    1.6339e+00    1.2244e-04   -1.4723e-03    -3.3828e-04   -1.2790e-03
   3.0000e-01    0.0000e+00    3.0000e+00    2.4271e+00    1.7634e+00    1.2379e-03   -8.7250e-04    1.8688e-03   -8.1442e-04
   3.0000e-01    0.0000e+00    3.0000e+00    2.3314e+00    1.8880e+00    1.4992e-03    4.1292e-04    1.6711e-03    7.0121e-04
   3.0000e-01    0.0000e+00    3.0000e+00    2.2294e+00    2.0074e+00    6.3001e-04    1.4707e-03    9.6149e-04    1.8394e-03
   3.0000e-01    0.0000e+00    3.0000e+00    2.1213e+00    2.1213e+00   -7.9867e-04    1.4433e-03   -5.0338e-04    1.6116e-03
   3.0000e-01    0.0000e+00    3.0000e+00    2.0074e+00    2.2294e+00   -1.6858e-03    2.5140e-04   -1.6841e-03    2.9396e-04
   3.0000e-01    0.0000e+00    3.0000e+00    1.8880e+00    2.3314e+00   -1.2613e-03   -1.2357e-03   -4.6323e-04   -1.2090e-03
   3.0000e-01    0.0000e+00    3.0000e+00    1.7634e+00    2.4271e+00    2.5666e-04   -1.8170e-03    5.4272e-04   -1.8975e-03
   3.0000e-01    0.0000e+00    3.0000e+00    1.6339e+00    2.5160e+00    1.6940e-03   -8.9140e-04    2.3641e-03   -1.1067e-03
   3.0000e-01    0.0000e+00    3.0000e+00    1.5000e+00    2.5981e+00    1.7913e-03    9.0077e-04    2.5295e-03    6.5567e-04
   3.0000e-01    0.0000e+00    3.0000e+00   -1.5000e+00    2.5981e+00    1.7913e-03    9.0077e-04    1.7862e-03    1.0873e-03
   3.0000e-01    0.0000e+00    3.0000e+00   -1.6339e+00    2.5160e+00    1.6940e-03   -8.9140e-04    2.1160e-03   -6.7154e-04
   3.0000e-01    0.0000e+00    3.0000e+00   -1.7634e+00    2.4271e+00    2.5666e-04   -1.8170e-03    1.0076e-03   -1.8677e-03
   3.0000e-01    0.0000e+00    3.0000e+00   -1.8880e+00    2.3314e+00   -1.2613e-03   -1.2357e-03   -7.6916e-04   -1.4755e-03
   3.0000e-01    0.0000e+00    3.0000e+00   -2.0074e+00    2.2294e+00   -1.6858e-03    2.5140e-04   -9.1310e-04    5.9716e-04
   3.0000e-01    0.0000e+00    3.0000e+00   -2.1213e+00    2.1213e+00   -7.9867e-04    1.4433e-03   -3.2812e-04    1.6249e-03
   3.0000e-01    0.0000e+00    3.0000e+00   -2.2294e+00    2.0074e+00    6.3001e-04    1.4707e-03    5.7150e-04    1.4610e-03
   3.0000e-01    0.0000e+00    3.0000e+00   -2.3314e+00    1.8880e+00    1.4992e-03    4.1292e-04    1.8964e-03    5.2386e-04
   3.0000e-01    0.0000e+00    3.0000e+00   -2.4271e+00    1.7634e+00    1.2379e-03   -8.7250e-04    1.4599e-03   -1.2605e-03
   3.0000e-01    0.0000e+00    3.0000e+00   -2.5160e+00    1.6339e+00    1.2244e-04   -1.4723e-03    3.3357e-04   -1.6004e-03
   3.0000e-01    0.0000e+00    3.0000e+00   -2.5981e+00    1.5000e+00   -1.0149e-03   -1.0260e-03   -1.3130e-03   -9.4399e-04
   3.0000e-01    0.0000e+00    3.0000e+00   -2.6730e+00    1.3620e+00   -1.4096e-03    7.8720e-05   -2.0311e-03    4.9070e-04
   3.0000e-01    0.0000e+00    3.0000e+00   -2.7406e+00    1.2202e+00   -8.6808e-04    1.0765e-03   -4.9829e-04    1.2126e-03
   3.0000e-01    0.0000e+00    3.0000e+00   -2.8007e+00    1.0751e+00    1.9048e-04    1.3427e-03    -1.6678e-04    1.1496e-03
   3.0000e-01    0.0000e+00    3.0000e+00   -2.8532e+00    9.2705e-01    1.0825e-03    7.7461e-04    1.0145e-03    3.0336e-05
   3.0000e-01    0.0000e+00    3.0000e+00   -2.8978e+00    7.7646e-01    1.2893e-03   -2.2034e-04    1.3204e-03    2.0811e-04
   3.0000e-01    0.0000e+00    3.0000e+00   -2.9344e+00    6.2374e-01    7.5756e-04   -1.0399e-03    5.7739e-04   -1.0434e-03
   3.0000e-01    0.0000e+00    3.0000e+00   -2.9631e+00    4.6930e-01   -1.6658e-04   -1.2554e-03   -1.8302e-04   -9.3478e-04
   3.0000e-01    0.0000e+00    3.0000e+00   -2.9836e+00    3.1359e-01   -9.5654e-04   -8.0100e-04   -6.4941e-04   -6.0182e-04
   3.0000e-01    0.0000e+00    3.0000e+00   -2.9959e+00    1.5701e-01   -1.2297e-03    3.3121e-05   -1.6135e-03    5.5141e-05
   3.0000e-01    0.0000e+00    3.0000e+00   -3.0000e+00    0.0000e+00   -8.9633e-04    8.1823e-04   -9.6429e-04    1.6065e-03
   3.0000e-01    0.0000e+00    3.0000e+00   -2.9959e+00   -1.5701e-01   -1.7874e-04    1.1850e-03   -4.4868e-04    9.9093e-04
   3.0000e-01    0.0000e+00    3.0000e+00   -2.9836e+00   -3.1359e-01    5.8602e-04    1.0288e-03    1.0034e-04    4.4435e-04
   3.0000e-01    0.0000e+00    3.0000e+00   -2.9631e+00   -4.6930e-01    1.0790e-03    4.5350e-04    1.0429e-03    1.5197e-04
   3.0000e-01    0.0000e+00    3.0000e+00   -2.9344e+00   -6.2374e-01    1.1258e-03   -2.6989e-04    4.9903e-04   -7.9757e-04
   3.0000e-01    0.0000e+00    3.0000e+00   -2.8978e+00   -7.7646e-01    7.5908e-04   -8.5828e-04    1.8002e-04   -4.1731e-04
   3.0000e-01    0.0000e+00    3.0000e+00   -2.8532e+00   -9.2705e-01    1.5644e-04   -1.1239e-03    -4.8884e-04   -1.5495e-03
   3.0000e-01    0.0000e+00    3.0000e+00   -2.8007e+00   -1.0751e+00   -4.7323e-04   -1.0199e-03   -5.4391e-04   -9.0189e-04
   3.0000e-01    0.0000e+00    3.0000e+00   -2.7406e+00   -1.2202e+00   -9.2712e-04   -6.1857e-04   -8.8589e-04   -7.8170e-05
   3.0000e-01    0.0000e+00    3.0000e+00   -2.6730e+00   -1.3620e+00   -1.1034e-03   -6.3558e-05   -1.2076e-03    -2.7619e-04
   3.0000e-01    0.0000e+00    3.0000e+00   -2.5981e+00   -1.5000e+00   -9.9048e-04    4.7103e-04   -1.1148e-03    9.5614e-04
   3.0000e-01    0.0000e+00    3.0000e+00   -2.5160e+00   -1.6339e+00   -6.5633e-04    8.6867e-04   -9.2711e-04    6.4347e-04
   3.0000e-01    0.0000e+00    3.0000e+00   -2.4271e+00   -1.7634e+00   -1.9768e-04    1.0630e-03    2.0052e-04    1.2479e-03
   3.0000e-01    0.0000e+00    3.0000e+00   -2.3314e+00   -1.8880e+00    2.7247e-04    1.0390e-03    1.3595e-04    1.4128e-03
   3.0000e-01    0.0000e+00    3.0000e+00   -2.2294e+00   -2.0074e+00    6.5832e-04    8.4073e-04    1.1008e-03    1.3364e-03
   3.0000e-01    0.0000e+00    3.0000e+00   -2.1213e+00   -2.1213e+00    9.2174e-04    5.2726e-04    8.8716e-04    1.2111e-03
   3.0000e-01    0.0000e+00    3.0000e+00   -2.0074e+00   -2.2294e+00    1.0445e-03    1.5764e-04    1.9893e-03    1.1385e-03
   3.0000e-01    0.0000e+00    3.0000e+00   -1.8880e+00   -2.3314e+00    1.0309e-03   -2.0482e-04    1.4637e-03    -1.4129e-04
   3.0000e-01    0.0000e+00    3.0000e+00   -1.7634e+00   -2.4271e+00    9.1390e-04   -5.0977e-04    2.5499e-03    -4.4239e-04
   3.0000e-01    0.0000e+00    3.0000e+00   -1.6339e+00   -2.5160e+00    7.2687e-04   -7.4705e-04    8.4639e-04   -4.5880e-04
   3.0000e-01    0.0000e+00    3.0000e+00   -1.5000e+00   -2.5981e+00    4.9869e-04   -9.1080e-04    1.4161e-03   -1.6953e-04
   3.0000e-01    0.0000e+00    3.0000e+00   -1.3620e+00   -2.6730e+00    2.6298e-04   -1.0010e-03    6.7979e-05   -2.8854e-04
   3.0000e-01    0.0000e+00    3.0000e+00   -1.2202e+00   -2.7406e+00    4.2211e-05   -1.0311e-03    6.2889e-04   -5.1101e-04
   3.0000e-01    0.0000e+00    3.0000e+00   -1.0751e+00   -2.8007e+00   -1.5492e-04   -1.0176e-03    -2.0098e-04   -6.2517e-04
   3.0000e-01    0.0000e+00    3.0000e+00   -9.2705e-01   -2.8532e+00   -3.2103e-04   -9.7542e-04    -4.0399e-05   -2.7703e-04
   3.0000e-01    0.0000e+00    3.0000e+00   -7.7646e-01   -2.8978e+00   -4.5735e-04   -9.1719e-04    -1.7825e-04    6.8714e-05
   3.0000e-01    0.0000e+00    3.0000e+00   -6.2374e-01   -2.9344e+00   -5.5748e-04   -8.5822e-04   -4.1923e-04   -7.8571e-04
   3.0000e-01    0.0000e+00    3.0000e+00   -4.6930e-01   -2.9631e+00   -6.3216e-04   -8.0316e-04   -3.9587e-04    4.4599e-04
   3.0000e-01    0.0000e+00    3.0000e+00   -3.1359e-01   -2.9836e+00   -6.7957e-04   -7.6235e-04   -3.6964e-04    8.7304e-04
   3.0000e-01    0.0000e+00    3.0000e+00   -1.5701e-01   -2.9959e+00   -7.0919e-04   -7.3424e-04    1.1911e-05    -4.1734e-04
   3.0000e-01    0.0000e+00    3.0000e+00    0.0000e+00   -3.0000e+00   -7.2250e-04   -7.2081e-04   -4.9516e-04    1.2657e-04
   3.0000e-01    0.0000e+00    3.0000e+00    1.5701e-01   -2.9959e+00   -7.0919e-04   -7.3424e-04   -6.1841e-04    9.1911e-04
   3.0000e-01    0.0000e+00    3.0000e+00    3.1359e-01   -2.9836e+00   -6.7957e-04   -7.6235e-04   -5.2739e-04    2.4622e-04
   3.0000e-01    0.0000e+00    3.0000e+00    4.6930e-01   -2.9631e+00   -6.3216e-04   -8.0316e-04    4.3474e-04   -1.0463e-04
   3.0000e-01    0.0000e+00    3.0000e+00    6.2374e-01   -2.9344e+00   -5.5748e-04   -8.5822e-04   -4.3656e-04   -2.3500e-04
   3.0000e-01    0.0000e+00    3.0000e+00    7.7646e-01   -2.8978e+00   -4.5735e-04   -9.1719e-04    1.5487e-04    1.2178e-04
   3.0000e-01    0.0000e+00    3.0000e+00    9.2705e-01   -2.8532e+00   -3.2103e-04   -9.7542e-04    1.4599e-04   -8.1438e-04
   3.0000e-01    0.0000e+00    3.0000e+00    1.0751e+00   -2.8007e+00   -1.5492e-04   -1.0176e-03    2.7578e-04   -6.0565e-04
   3.0000e-01    0.0000e+00    3.0000e+00    1.2202e+00   -2.7406e+00    4.2211e-05   -1.0311e-03    -4.0210e-04   -6.5416e-04
   3.0000e-01    0.0000e+00    3.0000e+00    1.3620e+00   -2.6730e+00    2.6298e-04   -1.0010e-03    6.5968e-05   -1.6797e-04
   3.0000e-01    0.0000e+00    3.0000e+00    1.5000e+00   -2.5981e+00    4.9869e-04   -9.1080e-04    1.5359e-03    3.7370e-04
   3.0000e-01    0.0000e+00    3.0000e+00    1.6339e+00   -2.5160e+00    7.2687e-04   -7.4705e-04    7.7034e-04   -3.7100e-04
   3.0000e-01    0.0000e+00    3.0000e+00    1.7634e+00   -2.4271e+00    9.1390e-04   -5.0977e-04    1.3931e-03    4.1104e-04
   3.0000e-01    0.0000e+00    3.0000e+00    1.8880e+00   -2.3314e+00    1.0309e-03   -2.0482e-04    1.0515e-03    2.2866e-04
   3.0000e-01    0.0000e+00    3.0000e+00    2.0074e+00   -2.2294e+00    1.0445e-03    1.5764e-04    2.0119e-03    5.7384e-04
   3.0000e-01    0.0000e+00    3.0000e+00    2.1213e+00   -2.1213e+00    9.2174e-04    5.2726e-04    8.2973e-04    9.9874e-04
   3.0000e-01    0.0000e+00    3.0000e+00    2.2294e+00   -2.0074e+00    6.5832e-04    8.4073e-04    9.3054e-04    8.5099e-04
   3.0000e-01    0.0000e+00    3.0000e+00    2.3314e+00   -1.8880e+00    2.7247e-04    1.0390e-03    1.9668e-04    9.6634e-04
   3.0000e-01    0.0000e+00    3.0000e+00    2.4271e+00   -1.7634e+00   -1.9768e-04    1.0630e-03   -3.2094e-04    2.1135e-03
   3.0000e-01    0.0000e+00    3.0000e+00    2.5160e+00   -1.6339e+00   -6.5633e-04    8.6867e-04   -4.2685e-04    1.1514e-03
   3.0000e-01    0.0000e+00    3.0000e+00    2.5981e+00   -1.5000e+00   -9.9048e-04    4.7103e-04   -1.4204e-03    6.4963e-04
   3.0000e-01    0.0000e+00    3.0000e+00    2.6730e+00   -1.3620e+00   -1.1034e-03   -6.3558e-05   -8.0761e-04    1.7781e-06
   3.0000e-01    0.0000e+00    3.0000e+00    2.7406e+00   -1.2202e+00   -9.2712e-04   -6.1857e-04   -5.0137e-04   -8.7656e-04
   3.0000e-01    0.0000e+00    3.0000e+00    2.8007e+00   -1.0751e+00   -4.7323e-04   -1.0199e-03   -7.2076e-04   -1.1492e-04
   3.0000e-01    0.0000e+00    3.0000e+00    2.8532e+00   -9.2705e-01    1.5644e-04   -1.1239e-03    -7.5185e-04   -4.4001e-04
   3.0000e-01    0.0000e+00    3.0000e+00    2.8978e+00   -7.7646e-01    7.5908e-04   -8.5828e-04    -9.6933e-05   -6.6598e-04
   3.0000e-01    0.0000e+00    3.0000e+00    2.9344e+00   -6.2374e-01    1.1258e-03   -2.6989e-04    8.9969e-04    2.5992e-04
   3.0000e-01    0.0000e+00    3.0000e+00    2.9631e+00   -4.6930e-01    1.0790e-03    4.5350e-04    -2.7286e-04    -5.8180e-05
   3.0000e-01    0.0000e+00    3.0000e+00    2.9836e+00   -3.1359e-01    5.8602e-04    1.0288e-03    2.1517e-04    1.2499e-03
   3.0000e-01    0.0000e+00    3.0000e+00    2.9959e+00   -1.5701e-01   -1.7874e-04    1.1850e-03   -6.6504e-04    1.3050e-03
   3.0000e-01   -1.5000e+00    2.6000e+00    3.0000e+00    0.0000e+00   -9.8520e-04    4.8154e-04   -1.6719e-03    3.5387e-04
   3.0000e-01   -1.5000e+00    2.6000e+00    2.9959e+00    1.5701e-01   -1.1035e-03   -6.2410e-05   -1.6707e-03   -3.0733e-06
   3.0000e-01   -1.5000e+00    2.6000e+00    2.9836e+00    3.1359e-01   -9.3007e-04   -6.1379e-04   -9.5594e-04   -1.5613e-04
   3.0000e-01   -1.5000e+00    2.6000e+00    2.9631e+00    4.6930e-01   -4.7914e-04   -1.0169e-03   -9.6077e-04   -1.2647e-03
   3.0000e-01   -1.5000e+00    2.6000e+00    2.9344e+00    6.2374e-01    1.4886e-04   -1.1248e-03   -4.5021e-05   -1.4032e-03
   3.0000e-01   -1.5000e+00    2.6000e+00    2.8978e+00    7.7646e-01    7.5473e-04   -8.6193e-04    5.5365e-04   -1.6510e-03
   3.0000e-01   -1.5000e+00    2.6000e+00    2.8532e+00    9.2705e-01    1.1245e-03   -2.7469e-04    1.1233e-03   -8.4603e-04
   3.0000e-01   -1.5000e+00    2.6000e+00    2.8007e+00    1.0751e+00    1.0809e-03    4.4881e-04    6.2454e-04    -3.9580e-04
   3.0000e-01   -1.5000e+00    2.6000e+00    2.7406e+00    1.2202e+00    5.9562e-04    1.0231e-03    9.9180e-04    7.1281e-04
   3.0000e-01   -1.5000e+00    2.6000e+00    2.6730e+00    1.3620e+00   -1.7128e-04    1.1858e-03    2.7774e-04    1.0260e-03
   3.0000e-01   -1.5000e+00    2.6000e+00    2.5981e+00    1.5000e+00   -8.9682e-04    8.1751e-04   -1.4637e-03    1.4661e-04
   3.0000e-01   -1.5000e+00    2.6000e+00    2.5160e+00    1.6339e+00   -1.2295e-03    3.6530e-05   -8.0318e-04   -5.0668e-04
   3.0000e-01   -1.5000e+00    2.6000e+00    2.4271e+00    1.7634e+00   -9.5842e-04   -7.9852e-04   -1.1672e-03   -1.1077e-03
   3.0000e-01   -1.5000e+00    2.6000e+00    2.3314e+00    1.8880e+00   -1.7340e-04   -1.2542e-03    2.4040e-05   -1.8610e-03
   3.0000e-01   -1.5000e+00    2.6000e+00    2.2294e+00    2.0074e+00    7.5145e-04   -1.0441e-03    9.5364e-04   -1.4256e-03
   3.0000e-01   -1.5000e+00    2.6000e+00    2.1213e+00    2.1213e+00    1.2896e-03   -2.1856e-04    6.9373e-04   -2.0205e-04
   3.0000e-01   -1.5000e+00    2.6000e+00    2.0074e+00    2.2294e+00    1.0814e-03    7.7600e-04    1.2077e-03    1.1228e-03
   3.0000e-01   -1.5000e+00    2.6000e+00    1.8880e+00    2.3314e+00    1.9757e-04    1.3413e-03    2.4022e-04    6.2719e-04
   3.0000e-01   -1.5000e+00    2.6000e+00    1.7634e+00    2.4271e+00   -8.6586e-04    1.0780e-03    9.8307e-05    3.9548e-04
   3.0000e-01   -1.5000e+00    2.6000e+00    1.6339e+00    2.5160e+00   -1.4095e-03    7.8570e-05   -1.1033e-03    2.5350e-04
   3.0000e-01   -1.5000e+00    2.6000e+00    1.5000e+00    2.5981e+00   -1.0140e-03   -1.0270e-03   -5.6964e-04   -1.6738e-03
   3.0000e-01   -1.5000e+00    2.6000e+00    1.3620e+00    2.6730e+00    1.1651e-04   -1.4724e-03    7.7061e-04   -1.5398e-03
   3.0000e-01   -1.5000e+00    2.6000e+00    1.2202e+00    2.7406e+00    1.2384e-03   -8.7194e-04    2.3124e-03   -6.1565e-04
   3.0000e-01   -1.5000e+00    2.6000e+00    1.0751e+00    2.8007e+00    1.4983e-03    4.1698e-04    3.2318e-03    -1.4726e-04
   3.0000e-01   -1.5000e+00    2.6000e+00    9.2705e-01    2.8532e+00    6.2070e-04    1.4748e-03    1.1897e-03    1.1494e-03
   3.0000e-01   -1.5000e+00    2.6000e+00    7.7646e-01    2.8978e+00   -7.9776e-04    1.4436e-03    1.9876e-04    1.8447e-03
   3.0000e-01   -1.5000e+00    2.6000e+00    6.2374e-01    2.9344e+00   -1.6852e-03    2.5429e-04   -8.6355e-04    6.3733e-05
   3.0000e-01   -1.5000e+00    2.6000e+00    4.6930e-01    2.9631e+00   -1.2553e-03   -1.2422e-03   -1.0291e-03   -1.8991e-03
   3.0000e-01   -1.5000e+00    2.6000e+00    3.1359e-01    2.9836e+00    2.7172e-04   -1.8154e-03    1.3905e-03   -1.5099e-03
   3.0000e-01   -1.5000e+00    2.6000e+00    1.5701e-01    2.9959e+00    1.6972e-03   -8.8578e-04    2.0344e-03   -4.2204e-04
   3.0000e-01   -1.5000e+00    2.6000e+00    0.0000e+00    3.0000e+00    1.7867e-03    9.1095e-04    2.4659e-03    1.3827e-03
   3.0000e-01   -1.5000e+00    2.6000e+00   -2.5981e+00    1.5000e+00    1.7992e-03    8.8287e-04    1.4151e-03    6.6536e-04
   3.0000e-01   -1.5000e+00    2.6000e+00   -2.6730e+00    1.3620e+00    1.6862e-03   -9.0466e-04    2.0181e-03   -7.0237e-04
   3.0000e-01   -1.5000e+00    2.6000e+00   -2.7406e+00    1.2202e+00    2.4186e-04   -1.8186e-03    8.8750e-04   -2.1145e-03
   3.0000e-01   -1.5000e+00    2.6000e+00   -2.8007e+00    1.0751e+00   -1.2689e-03   -1.2275e-03   -9.1511e-04   -2.9428e-04
   3.0000e-01   -1.5000e+00    2.6000e+00   -2.8532e+00    9.2705e-01   -1.6815e-03    2.7364e-04   -1.0987e-03    7.1698e-04
   3.0000e-01   -1.5000e+00    2.6000e+00   -2.8978e+00    7.7646e-01   -7.8153e-04    1.4519e-03   -4.5824e-04    1.8671e-03
   3.0000e-01   -1.5000e+00    2.6000e+00   -2.9344e+00    6.2374e-01    6.3846e-04    1.4667e-03    1.6505e-03    1.6429e-03
   3.0000e-01   -1.5000e+00    2.6000e+00   -2.9631e+00    4.6930e-01    1.5023e-03    4.0018e-04    2.2867e-03    2.1290e-04
   3.0000e-01   -1.5000e+00    2.6000e+00   -2.9836e+00    3.1359e-01    1.2268e-03   -8.8720e-04    1.7530e-03   -3.9681e-04
   3.0000e-01   -1.5000e+00    2.6000e+00   -2.9959e+00    1.5701e-01    1.0645e-04   -1.4730e-03    9.8208e-05   -9.0791e-04
   3.0000e-01   -1.5000e+00    2.6000e+00   -3.0000e+00    0.0000e+00   -1.0295e-03   -1.0107e-03   -1.0457e-03   -1.1664e-03
   3.0000e-01   -1.5000e+00    2.6000e+00   -2.9959e+00   -1.5701e-01   -1.4085e-03    9.1961e-05   -1.2177e-03    9.6798e-04
   3.0000e-01   -1.5000e+00    2.6000e+00   -2.9836e+00   -3.1359e-01   -8.6198e-04    1.0810e-03   -6.0925e-04    1.5754e-03
   3.0000e-01   -1.5000e+00    2.6000e+00   -2.9631e+00   -4.6930e-01    2.0512e-04    1.3401e-03    2.5185e-06    1.5024e-03
   3.0000e-01   -1.5000e+00    2.6000e+00   -2.9344e+00   -6.2374e-01    1.0907e-03    7.6233e-04    6.5159e-04    6.7042e-04
   3.0000e-01   -1.5000e+00    2.6000e+00   -2.8978e+00   -7.7646e-01    1.2864e-03   -2.3480e-04    1.5349e-03   -1.3591e-04
   3.0000e-01   -1.5000e+00    2.6000e+00   -2.8532e+00   -9.2705e-01    7.4694e-04   -1.0471e-03    1.1529e-03   -1.0218e-03
   3.0000e-01   -1.5000e+00    2.6000e+00   -2.8007e+00   -1.0751e+00   -1.8057e-04   -1.2532e-03   -4.7290e-04   -6.8118e-04
   3.0000e-01   -1.5000e+00    2.6000e+00   -2.7406e+00   -1.2202e+00   -9.6513e-04   -7.9030e-04   -1.5012e-03   -1.2860e-03
   3.0000e-01   -1.5000e+00    2.6000e+00   -2.6730e+00   -1.3620e+00   -1.2285e-03    5.3084e-05   -1.0983e-03    2.7736e-04
   3.0000e-01   -1.5000e+00    2.6000e+00   -2.5981e+00   -1.5000e+00   -8.9054e-04    8.2425e-04   -2.1338e-03    8.9805e-04
   3.0000e-01   -1.5000e+00    2.6000e+00   -2.5160e+00   -1.6339e+00   -1.6376e-04    1.1868e-03   -7.9917e-04    1.8924e-03
   3.0000e-01   -1.5000e+00    2.6000e+00   -2.4271e+00   -1.7634e+00    6.0493e-04    1.0173e-03    -2.0138e-04    8.3918e-04
   3.0000e-01   -1.5000e+00    2.6000e+00   -2.3314e+00   -1.8880e+00    1.0863e-03    4.3454e-04    1.7380e-04    7.5643e-05
   3.0000e-01   -1.5000e+00    2.6000e+00   -2.2294e+00   -2.0074e+00    1.1227e-03   -2.8146e-04    2.6251e-04   -7.8952e-04
   3.0000e-01   -1.5000e+00    2.6000e+00   -2.1213e+00   -2.1213e+00    7.5188e-04   -8.6435e-04    -2.4796e-04   -1.4381e-03
   3.0000e-01   -1.5000e+00    2.6000e+00   -2.0074e+00   -2.2294e+00    1.3736e-04   -1.1261e-03   -1.0404e-03   -1.6756e-03
   3.0000e-01   -1.5000e+00    2.6000e+00   -1.8880e+00   -2.3314e+00   -4.9042e-04   -1.0112e-03   -1.2886e-03   -1.2189e-03
   3.0000e-01   -1.5000e+00    2.6000e+00   -1.7634e+00   -2.4271e+00   -9.3491e-04   -6.0601e-04   -1.9769e-03   -3.6597e-04
   3.0000e-01   -1.5000e+00    2.6000e+00   -1.6339e+00   -2.5160e+00   -1.1037e-03   -5.5297e-05   -1.6660e-03    -1.4495e-04
   3.0000e-01   -1.5000e+00    2.6000e+00   -1.5000e+00   -2.5981e+00   -9.8379e-04    4.8397e-04   -1.6566e-03    1.1803e-03
   3.0000e-01   -1.5000e+00    2.6000e+00   -1.3620e+00   -2.6730e+00   -6.4232e-04    8.7864e-04   -9.9294e-04    1.1775e-03
   3.0000e-01   -1.5000e+00    2.6000e+00   -1.2202e+00   -2.7406e+00   -1.8553e-04    1.0650e-03   -1.5379e-03    9.6433e-04
   3.0000e-01   -1.5000e+00    2.6000e+00   -1.0751e+00   -2.8007e+00    2.7941e-04    1.0371e-03   -8.4316e-04    1.0541e-03
   3.0000e-01   -1.5000e+00    2.6000e+00   -9.2705e-01   -2.8532e+00    6.6882e-04    8.3204e-04    5.8677e-04    7.9086e-04
   3.0000e-01   -1.5000e+00    2.6000e+00   -7.7646e-01   -2.8978e+00    9.3042e-04    5.1102e-04    9.8818e-04    3.7761e-04
   3.0000e-01   -1.5000e+00    2.6000e+00   -6.2374e-01   -2.9344e+00    1.0458e-03    1.4689e-04    1.2120e-03    -1.4539e-04
   3.0000e-01   -1.5000e+00    2.6000e+00   -4.6930e-01   -2.9631e+00    1.0293e-03   -2.1214e-04    9.6878e-04    2.8552e-04
   3.0000e-01   -1.5000e+00    2.6000e+00   -3.1359e-01   -2.9836e+00    9.0911e-04   -5.1803e-04    1.2380e-03   -1.7972e-04
   3.0000e-01   -1.5000e+00    2.6000e+00   -1.5701e-01   -2.9959e+00    7.1774e-04   -7.5562e-04    1.6648e-03   -4.7772e-04
   3.0000e-01   -1.5000e+00    2.6000e+00    0.0000e+00   -3.0000e+00    4.8662e-04   -9.1717e-04    6.1795e-04   -1.4777e-03
   3.0000e-01   -1.5000e+00    2.6000e+00    1.5701e-01   -2.9959e+00    2.5568e-04   -1.0028e-03    1.3035e-03   -6.0947e-04
   3.0000e-01   -1.5000e+00    2.6000e+00    3.1359e-01   -2.9836e+00    3.4806e-05   -1.0312e-03    4.4507e-05    4.9448e-05
   3.0000e-01   -1.5000e+00    2.6000e+00    4.6930e-01   -2.9631e+00   -1.6660e-04   -1.0155e-03    8.2433e-04   -3.4709e-04
   3.0000e-01   -1.5000e+00    2.6000e+00    6.2374e-01   -2.9344e+00   -3.3277e-04   -9.7141e-04    -2.8942e-04   -1.4041e-04
   3.0000e-01   -1.5000e+00    2.6000e+00    7.7646e-01   -2.8978e+00   -4.6719e-04   -9.1211e-04    -6.3129e-05   -6.4089e-04
   3.0000e-01   -1.5000e+00    2.6000e+00    9.2705e-01   -2.8532e+00   -5.6536e-04   -8.5288e-04    5.0751e-04   -9.0409e-04
   3.0000e-01   -1.5000e+00    2.6000e+00    1.0751e+00   -2.8007e+00   -6.4018e-04   -7.9672e-04    2.8661e-04    1.6465e-04
   3.0000e-01   -1.5000e+00    2.6000e+00    1.2202e+00   -2.7406e+00   -6.8973e-04   -7.5306e-04    8.2019e-04    1.8659e-04
   3.0000e-01   -1.5000e+00    2.6000e+00    1.3620e+00   -2.6730e+00   -7.1986e-04   -7.2346e-04    -7.4765e-04    -2.0078e-04
   3.0000e-01   -1.5000e+00    2.6000e+00    1.5000e+00   -2.5981e+00   -7.2759e-04   -7.1560e-04    4.6217e-05    2.7598e-04
   3.0000e-01   -1.5000e+00    2.6000e+00    1.6339e+00   -2.5160e+00   -7.1621e-04   -7.2733e-04    3.9192e-04    -5.9692e-04
   3.0000e-01   -1.5000e+00    2.6000e+00    1.7634e+00   -2.4271e+00   -6.8991e-04   -7.5288e-04    -9.3660e-05    4.8545e-04
   3.0000e-01   -1.5000e+00    2.6000e+00    1.8880e+00   -2.3314e+00   -6.4391e-04   -7.9355e-04    6.3465e-04    7.7486e-04
   3.0000e-01   -1.5000e+00    2.6000e+00    2.0074e+00   -2.2294e+00   -5.6603e-04   -8.5245e-04    -6.0580e-05    4.2093e-04
   3.0000e-01   -1.5000e+00    2.6000e+00    2.1213e+00   -2.1213e+00   -4.6059e-04   -9.1562e-04    7.8873e-04    3.8018e-04
   3.0000e-01   -1.5000e+00    2.6000e+00    2.2294e+00   -2.0074e+00   -3.3049e-04   -9.7226e-04    4.9452e-04    1.5633e-04
   3.0000e-01   -1.5000e+00    2.6000e+00    2.3314e+00   -1.8880e+00   -1.6975e-04   -1.0150e-03    2.7313e-05   -7.8019e-04
   3.0000e-01   -1.5000e+00    2.6000e+00    2.4271e+00   -1.7634e+00    3.2403e-05   -1.0313e-03    8.2996e-04   -4.1717e-04
   3.0000e-01   -1.5000e+00    2.6000e+00    2.5160e+00   -1.6339e+00    2.5896e-04   -1.0020e-03    6.0331e-04   -5.1891e-04
   3.0000e-01   -1.5000e+00    2.6000e+00    2.5981e+00   -1.5000e+00    4.9173e-04   -9.1455e-04    6.2889e-04   -1.7637e-04
   3.0000e-01   -1.5000e+00    2.6000e+00    2.6730e+00   -1.3620e+00    7.1703e-04   -7.5625e-04    5.4578e-04   -1.3548e-04
   3.0000e-01   -1.5000e+00    2.6000e+00    2.7406e+00   -1.2202e+00    9.1049e-04   -5.1596e-04    1.1448e-03    -9.1000e-06
   3.0000e-01   -1.5000e+00    2.6000e+00    2.8007e+00   -1.0751e+00    1.0306e-03   -2.0695e-04    8.2198e-04    5.6374e-04
   3.0000e-01   -1.5000e+00    2.6000e+00    2.8532e+00   -9.2705e-01    1.0450e-03    1.5364e-04    1.7583e-03    3.3503e-04
   3.0000e-01   -1.5000e+00    2.6000e+00    2.8978e+00   -7.7646e-01    9.2785e-04    5.1601e-04    1.3414e-03    1.1942e-03
   3.0000e-01   -1.5000e+00    2.6000e+00    2.9344e+00   -6.2374e-01    6.6498e-04    8.3541e-04    -4.4423e-04    8.2365e-04
   3.0000e-01   -1.5000e+00    2.6000e+00    2.9631e+00   -4.6930e-01    2.7365e-04    1.0388e-03    -1.2022e-04    1.5432e-03
   3.0000e-01   -1.5000e+00    2.6000e+00    2.9836e+00   -3.1359e-01   -1.9724e-04    1.0630e-03   -3.1831e-04    1.3858e-03
   3.0000e-01   -1.5000e+00    2.6000e+00    2.9959e+00   -1.5701e-01   -6.5106e-04    8.7255e-04   -6.3121e-04    6.1459e-04
   3.0000e-01   -2.6000e+00    1.5000e+00    3.0000e+00    0.0000e+00    4.8474e-04   -9.1813e-04    4.4154e-04   -7.6648e-04
   3.0000e-01   -2.6000e+00    1.5000e+00    2.9959e+00    1.5701e-01    7.1774e-04   -7.5562e-04    8.7734e-04   -2.7348e-04
   3.0000e-01   -2.6000e+00    1.5000e+00    2.9836e+00    3.1359e-01    9.0911e-04   -5.1803e-04    1.1845e-03   -3.5625e-04
   3.0000e-01   -2.6000e+00    1.5000e+00    2.9631e+00    4.6930e-01    1.0293e-03   -2.1214e-04    1.5701e-03    4.7657e-04
   3.0000e-01   -2.6000e+00    1.5000e+00    2.9344e+00    6.2374e-01    1.0458e-03    1.4689e-04    1.8138e-03    6.6447e-04
   3.0000e-01   -2.6000e+00    1.5000e+00    2.8978e+00    7.7646e-01    9.3042e-04    5.1102e-04    1.1702e-03    9.2231e-04
   3.0000e-01   -2.6000e+00    1.5000e+00    2.8532e+00    9.2705e-01    6.6882e-04    8.3204e-04    1.0537e-03    6.5612e-04
   3.0000e-01   -2.6000e+00    1.5000e+00    2.8007e+00    1.0751e+00    2.7941e-04    1.0371e-03    9.0668e-04    1.6729e-03
   3.0000e-01   -2.6000e+00    1.5000e+00    2.7406e+00    1.2202e+00   -1.8553e-04    1.0650e-03    6.8783e-04    9.8873e-04
   3.0000e-01   -2.6000e+00    1.5000e+00    2.6730e+00    1.3620e+00   -6.4232e-04    8.7864e-04   -4.0607e-04    8.7728e-04
   3.0000e-01   -2.6000e+00    1.5000e+00    2.5981e+00    1.5000e+00   -9.8379e-04    4.8397e-04   -8.8188e-04    5.0006e-04
   3.0000e-01   -2.6000e+00    1.5000e+00    2.5160e+00    1.6339e+00   -1.1037e-03   -5.5297e-05   -1.0556e-03   -3.9580e-04
   3.0000e-01   -2.6000e+00    1.5000e+00    2.4271e+00    1.7634e+00   -9.3491e-04   -6.0601e-04   -1.8564e-04   -8.5085e-04
   3.0000e-01   -2.6000e+00    1.5000e+00    2.3314e+00    1.8880e+00   -4.9042e-04   -1.0112e-03   -3.8793e-04   -1.0141e-03
   3.0000e-01   -2.6000e+00    1.5000e+00    2.2294e+00    2.0074e+00    1.3736e-04   -1.1261e-03    2.6848e-04   -1.3695e-03
   3.0000e-01   -2.6000e+00    1.5000e+00    2.1213e+00    2.1213e+00    7.5188e-04   -8.6435e-04    8.0066e-04   -1.6858e-03
   3.0000e-01   -2.6000e+00    1.5000e+00    2.0074e+00    2.2294e+00    1.1227e-03   -2.8146e-04    1.1811e-03   -1.0687e-03
   3.0000e-01   -2.6000e+00    1.5000e+00    1.8880e+00    2.3314e+00    1.0863e-03    4.3454e-04    1.2340e-03    -3.5758e-04
   3.0000e-01   -2.6000e+00    1.5000e+00    1.7634e+00    2.4271e+00    6.0493e-04    1.0173e-03    1.0222e-03    9.7532e-04
   3.0000e-01   -2.6000e+00    1.5000e+00    1.6339e+00    2.5160e+00   -1.6376e-04    1.1868e-03    1.6212e-05    8.5265e-04
   3.0000e-01   -2.6000e+00    1.5000e+00    1.5000e+00    2.5981e+00   -8.9054e-04    8.2425e-04   -6.5735e-04    -1.7969e-04
   3.0000e-01   -2.6000e+00    1.5000e+00    1.3620e+00    2.6730e+00   -1.2285e-03    5.3084e-05   -1.5639e-03   -2.2567e-04
   3.0000e-01   -2.6000e+00    1.5000e+00    1.2202e+00    2.7406e+00   -9.6513e-04   -7.9030e-04   -7.5189e-04   -9.9936e-04
   3.0000e-01   -2.6000e+00    1.5000e+00    1.0751e+00    2.8007e+00   -1.8057e-04   -1.2532e-03   -4.7346e-04   -1.3365e-03
   3.0000e-01   -2.6000e+00    1.5000e+00    9.2705e-01    2.8532e+00    7.4694e-04   -1.0471e-03    6.6574e-04   -1.5378e-03
   3.0000e-01   -2.6000e+00    1.5000e+00    7.7646e-01    2.8978e+00    1.2864e-03   -2.3480e-04    1.5042e-03   -3.5609e-04
   3.0000e-01   -2.6000e+00    1.5000e+00    6.2374e-01    2.9344e+00    1.0907e-03    7.6233e-04    1.6395e-03    1.0157e-03
   3.0000e-01   -2.6000e+00    1.5000e+00    4.6930e-01    2.9631e+00    2.0512e-04    1.3401e-03    5.8301e-04    1.5048e-03
   3.0000e-01   -2.6000e+00    1.5000e+00    3.1359e-01    2.9836e+00   -8.6198e-04    1.0810e-03   -1.0774e-03    8.0838e-04
   3.0000e-01   -2.6000e+00    1.5000e+00    1.5701e-01    2.9959e+00   -1.4085e-03    9.1961e-05   -1.8564e-03    1.2920e-03
   3.0000e-01   -2.6000e+00    1.5000e+00    0.0000e+00    3.0000e+00   -1.0227e-03   -1.0178e-03   -1.3178e-03   -9.5803e-04
   3.0000e-01   -2.6000e+00    1.5000e+00   -1.5701e-01    2.9959e+00    1.0645e-04   -1.4730e-03    8.7115e-05   -1.4190e-03
   3.0000e-01   -2.6000e+00    1.5000e+00   -3.1359e-01    2.9836e+00    1.2268e-03   -8.8720e-04    1.1285e-03   -1.4182e-03
   3.0000e-01   -2.6000e+00    1.5000e+00   -4.6930e-01    2.9631e+00    1.5023e-03    4.0018e-04    1.2553e-03    5.6516e-05
   3.0000e-01   -2.6000e+00    1.5000e+00   -6.2374e-01    2.9344e+00    6.3846e-04    1.4667e-03    7.2905e-04    1.3903e-03
   3.0000e-01   -2.6000e+00    1.5000e+00   -7.7646e-01    2.8978e+00   -7.8153e-04    1.4519e-03   -8.9208e-04    1.7087e-03
   3.0000e-01   -2.6000e+00    1.5000e+00   -9.2705e-01    2.8532e+00   -1.6815e-03    2.7364e-04   -1.7413e-03    7.8856e-04
   3.0000e-01   -2.6000e+00    1.5000e+00   -1.0751e+00    2.8007e+00   -1.2689e-03   -1.2275e-03   -1.2402e-03   -9.9907e-04
   3.0000e-01   -2.6000e+00    1.5000e+00   -1.2202e+00    2.7406e+00    2.4186e-04   -1.8186e-03    -6.7937e-05   -1.4524e-03
   3.0000e-01   -2.6000e+00    1.5000e+00   -1.3620e+00    2.6730e+00    1.6862e-03   -9.0466e-04    1.7424e-03   -6.6346e-04
   3.0000e-01   -2.6000e+00    1.5000e+00   -1.5000e+00    2.5981e+00    1.7992e-03    8.8287e-04    2.1531e-03    8.6934e-04
   3.0000e-01   -2.6000e+00    1.5000e+00   -3.0000e+00    0.0000e+00    1.7929e-03    8.9701e-04    2.1517e-03    2.9105e-04
   3.0000e-01   -2.6000e+00    1.5000e+00   -2.9959e+00   -1.5701e-01    1.6972e-03   -8.8578e-04    2.4266e-03   -9.6688e-04
   3.0000e-01   -2.6000e+00    1.5000e+00   -2.9836e+00   -3.1359e-01    2.7172e-04   -1.8154e-03    6.1172e-04   -2.6655e-03
   3.0000e-01   -2.6000e+00    1.5000e+00   -2.9631e+00   -4.6930e-01   -1.2553e-03   -1.2422e-03   -1.5824e-03   -1.8648e-03
   3.0000e-01   -2.6000e+00    1.5000e+00   -2.9344e+00   -6.2374e-01   -1.6852e-03    2.5429e-04   -1.7614e-03    8.7146e-05
   3.0000e-01   -2.6000e+00    1.5000e+00   -2.8978e+00   -7.7646e-01   -7.9776e-04    1.4436e-03   -1.1935e-03    1.5887e-03
   3.0000e-01   -2.6000e+00    1.5000e+00   -2.8532e+00   -9.2705e-01    6.2070e-04    1.4748e-03    4.9267e-04    4.5211e-04
   3.0000e-01   -2.6000e+00    1.5000e+00   -2.8007e+00   -1.0751e+00    1.4983e-03    4.1698e-04    1.1166e-03    -7.8497e-04
   3.0000e-01   -2.6000e+00    1.5000e+00   -2.7406e+00   -1.2202e+00    1.2384e-03   -8.7194e-04    6.8265e-04   -1.2700e-03
   3.0000e-01   -2.6000e+00    1.5000e+00   -2.6730e+00   -1.3620e+00    1.1651e-04   -1.4724e-03   -4.5223e-04   -1.7523e-03
   3.0000e-01   -2.6000e+00    1.5000e+00   -2.5981e+00   -1.5000e+00   -1.0140e-03   -1.0270e-03   -1.5611e-03   -1.3796e-03
   3.0000e-01   -2.6000e+00    1.5000e+00   -2.5160e+00   -1.6339e+00   -1.4095e-03    7.8570e-05   -1.2942e-03    4.3296e-04
   3.0000e-01   -2.6000e+00    1.5000e+00   -2.4271e+00   -1.7634e+00   -8.6586e-04    1.0780e-03   -1.7963e-03    1.4695e-03
   3.0000e-01   -2.6000e+00    1.5000e+00   -2.3314e+00   -1.8880e+00    1.9757e-04    1.3413e-03   -9.5280e-04    9.7027e-04
   3.0000e-01   -2.6000e+00    1.5000e+00   -2.2294e+00   -2.0074e+00    1.0814e-03    7.7600e-04    1.0895e-03    -1.2457e-04
   3.0000e-01   -2.6000e+00    1.5000e+00   -2.1213e+00   -2.1213e+00    1.2896e-03   -2.1856e-04    9.1788e-04   -7.4240e-04
   3.0000e-01   -2.6000e+00    1.5000e+00   -2.0074e+00   -2.2294e+00    7.5145e-04   -1.0441e-03    9.6311e-05   -1.1585e-03
   3.0000e-01   -2.6000e+00    1.5000e+00   -1.8880e+00   -2.3314e+00   -1.7340e-04   -1.2542e-03   -1.3620e-04   -1.6057e-03
   3.0000e-01   -2.6000e+00    1.5000e+00   -1.7634e+00   -2.4271e+00   -9.5842e-04   -7.9852e-04   -1.5822e-03   -6.1555e-04
   3.0000e-01   -2.6000e+00    1.5000e+00   -1.6339e+00   -2.5160e+00   -1.2295e-03    3.6530e-05   -1.9078e-03   -3.3808e-04
   3.0000e-01   -2.6000e+00    1.5000e+00   -1.5000e+00   -2.5981e+00   -8.9682e-04    8.1751e-04   -1.4806e-03    7.7978e-04
   3.0000e-01   -2.6000e+00    1.5000e+00   -1.3620e+00   -2.6730e+00   -1.7128e-04    1.1858e-03   -3.7022e-04    7.4597e-04
   3.0000e-01   -2.6000e+00    1.5000e+00   -1.2202e+00   -2.7406e+00    5.9562e-04    1.0231e-03    -7.1624e-05    1.0480e-03
   3.0000e-01   -2.6000e+00    1.5000e+00   -1.0751e+00   -2.8007e+00    1.0809e-03    4.4881e-04    5.6003e-04    2.7064e-04
   3.0000e-01   -2.6000e+00    1.5000e+00   -9.2705e-01   -2.8532e+00    1.1245e-03   -2.7469e-04    7.0472e-04   -6.5533e-04
   3.0000e-01   -2.6000e+00    1.5000e+00   -7.7646e-01   -2.8978e+00    7.5473e-04   -8.6193e-04    8.5930e-05   -8.1854e-04
   3.0000e-01   -2.6000e+00    1.5000e+00   -6.2374e-01   -2.9344e+00    1.4886e-04   -1.1248e-03   -5.8227e-04   -8.1161e-04
   3.0000e-01   -2.6000e+00    1.5000e+00   -4.6930e-01   -2.9631e+00   -4.7914e-04   -1.0169e-03   -6.6431e-04   -1.6244e-03
   3.0000e-01   -2.6000e+00    1.5000e+00   -3.1359e-01   -2.9836e+00   -9.3007e-04   -6.1379e-04   -1.0396e-03   -6.7023e-04
   3.0000e-01   -2.6000e+00    1.5000e+00   -1.5701e-01   -2.9959e+00   -1.1035e-03   -6.2410e-05   -9.8278e-04    2.6821e-04
   3.0000e-01   -2.6000e+00    1.5000e+00    0.0000e+00   -3.0000e+00   -9.8714e-04    4.7770e-04   -1.2453e-03    1.2250e-04
   3.0000e-01   -2.6000e+00    1.5000e+00    1.5701e-01   -2.9959e+00   -6.5106e-04    8.7255e-04   -9.5302e-04    4.3849e-04
   3.0000e-01   -2.6000e+00    1.5000e+00    3.1359e-01   -2.9836e+00   -1.9724e-04    1.0630e-03   -5.0894e-04    1.1384e-03
   3.0000e-01   -2.6000e+00    1.5000e+00    4.6930e-01   -2.9631e+00    2.7365e-04    1.0388e-03    2.9000e-04    8.5965e-04
   3.0000e-01   -2.6000e+00    1.5000e+00    6.2374e-01   -2.9344e+00    6.6498e-04    8.3541e-04    4.3396e-04    1.0183e-03
   3.0000e-01   -2.6000e+00    1.5000e+00    7.7646e-01   -2.8978e+00    9.2785e-04    5.1601e-04    8.1988e-04    2.2556e-04
   3.0000e-01   -2.6000e+00    1.5000e+00    9.2705e-01   -2.8532e+00    1.0450e-03    1.5364e-04    1.0987e-03    2.1322e-04
   3.0000e-01   -2.6000e+00    1.5000e+00    1.0751e+00   -2.8007e+00    1.0306e-03   -2.0695e-04    7.6432e-04    3.2720e-04
   3.0000e-01   -2.6000e+00    1.5000e+00    1.2202e+00   -2.7406e+00    9.1049e-04   -5.1596e-04    1.3911e-03   -2.1230e-04
   3.0000e-01   -2.6000e+00    1.5000e+00    1.3620e+00   -2.6730e+00    7.1703e-04   -7.5625e-04    9.4863e-04   -1.9913e-04
   3.0000e-01   -2.6000e+00    1.5000e+00    1.5000e+00   -2.5981e+00    4.9173e-04   -9.1455e-04    6.7866e-04   -1.4742e-04
   3.0000e-01   -2.6000e+00    1.5000e+00    1.6339e+00   -2.5160e+00    2.5896e-04   -1.0020e-03    1.0961e-03   -4.6675e-04
   3.0000e-01   -2.6000e+00    1.5000e+00    1.7634e+00   -2.4271e+00    3.2403e-05   -1.0313e-03    4.2432e-04   -1.2364e-04
   3.0000e-01   -2.6000e+00    1.5000e+00    1.8880e+00   -2.3314e+00   -1.6975e-04   -1.0150e-03    -5.8423e-05   -7.9241e-04
   3.0000e-01   -2.6000e+00    1.5000e+00    2.0074e+00   -2.2294e+00   -3.3049e-04   -9.7226e-04    2.5597e-04   -8.4549e-04
   3.0000e-01   -2.6000e+00    1.5000e+00    2.1213e+00   -2.1213e+00   -4.6059e-04   -9.1562e-04    4.6366e-04    1.9835e-04
   3.0000e-01   -2.6000e+00    1.5000e+00    2.2294e+00   -2.0074e+00   -5.6603e-04   -8.5245e-04   -2.3742e-04    1.0419e-05
   3.0000e-01   -2.6000e+00    1.5000e+00    2.3314e+00   -1.8880e+00   -6.4391e-04   -7.9355e-04    2.8489e-04    -2.5678e-04
   3.0000e-01   -2.6000e+00    1.5000e+00    2.4271e+00   -1.7634e+00   -6.8991e-04   -7.5288e-04   -8.6037e-04    -3.9546e-05
   3.0000e-01   -2.6000e+00    1.5000e+00    2.5160e+00   -1.6339e+00   -7.1621e-04   -7.2733e-04   -5.4687e-04    -1.3286e-04
   3.0000e-01   -2.6000e+00    1.5000e+00    2.5981e+00   -1.5000e+00   -7.2759e-04   -7.1560e-04   -3.9578e-04    3.3330e-04
   3.0000e-01   -2.6000e+00    1.5000e+00    2.6730e+00   -1.3620e+00   -7.1986e-04   -7.2346e-04   -7.4979e-04    8.9151e-04
   3.0000e-01   -2.6000e+00    1.5000e+00    2.7406e+00   -1.2202e+00   -6.8973e-04   -7.5306e-04   -9.3972e-04    -2.2379e-04
   3.0000e-01   -2.6000e+00    1.5000e+00    2.8007e+00   -1.0751e+00   -6.4018e-04   -7.9672e-04   -2.2286e-04    1.2527e-04
   3.0000e-01   -2.6000e+00    1.5000e+00    2.8532e+00   -9.2705e-01   -5.6536e-04   -8.5288e-04   -1.3452e-04    -1.0946e-04
   3.0000e-01   -2.6000e+00    1.5000e+00    2.8978e+00   -7.7646e-01   -4.6719e-04   -9.1211e-04   -5.8355e-04    -2.1485e-04
   3.0000e-01   -2.6000e+00    1.5000e+00    2.9344e+00   -6.2374e-01   -3.3277e-04   -9.7141e-04   -3.2310e-04    1.2220e-04
   3.0000e-01   -2.6000e+00    1.5000e+00    2.9631e+00   -4.6930e-01   -1.6660e-04   -1.0155e-03    -8.5473e-05    1.0998e-04
   3.0000e-01   -2.6000e+00    1.5000e+00    2.9836e+00   -3.1359e-01    3.4806e-05   -1.0312e-03    5.0955e-04    1.3368e-04
   3.0000e-01   -2.6000e+00    1.5000e+00    2.9959e+00   -1.5701e-01    2.5568e-04   -1.0028e-03    8.4109e-04   -1.0022e-05
   3.0000e-01   -3.0000e+00    0.0000e+00    3.0000e+00    0.0000e+00   -7.2250e-04   -7.2081e-04    1.1218e-04    4.1291e-04
   3.0000e-01   -3.0000e+00    0.0000e+00    2.9959e+00    1.5701e-01   -7.0919e-04   -7.3424e-04   -2.6102e-04    -1.2021e-04
   3.0000e-01   -3.0000e+00    0.0000e+00    2.9836e+00    3.1359e-01   -6.7957e-04   -7.6235e-04   -2.4715e-05    2.4849e-04
   3.0000e-01   -3.0000e+00    0.0000e+00    2.9631e+00    4.6930e-01   -6.3216e-04   -8.0316e-04    5.6906e-05    6.0579e-04
   3.0000e-01   -3.0000e+00    0.0000e+00    2.9344e+00    6.2374e-01   -5.5748e-04   -8.5822e-04   -5.5260e-04    -9.6300e-05
   3.0000e-01   -3.0000e+00    0.0000e+00    2.8978e+00    7.7646e-01   -4.5735e-04   -9.1719e-04    -1.0255e-04    -4.3613e-05
   3.0000e-01   -3.0000e+00    0.0000e+00    2.8532e+00    9.2705e-01   -3.2103e-04   -9.7542e-04    1.8577e-04    -4.2342e-04
   3.0000e-01   -3.0000e+00    0.0000e+00    2.8007e+00    1.0751e+00   -1.5492e-04   -1.0176e-03    2.6078e-04   -7.5644e-04
   3.0000e-01   -3.0000e+00    0.0000e+00    2.7406e+00    1.2202e+00    4.2211e-05   -1.0311e-03    -4.2577e-04    4.5346e-05
   3.0000e-01   -3.0000e+00    0.0000e+00    2.6730e+00    1.3620e+00    2.6298e-04   -1.0010e-03    6.0930e-05   -5.0268e-04
   3.0000e-01   -3.0000e+00    0.0000e+00    2.5981e+00    1.5000e+00    4.9869e-04   -9.1080e-04    1.9374e-04   -8.2697e-04
   3.0000e-01   -3.0000e+00    0.0000e+00    2.5160e+00    1.6339e+00    7.2687e-04   -7.4705e-04    7.4425e-04   -3.7814e-04
   3.0000e-01   -3.0000e+00    0.0000e+00    2.4271e+00    1.7634e+00    9.1390e-04   -5.0977e-04    1.3939e-03    9.4394e-05
   3.0000e-01   -3.0000e+00    0.0000e+00    2.3314e+00    1.8880e+00    1.0309e-03   -2.0482e-04    9.8379e-04    4.3259e-04
   3.0000e-01   -3.0000e+00    0.0000e+00    2.2294e+00    2.0074e+00    1.0445e-03    1.5764e-04    1.4595e-03    5.8892e-04
   3.0000e-01   -3.0000e+00    0.0000e+00    2.1213e+00    2.1213e+00    9.2174e-04    5.2726e-04    7.0836e-04    1.1202e-03
   3.0000e-01   -3.0000e+00    0.0000e+00    2.0074e+00    2.2294e+00    6.5832e-04    8.4073e-04    1.2191e-03    1.2405e-03
   3.0000e-01   -3.0000e+00    0.0000e+00    1.8880e+00    2.3314e+00    2.7247e-04    1.0390e-03    7.9239e-04    1.4921e-03
   3.0000e-01   -3.0000e+00    0.0000e+00    1.7634e+00    2.4271e+00   -1.9768e-04    1.0630e-03   -6.2782e-05    7.1621e-04
   3.0000e-01   -3.0000e+00    0.0000e+00    1.6339e+00    2.5160e+00   -6.5633e-04    8.6867e-04   -1.2927e-03    8.8700e-04
   3.0000e-01   -3.0000e+00    0.0000e+00    1.5000e+00    2.5981e+00   -9.9048e-04    4.7103e-04   -1.8600e-03    2.6770e-04
   3.0000e-01   -3.0000e+00    0.0000e+00    1.3620e+00    2.6730e+00   -1.1034e-03   -6.3558e-05   -1.0316e-03   -3.0107e-04
   3.0000e-01   -3.0000e+00    0.0000e+00    1.2202e+00    2.7406e+00   -9.2712e-04   -6.1857e-04   -9.9155e-04   -1.1144e-03
   3.0000e-01   -3.0000e+00    0.0000e+00    1.0751e+00    2.8007e+00   -4.7323e-04   -1.0199e-03   -9.2888e-04   -6.0969e-04
   3.0000e-01   -3.0000e+00    0.0000e+00    9.2705e-01    2.8532e+00    1.5644e-04   -1.1239e-03   -3.1129e-05   -9.7468e-04
   3.0000e-01   -3.0000e+00    0.0000e+00    7.7646e-01    2.8978e+00    7.5908e-04   -8.5828e-04    1.1457e-03   -3.0660e-04
   3.0000e-01   -3.0000e+00    0.0000e+00    6.2374e-01    2.9344e+00    1.1258e-03   -2.6989e-04    5.5192e-04    3.1466e-04
   3.0000e-01   -3.0000e+00    0.0000e+00    4.6930e-01    2.9631e+00    1.0790e-03    4.5350e-04    6.2376e-04    5.6195e-04
   3.0000e-01   -3.0000e+00    0.0000e+00    3.1359e-01    2.9836e+00    5.8602e-04    1.0288e-03    3.9296e-04    1.5777e-03
   3.0000e-01   -3.0000e+00    0.0000e+00    1.5701e-01    2.9959e+00   -1.7874e-04    1.1850e-03   -7.7518e-04    1.5283e-03
   3.0000e-01   -3.0000e+00    0.0000e+00    0.0000e+00    3.0000e+00   -9.0095e-04    8.1333e-04   -8.3951e-04    1.3205e-03
   3.0000e-01   -3.0000e+00    0.0000e+00   -1.5701e-01    2.9959e+00   -1.2297e-03    3.3121e-05   -1.4116e-03    6.3574e-04
   3.0000e-01   -3.0000e+00    0.0000e+00   -3.1359e-01    2.9836e+00   -9.5654e-04   -8.0100e-04   -1.2904e-03   -1.2468e-04
   3.0000e-01   -3.0000e+00    0.0000e+00   -4.6930e-01    2.9631e+00   -1.6658e-04   -1.2554e-03   -5.8452e-05   -1.5266e-03
   3.0000e-01   -3.0000e+00    0.0000e+00   -6.2374e-01    2.9344e+00    7.5756e-04   -1.0399e-03    9.2717e-04   -7.0693e-04
   3.0000e-01   -3.0000e+00    0.0000e+00   -7.7646e-01    2.8978e+00    1.2893e-03   -2.2034e-04    1.2116e-03    -2.3263e-04
   3.0000e-01   -3.0000e+00    0.0000e+00   -9.2705e-01    2.8532e+00    1.0825e-03    7.7461e-04    1.0875e-03    4.8909e-04
   3.0000e-01   -3.0000e+00    0.0000e+00   -1.0751e+00    2.8007e+00    1.9048e-04    1.3427e-03    9.6393e-04    1.1606e-03
   3.0000e-01   -3.0000e+00    0.0000e+00   -1.2202e+00    2.7406e+00   -8.6808e-04    1.0765e-03   -9.4588e-04    1.7299e-03
   3.0000e-01   -3.0000e+00    0.0000e+00   -1.3620e+00    2.6730e+00   -1.4096e-03    7.8720e-05   -9.8197e-04    5.4012e-04
   3.0000e-01   -3.0000e+00    0.0000e+00   -1.5000e+00    2.5981e+00   -1.0149e-03   -1.0260e-03   -2.0492e-04   -9.9259e-04
   3.0000e-01   -3.0000e+00    0.0000e+00   -1.6339e+00    2.5160e+00    1.2244e-04   -1.4723e-03    -8.8418e-06   -1.0471e-03
   3.0000e-01   -3.0000e+00    0.0000e+00   -1.7634e+00    2.4271e+00    1.2379e-03   -8.7250e-04    1.8254e-03   -9.4264e-04
   3.0000e-01   -3.0000e+00    0.0000e+00   -1.8880e+00    2.3314e+00    1.4992e-03    4.1292e-04    1.3257e-03    8.7524e-04
   3.0000e-01   -3.0000e+00    0.0000e+00   -2.0074e+00    2.2294e+00    6.3001e-04    1.4707e-03    1.1646e-03    8.8603e-04
   3.0000e-01   -3.0000e+00    0.0000e+00   -2.1213e+00    2.1213e+00   -7.9867e-04    1.4433e-03   -1.7920e-04    7.6914e-04
   3.0000e-01   -3.0000e+00    0.0000e+00   -2.2294e+00    2.0074e+00   -1.6858e-03    2.5140e-04   -1.5418e-03    -3.7112e-04
   3.0000e-01   -3.0000e+00    0.0000e+00   -2.3314e+00    1.8880e+00   -1.2613e-03   -1.2357e-03   -1.1807e-03   -1.8176e-03
   3.0000e-01   -3.0000e+00    0.0000e+00   -2.4271e+00    1.7634e+00    2.5666e-04   -1.8170e-03    3.3921e-04   -1.8758e-03
   3.0000e-01   -3.0000e+00    0.0000e+00   -2.5160e+00    1.6339e+00    1.6940e-03   -8.9140e-04    2.1072e-03   -1.0496e-03
   3.0000e-01   -3.0000e+00    0.0000e+00   -2.5981e+00    1.5000e+00    1.7913e-03    9.0077e-04    2.4870e-03    3.0332e-04
   3.0000e-01   -3.0000e+00    0.0000e+00   -2.5981e+00   -1.5000e+00    1.7913e-03    9.0077e-04    1.7817e-03    9.3274e-04
   3.0000e-01   -3.0000e+00    0.0000e+00   -2.5160e+00   -1.6339e+00    1.6940e-03   -8.9140e-04    2.3075e-03   -6.8398e-04
   3.0000e-01   -3.0000e+00    0.0000e+00   -2.4271e+00   -1.7634e+00    2.5666e-04   -1.8170e-03    7.5611e-04   -1.5314e-03
   3.0000e-01   -3.0000e+00    0.0000e+00   -2.3314e+00   -1.8880e+00   -1.2613e-03   -1.2357e-03   -8.7564e-04   -1.9832e-03
   3.0000e-01   -3.0000e+00    0.0000e+00   -2.2294e+00   -2.0074e+00   -1.6858e-03    2.5140e-04   -1.3582e-03    2.7602e-04
   3.0000e-01   -3.0000e+00    0.0000e+00   -2.1213e+00   -2.1213e+00   -7.9867e-04    1.4433e-03   -7.7614e-04    1.1982e-03
   3.0000e-01   -3.0000e+00    0.0000e+00   -2.0074e+00   -2.2294e+00    6.3001e-04    1.4707e-03    4.7626e-04    1.5835e-03
   3.0000e-01   -3.0000e+00    0.0000e+00   -1.8880e+00   -2.3314e+00    1.4992e-03    4.1292e-04    1.8255e-03    -2.0356e-04
   3.0000e-01   -3.0000e+00    0.0000e+00   -1.7634e+00   -2.4271e+00    1.2379e-03   -8.7250e-04    1.3293e-03   -1.1492e-03
   3.0000e-01   -3.0000e+00    0.0000e+00   -1.6339e+00   -2.5160e+00    1.2244e-04   -1.4723e-03    -2.3097e-04   -1.4101e-03
   3.0000e-01   -3.0000e+00    0.0000e+00   -1.5000e+00   -2.5981e+00   -1.0149e-03   -1.0260e-03   -1.1408e-03   -1.3886e-03
   3.0000e-01   -3.0000e+00    0.0000e+00   -1.3620e+00   -2.6730e+00   -1.4096e-03    7.8720e-05   -1.7130e-03    3.8544e-05
   3.0000e-01   -3.0000e+00    0.0000e+00   -1.2202e+00   -2.7406e+00   -8.6808e-04    1.0765e-03   -8.9908e-04    4.8045e-04
   3.0000e-01   -3.0000e+00    0.0000e+00   -1.0751e+00   -2.8007e+00    1.9048e-04    1.3427e-03    -1.7272e-04    1.0497e-03
   3.0000e-01   -3.0000e+00    0.0000e+00   -9.2705e-01   -2.8532e+00    1.0825e-03    7.7461e-04    1.1678e-03    1.1178e-04
   3.0000e-01   -3.0000e+00    0.0000e+00   -7.7646e-01   -2.8978e+00    1.2893e-03   -2.2034e-04    1.3793e-03   -8.4006e-04
   3.0000e-01   -3.0000e+00    0.0000e+00   -6.2374e-01   -2.9344e+00    7.5756e-04   -1.0399e-03    1.6652e-03   -1.7457e-03
   3.0000e-01   -3.0000e+00    0.0000e+00   -4.6930e-01   -2.9631e+00   -1.6658e-04   -1.2554e-03   -6.1918e-04   -1.5721e-03
   3.0000e-01   -3.0000e+00    0.0000e+00   -3.1359e-01   -2.9836e+00   -9.5654e-04   -8.0100e-04   -1.4842e-03   -9.1516e-04
   3.0000e-01   -3.0000e+00    0.0000e+00   -1.5701e-01   -2.9959e+00   -1.2297e-03    3.3121e-05   -7.7232e-04   -5.7065e-04
   3.0000e-01   -3.0000e+00    0.0000e+00    0.0000e+00   -3.0000e+00   -9.0095e-04    8.1333e-04   -1.0977e-03    1.3713e-04
   3.0000e-01   -3.0000e+00    0.0000e+00    1.5701e-01   -2.9959e+00   -1.7874e-04    1.1850e-03   -4.7496e-04    1.2257e-03
   3.0000e-01   -3.0000e+00    0.0000e+00    3.1359e-01   -2.9836e+00    5.8602e-04    1.0288e-03    5.9213e-04    1.7741e-04
   3.0000e-01   -3.0000e+00    0.0000e+00    4.6930e-01   -2.9631e+00    1.0790e-03    4.5350e-04    1.2947e-03    3.8330e-04
   3.0000e-01   -3.0000e+00    0.0000e+00    6.2374e-01   -2.9344e+00    1.1258e-03   -2.6989e-04    9.0917e-04   -1.0183e-03
   3.0000e-01   -3.0000e+00    0.0000e+00    7.7646e-01   -2.8978e+00    7.5908e-04   -8.5828e-04    3.5385e-04   -1.6373e-03
   3.0000e-01   -3.0000e+00    0.0000e+00    9.2705e-01   -2.8532e+00    1.5644e-04   -1.1239e-03   -1.1973e-04   -1.6930e-03
   3.0000e-01   -3.0000e+00    0.0000e+00    1.0751e+00   -2.8007e+00   -4.7323e-04   -1.0199e-03   -1.7896e-03   -1.0775e-03
   3.0000e-01   -3.0000e+00    0.0000e+00    1.2202e+00   -2.7406e+00   -9.2712e-04   -6.1857e-04   -1.3401e-03   -5.6617e-04
   3.0000e-01   -3.0000e+00    0.0000e+00    1.3620e+00   -2.6730e+00   -1.1034e-03   -6.3558e-05   -1.6465e-03   -2.8255e-04
   3.0000e-01   -3.0000e+00    0.0000e+00    1.5000e+00   -2.5981e+00   -9.9048e-04    4.7103e-04   -1.0586e-03    3.9944e-04
   3.0000e-01   -3.0000e+00    0.0000e+00    1.6339e+00   -2.5160e+00   -6.5633e-04    8.6867e-04   -1.0263e-03    1.9459e-03
   3.0000e-01   -3.0000e+00    0.0000e+00    1.7634e+00   -2.4271e+00   -1.9768e-04    1.0630e-03   -7.2176e-04    1.0832e-03
   3.0000e-01   -3.0000e+00    0.0000e+00    1.8880e+00   -2.3314e+00    2.7247e-04    1.0390e-03    4.9494e-04    7.9210e-04
   3.0000e-01   -3.0000e+00    0.0000e+00    2.0074e+00   -2.2294e+00    6.5832e-04    8.4073e-04    -1.3135e-04    4.5960e-04
   3.0000e-01   -3.0000e+00    0.0000e+00    2.1213e+00   -2.1213e+00    9.2174e-04    5.2726e-04    7.7040e-04    1.0320e-03
   3.0000e-01   -3.0000e+00    0.0000e+00    2.2294e+00   -2.0074e+00    1.0445e-03    1.5764e-04    1.0253e-03    2.9370e-05
   3.0000e-01   -3.0000e+00    0.0000e+00    2.3314e+00   -1.8880e+00    1.0309e-03   -2.0482e-04    1.1737e-03    7.4550e-04
   3.0000e-01   -3.0000e+00    0.0000e+00    2.4271e+00   -1.7634e+00    9.1390e-04   -5.0977e-04    7.0347e-04    1.1352e-04
   3.0000e-01   -3.0000e+00    0.0000e+00    2.5160e+00   -1.6339e+00    7.2687e-04   -7.4705e-04    8.7675e-04    1.1419e-04
   3.0000e-01   -3.0000e+00    0.0000e+00    2.5981e+00   -1.5000e+00    4.9869e-04   -9.1080e-04    7.1196e-04   -4.9065e-04
   3.0000e-01   -3.0000e+00    0.0000e+00    2.6730e+00   -1.3620e+00    2.6298e-04   -1.0010e-03    2.4511e-04   -5.2761e-04
   3.0000e-01   -3.0000e+00    0.0000e+00    2.7406e+00   -1.2202e+00    4.2211e-05   -1.0311e-03    4.0227e-04    1.9455e-04
   3.0000e-01   -3.0000e+00    0.0000e+00    2.8007e+00   -1.0751e+00   -1.5492e-04   -1.0176e-03    3.2051e-06    2.0397e-04
   3.0000e-01   -3.0000e+00    0.0000e+00    2.8532e+00   -9.2705e-01   -3.2103e-04   -9.7542e-04   -6.4334e-04    5.3146e-04
   3.0000e-01   -3.0000e+00    0.0000e+00    2.8978e+00   -7.7646e-01   -4.5735e-04   -9.1719e-04   -2.9841e-04    3.7358e-04
   3.0000e-01   -3.0000e+00    0.0000e+00    2.9344e+00   -6.2374e-01   -5.5748e-04   -8.5822e-04    2.5556e-04    1.4597e-04
   3.0000e-01   -3.0000e+00    0.0000e+00    2.9631e+00   -4.6930e-01   -6.3216e-04   -8.0316e-04    2.6347e-04    5.6626e-04
   3.0000e-01   -3.0000e+00    0.0000e+00    2.9836e+00   -3.1359e-01   -6.7957e-04   -7.6235e-04   -1.8764e-04    7.8976e-04
   3.0000e-01   -3.0000e+00    0.0000e+00    2.9959e+00   -1.5701e-01   -7.0919e-04   -7.3424e-04   -6.6489e-04    8.3434e-04
   3.0000e-01   -2.6000e+00   -1.5000e+00    3.0000e+00    0.0000e+00    4.8662e-04   -9.1717e-04    4.9192e-04    3.0487e-04
   3.0000e-01   -2.6000e+00   -1.5000e+00    2.9959e+00    1.5701e-01    2.5568e-04   -1.0028e-03    1.8266e-04   -2.6034e-04
   3.0000e-01   -2.6000e+00   -1.5000e+00    2.9836e+00    3.1359e-01    3.4806e-05   -1.0312e-03    2.1383e-04   -1.3191e-04
   3.0000e-01   -2.6000e+00   -1.5000e+00    2.9631e+00    4.6930e-01   -1.6660e-04   -1.0155e-03   -5.3502e-04   -1.3219e-04
   3.0000e-01   -2.6000e+00   -1.5000e+00    2.9344e+00    6.2374e-01   -3.3277e-04   -9.7141e-04    2.5294e-04    -2.2235e-05
   3.0000e-01   -2.6000e+00   -1.5000e+00    2.8978e+00    7.7646e-01   -4.6719e-04   -9.1211e-04   -6.5522e-04    3.6226e-04
   3.0000e-01   -2.6000e+00   -1.5000e+00    2.8532e+00    9.2705e-01   -5.6536e-04   -8.5288e-04   -1.0977e-03    -6.3626e-04
   3.0000e-01   -2.6000e+00   -1.5000e+00    2.8007e+00    1.0751e+00   -6.4018e-04   -7.9672e-04   -4.4390e-04    2.9420e-04
   3.0000e-01   -2.6000e+00   -1.5000e+00    2.7406e+00    1.2202e+00   -6.8973e-04   -7.5306e-04   -3.8102e-04    -6.9375e-05
   3.0000e-01   -2.6000e+00   -1.5000e+00    2.6730e+00    1.3620e+00   -7.1986e-04   -7.2346e-04   -5.2336e-04    -2.4010e-04
   3.0000e-01   -2.6000e+00   -1.5000e+00    2.5981e+00    1.5000e+00   -7.2759e-04   -7.1560e-04   -3.7087e-04    -3.2804e-04
   3.0000e-01   -2.6000e+00   -1.5000e+00    2.5160e+00    1.6339e+00   -7.1621e-04   -7.2733e-04   -4.8222e-04    3.4968e-04
   3.0000e-01   -2.6000e+00   -1.5000e+00    2.4271e+00    1.7634e+00   -6.8991e-04   -7.5288e-04   -1.0440e-03    1.6952e-06
   3.0000e-01   -2.6000e+00   -1.5000e+00    2.3314e+00    1.8880e+00   -6.4391e-04   -7.9355e-04   -2.0639e-05    7.1208e-04
   3.0000e-01   -2.6000e+00   -1.5000e+00    2.2294e+00    2.0074e+00   -5.6603e-04   -8.5245e-04   -8.0492e-04    1.6523e-04
   3.0000e-01   -2.6000e+00   -1.5000e+00    2.1213e+00    2.1213e+00   -4.6059e-04   -9.1562e-04   -5.9749e-04   -5.6929e-04
   3.0000e-01   -2.6000e+00   -1.5000e+00    2.0074e+00    2.2294e+00   -3.3049e-04   -9.7226e-04    6.0468e-04    9.4558e-05
   3.0000e-01   -2.6000e+00   -1.5000e+00    1.8880e+00    2.3314e+00   -1.6975e-04   -1.0150e-03    -1.4212e-04   -1.5969e-04
   3.0000e-01   -2.6000e+00   -1.5000e+00    1.7634e+00    2.4271e+00    3.2403e-05   -1.0313e-03    5.9298e-04   -2.2968e-04
   3.0000e-01   -2.6000e+00   -1.5000e+00    1.6339e+00    2.5160e+00    2.5896e-04   -1.0020e-03    1.4094e-03   -8.0637e-05
   3.0000e-01   -2.6000e+00   -1.5000e+00    1.5000e+00    2.5981e+00    4.9173e-04   -9.1455e-04    -3.5330e-04   -3.7393e-04
   3.0000e-01   -2.6000e+00   -1.5000e+00    1.3620e+00    2.6730e+00    7.1703e-04   -7.5625e-04    7.0244e-04   -2.2453e-04
   3.0000e-01   -2.6000e+00   -1.5000e+00    1.2202e+00    2.7406e+00    9.1049e-04   -5.1596e-04    1.1507e-03    -1.9260e-04
   3.0000e-01   -2.6000e+00   -1.5000e+00    1.0751e+00    2.8007e+00    1.0306e-03   -2.0695e-04    8.2540e-04    8.3819e-04
   3.0000e-01   -2.6000e+00   -1.5000e+00    9.2705e-01    2.8532e+00    1.0450e-03    1.5364e-04    1.4407e-03    3.9278e-04
   3.0000e-01   -2.6000e+00   -1.5000e+00    7.7646e-01    2.8978e+00    9.2785e-04    5.1601e-04    1.3199e-03    1.2266e-03
   3.0000e-01   -2.6000e+00   -1.5000e+00    6.2374e-01    2.9344e+00    6.6498e-04    8.3541e-04    1.2390e-03    8.5808e-04
   3.0000e-01   -2.6000e+00   -1.5000e+00    4.6930e-01    2.9631e+00    2.7365e-04    1.0388e-03    6.2252e-04    1.1970e-03
   3.0000e-01   -2.6000e+00   -1.5000e+00    3.1359e-01    2.9836e+00   -1.9724e-04    1.0630e-03    2.4961e-04    1.3463e-03
   3.0000e-01   -2.6000e+00   -1.5000e+00    1.5701e-01    2.9959e+00   -6.5106e-04    8.7255e-04   -1.5409e-03    1.2116e-03
   3.0000e-01   -2.6000e+00   -1.5000e+00    0.0000e+00    3.0000e+00   -9.8714e-04    4.7770e-04   -1.7348e-03    6.9257e-04
   3.0000e-01   -2.6000e+00   -1.5000e+00   -1.5701e-01    2.9959e+00   -1.1035e-03   -6.2410e-05   -1.2443e-03    5.4904e-05
   3.0000e-01   -2.6000e+00   -1.5000e+00   -3.1359e-01    2.9836e+00   -9.3007e-04   -6.1379e-04   -1.6533e-03   -7.9308e-04
   3.0000e-01   -2.6000e+00   -1.5000e+00   -4.6930e-01    2.9631e+00   -4.7914e-04   -1.0169e-03   -1.0007e-03   -8.9359e-04
   3.0000e-01   -2.6000e+00   -1.5000e+00   -6.2374e-01    2.9344e+00    1.4886e-04   -1.1248e-03    3.9262e-04   -6.6483e-04
   3.0000e-01   -2.6000e+00   -1.5000e+00   -7.7646e-01    2.8978e+00    7.5473e-04   -8.6193e-04    2.9618e-04   -2.1189e-04
   3.0000e-01   -2.6000e+00   -1.5000e+00   -9.2705e-01    2.8532e+00    1.1245e-03   -2.7469e-04    2.9173e-04    1.2876e-04
   3.0000e-01   -2.6000e+00   -1.5000e+00   -1.0751e+00    2.8007e+00    1.0809e-03    4.4881e-04    6.6601e-04    6.6025e-04
   3.0000e-01   -2.6000e+00   -1.5000e+00   -1.2202e+00    2.7406e+00    5.9562e-04    1.0231e-03    4.5884e-04    8.6647e-04
   3.0000e-01   -2.6000e+00   -1.5000e+00   -1.3620e+00    2.6730e+00   -1.7128e-04    1.1858e-03   -2.7214e-04    1.2615e-03
   3.0000e-01   -2.6000e+00   -1.5000e+00   -1.5000e+00    2.5981e+00   -8.9682e-04    8.1751e-04   -4.1142e-04    7.5951e-04
   3.0000e-01   -2.6000e+00   -1.5000e+00   -1.6339e+00    2.5160e+00   -1.2295e-03    3.6530e-05   -1.1934e-03    3.1530e-04
   3.0000e-01   -2.6000e+00   -1.5000e+00   -1.7634e+00    2.4271e+00   -9.5842e-04   -7.9852e-04   -1.8583e-03   -2.6982e-04
   3.0000e-01   -2.6000e+00   -1.5000e+00   -1.8880e+00    2.3314e+00   -1.7340e-04   -1.2542e-03   -1.0391e-03   -2.1005e-03
   3.0000e-01   -2.6000e+00   -1.5000e+00   -2.0074e+00    2.2294e+00    7.5145e-04   -1.0441e-03    6.0414e-04   -6.6613e-04
   3.0000e-01   -2.6000e+00   -1.5000e+00   -2.1213e+00    2.1213e+00    1.2896e-03   -2.1856e-04    8.4026e-04   -3.6404e-04
   3.0000e-01   -2.6000e+00   -1.5000e+00   -2.2294e+00    2.0074e+00    1.0814e-03    7.7600e-04    1.2156e-03    9.8094e-04
   3.0000e-01   -2.6000e+00   -1.5000e+00   -2.3314e+00    1.8880e+00    1.9757e-04    1.3413e-03   -5.0449e-04    1.5382e-03
   3.0000e-01   -2.6000e+00   -1.5000e+00   -2.4271e+00    1.7634e+00   -8.6586e-04    1.0780e-03   -1.7751e-03    7.6855e-04
   3.0000e-01   -2.6000e+00   -1.5000e+00   -2.5160e+00    1.6339e+00   -1.4095e-03    7.8570e-05   -2.2271e-03   -8.6761e-04
   3.0000e-01   -2.6000e+00   -1.5000e+00   -2.5981e+00    1.5000e+00   -1.0140e-03   -1.0270e-03   -1.8567e-03   -6.9391e-04
   3.0000e-01   -2.6000e+00   -1.5000e+00   -2.6730e+00    1.3620e+00    1.1651e-04   -1.4724e-03   -6.6982e-04   -1.8208e-03
   3.0000e-01   -2.6000e+00   -1.5000e+00   -2.7406e+00    1.2202e+00    1.2384e-03   -8.7194e-04    4.5872e-04   -6.9802e-04
   3.0000e-01   -2.6000e+00   -1.5000e+00   -2.8007e+00    1.0751e+00    1.4983e-03    4.1698e-04    1.1906e-03    4.3982e-04
   3.0000e-01   -2.6000e+00   -1.5000e+00   -2.8532e+00    9.2705e-01    6.2070e-04    1.4748e-03    3.0829e-04    8.6238e-04
   3.0000e-01   -2.6000e+00   -1.5000e+00   -2.8978e+00    7.7646e-01   -7.9776e-04    1.4436e-03   -1.4014e-03    1.5851e-03
   3.0000e-01   -2.6000e+00   -1.5000e+00   -2.9344e+00    6.2374e-01   -1.6852e-03    2.5429e-04   -1.9039e-03    3.6815e-04
   3.0000e-01   -2.6000e+00   -1.5000e+00   -2.9631e+00    4.6930e-01   -1.2553e-03   -1.2422e-03   -2.6071e-03   -1.0028e-03
   3.0000e-01   -2.6000e+00   -1.5000e+00   -2.9836e+00    3.1359e-01    2.7172e-04   -1.8154e-03    -3.2189e-05   -1.1742e-03
   3.0000e-01   -2.6000e+00   -1.5000e+00   -2.9959e+00    1.5701e-01    1.6972e-03   -8.8578e-04    1.4254e-03   -1.0511e-03
   3.0000e-01   -2.6000e+00   -1.5000e+00   -3.0000e+00    0.0000e+00    1.7867e-03    9.1095e-04    1.9941e-03    4.0936e-04
   3.0000e-01   -2.6000e+00   -1.5000e+00   -1.5000e+00   -2.5981e+00    1.7992e-03    8.8287e-04    2.2041e-03    4.6917e-04
   3.0000e-01   -2.6000e+00   -1.5000e+00   -1.3620e+00   -2.6730e+00    1.6862e-03   -9.0466e-04    2.2298e-03   -7.9946e-04
   3.0000e-01   -2.6000e+00   -1.5000e+00   -1.2202e+00   -2.7406e+00    2.4186e-04   -1.8186e-03    4.6767e-04   -2.3126e-03
   3.0000e-01   -2.6000e+00   -1.5000e+00   -1.0751e+00   -2.8007e+00   -1.2689e-03   -1.2275e-03   -1.3284e-03   -1.3622e-03
   3.0000e-01   -2.6000e+00   -1.5000e+00   -9.2705e-01   -2.8532e+00   -1.6815e-03    2.7364e-04   -2.4479e-03   -2.1138e-04
   3.0000e-01   -2.6000e+00   -1.5000e+00   -7.7646e-01   -2.8978e+00   -7.8153e-04    1.4519e-03   -4.4533e-04    6.6759e-04
   3.0000e-01   -2.6000e+00   -1.5000e+00   -6.2374e-01   -2.9344e+00    6.3846e-04    1.4667e-03    1.0858e-03    8.9533e-04
   3.0000e-01   -2.6000e+00   -1.5000e+00   -4.6930e-01   -2.9631e+00    1.5023e-03    4.0018e-04    1.5707e-03    -3.9524e-04
   3.0000e-01   -2.6000e+00   -1.5000e+00   -3.1359e-01   -2.9836e+00    1.2268e-03   -8.8720e-04    1.3395e-03   -1.1014e-03
   3.0000e-01   -2.6000e+00   -1.5000e+00   -1.5701e-01   -2.9959e+00    1.0645e-04   -1.4730e-03    4.4772e-04   -1.3751e-03
   3.0000e-01   -2.6000e+00   -1.5000e+00    0.0000e+00   -3.0000e+00   -1.0227e-03   -1.0178e-03   -6.5643e-04   -1.3736e-03
   3.0000e-01   -2.6000e+00   -1.5000e+00    1.5701e-01   -2.9959e+00   -1.4085e-03    9.1961e-05   -1.9926e-03    1.3744e-04
   3.0000e-01   -2.6000e+00   -1.5000e+00    3.1359e-01   -2.9836e+00   -8.6198e-04    1.0810e-03   -1.4909e-03    4.4526e-04
   3.0000e-01   -2.6000e+00   -1.5000e+00    4.6930e-01   -2.9631e+00    2.0512e-04    1.3401e-03    3.2989e-04    1.0266e-03
   3.0000e-01   -2.6000e+00   -1.5000e+00    6.2374e-01   -2.9344e+00    1.0907e-03    7.6233e-04    1.5237e-03    2.7279e-04
   3.0000e-01   -2.6000e+00   -1.5000e+00    7.7646e-01   -2.8978e+00    1.2864e-03   -2.3480e-04    4.6397e-04   -8.2842e-04
   3.0000e-01   -2.6000e+00   -1.5000e+00    9.2705e-01   -2.8532e+00    7.4694e-04   -1.0471e-03    6.1645e-04   -1.6669e-03
   3.0000e-01   -2.6000e+00   -1.5000e+00    1.0751e+00   -2.8007e+00   -1.8057e-04   -1.2532e-03    1.4302e-04   -1.8255e-03
   3.0000e-01   -2.6000e+00   -1.5000e+00    1.2202e+00   -2.7406e+00   -9.6513e-04   -7.9030e-04   -1.7295e-03   -1.0786e-03
   3.0000e-01   -2.6000e+00   -1.5000e+00    1.3620e+00   -2.6730e+00   -1.2285e-03    5.3084e-05   -1.8964e-03    2.5101e-04
   3.0000e-01   -2.6000e+00   -1.5000e+00    1.5000e+00   -2.5981e+00   -8.9054e-04    8.2425e-04   -1.0323e-03    -1.2450e-04
   3.0000e-01   -2.6000e+00   -1.5000e+00    1.6339e+00   -2.5160e+00   -1.6376e-04    1.1868e-03   -7.4752e-06    1.6935e-03
   3.0000e-01   -2.6000e+00   -1.5000e+00    1.7634e+00   -2.4271e+00    6.0493e-04    1.0173e-03    -4.1158e-04    1.0087e-03
   3.0000e-01   -2.6000e+00   -1.5000e+00    1.8880e+00   -2.3314e+00    1.0863e-03    4.3454e-04    1.0025e-03    1.9566e-04
   3.0000e-01   -2.6000e+00   -1.5000e+00    2.0074e+00   -2.2294e+00    1.1227e-03   -2.8146e-04    9.8347e-04   -3.5376e-04
   3.0000e-01   -2.6000e+00   -1.5000e+00    2.1213e+00   -2.1213e+00    7.5188e-04   -8.6435e-04    2.2029e-04   -5.3656e-04
   3.0000e-01   -2.6000e+00   -1.5000e+00    2.2294e+00   -2.0074e+00    1.3736e-04   -1.1261e-03   -6.4253e-04   -5.3158e-04
   3.0000e-01   -2.6000e+00   -1.5000e+00    2.3314e+00   -1.8880e+00   -4.9042e-04   -1.0112e-03   -1.8152e-04   -1.5396e-03
   3.0000e-01   -2.6000e+00   -1.5000e+00    2.4271e+00   -1.7634e+00   -9.3491e-04   -6.0601e-04   -1.1996e-03   -8.4443e-05
   3.0000e-01   -2.6000e+00   -1.5000e+00    2.5160e+00   -1.6339e+00   -1.1037e-03   -5.5297e-05   -1.5445e-03    -6.1326e-05
   3.0000e-01   -2.6000e+00   -1.5000e+00    2.5981e+00   -1.5000e+00   -9.8379e-04    4.8397e-04   -1.3810e-03    1.0542e-03
   3.0000e-01   -2.6000e+00   -1.5000e+00    2.6730e+00   -1.3620e+00   -6.4232e-04    8.7864e-04   -1.1042e-03    1.0797e-03
   3.0000e-01   -2.6000e+00   -1.5000e+00    2.7406e+00   -1.2202e+00   -1.8553e-04    1.0650e-03   -1.9956e-04    1.2674e-03
   3.0000e-01   -2.6000e+00   -1.5000e+00    2.8007e+00   -1.0751e+00    2.7941e-04    1.0371e-03    -2.4858e-04    8.8789e-04
   3.0000e-01   -2.6000e+00   -1.5000e+00    2.8532e+00   -9.2705e-01    6.6882e-04    8.3204e-04    -8.5885e-05    8.2027e-04
   3.0000e-01   -2.6000e+00   -1.5000e+00    2.8978e+00   -7.7646e-01    9.3042e-04    5.1102e-04    1.2299e-04    7.4541e-04
   3.0000e-01   -2.6000e+00   -1.5000e+00    2.9344e+00   -6.2374e-01    1.0458e-03    1.4689e-04    1.0245e-03    7.4819e-04
   3.0000e-01   -2.6000e+00   -1.5000e+00    2.9631e+00   -4.6930e-01    1.0293e-03   -2.1214e-04    6.0868e-04    5.3792e-05
   3.0000e-01   -2.6000e+00   -1.5000e+00    2.9836e+00   -3.1359e-01    9.0911e-04   -5.1803e-04    4.5096e-04    -3.2658e-04
   3.0000e-01   -2.6000e+00   -1.5000e+00    2.9959e+00   -1.5701e-01    7.1774e-04   -7.5562e-04    1.9816e-04    2.9019e-04
   3.0000e-01   -1.5000e+00   -2.6000e+00    3.0000e+00    0.0000e+00   -9.8714e-04    4.7770e-04   -2.0096e-03    2.7208e-04
   3.0000e-01   -1.5000e+00   -2.6000e+00    2.9959e+00    1.5701e-01   -6.5106e-04    8.7255e-04   -1.3429e-03    1.6244e-03
   3.0000e-01   -1.5000e+00   -2.6000e+00    2.9836e+00    3.1359e-01   -1.9724e-04    1.0630e-03   -1.2907e-03    1.0250e-03
   3.0000e-01   -1.5000e+00   -2.6000e+00    2.9631e+00    4.6930e-01    2.7365e-04    1.0388e-03   -2.1343e-04    6.9734e-04
   3.0000e-01   -1.5000e+00   -2.6000e+00    2.9344e+00    6.2374e-01    6.6498e-04    8.3541e-04    4.8655e-04    9.0729e-04
   3.0000e-01   -1.5000e+00   -2.6000e+00    2.8978e+00    7.7646e-01    9.2785e-04    5.1601e-04    2.9826e-04    7.5691e-04
   3.0000e-01   -1.5000e+00   -2.6000e+00    2.8532e+00    9.2705e-01    1.0450e-03    1.5364e-04    1.0435e-03    7.9610e-04
   3.0000e-01   -1.5000e+00   -2.6000e+00    2.8007e+00    1.0751e+00    1.0306e-03   -2.0695e-04    7.3556e-04    5.6732e-04
   3.0000e-01   -1.5000e+00   -2.6000e+00    2.7406e+00    1.2202e+00    9.1049e-04   -5.1596e-04    8.5817e-04   -9.7201e-04
   3.0000e-01   -1.5000e+00   -2.6000e+00    2.6730e+00    1.3620e+00    7.1703e-04   -7.5625e-04    1.0262e-03   -4.2607e-04
   3.0000e-01   -1.5000e+00   -2.6000e+00    2.5981e+00    1.5000e+00    4.9173e-04   -9.1455e-04    3.5754e-04   -1.3159e-04
   3.0000e-01   -1.5000e+00   -2.6000e+00    2.5160e+00    1.6339e+00    2.5896e-04   -1.0020e-03    3.6495e-04   -1.1940e-04
   3.0000e-01   -1.5000e+00   -2.6000e+00    2.4271e+00    1.7634e+00    3.2403e-05   -1.0313e-03    3.6985e-04   -1.8635e-04
   3.0000e-01   -1.5000e+00   -2.6000e+00    2.3314e+00    1.8880e+00   -1.6975e-04   -1.0150e-03    5.3605e-04   -2.1733e-04
   3.0000e-01   -1.5000e+00   -2.6000e+00    2.2294e+00    2.0074e+00   -3.3049e-04   -9.7226e-04    -2.0301e-04    5.0845e-05
   3.0000e-01   -1.5000e+00   -2.6000e+00    2.1213e+00    2.1213e+00   -4.6059e-04   -9.1562e-04    1.2574e-04    5.6708e-04
   3.0000e-01   -1.5000e+00   -2.6000e+00    2.0074e+00    2.2294e+00   -5.6603e-04   -8.5245e-04    2.5005e-04    1.9748e-04
   3.0000e-01   -1.5000e+00   -2.6000e+00    1.8880e+00    2.3314e+00   -6.4391e-04   -7.9355e-04    -2.4885e-04    -1.4977e-04
   3.0000e-01   -1.5000e+00   -2.6000e+00    1.7634e+00    2.4271e+00   -6.8991e-04   -7.5288e-04    6.1089e-05    -3.6763e-04
   3.0000e-01   -1.5000e+00   -2.6000e+00    1.6339e+00    2.5160e+00   -7.1621e-04   -7.2733e-04    -4.2300e-04    8.0265e-05
   3.0000e-01   -1.5000e+00   -2.6000e+00    1.5000e+00    2.5981e+00   -7.2759e-04   -7.1560e-04    -7.6118e-06    2.1790e-04
   3.0000e-01   -1.5000e+00   -2.6000e+00    1.3620e+00    2.6730e+00   -7.1986e-04   -7.2346e-04    4.5338e-04    -1.6251e-05
   3.0000e-01   -1.5000e+00   -2.6000e+00    1.2202e+00    2.7406e+00   -6.8973e-04   -7.5306e-04    3.0574e-04    4.7481e-05
   3.0000e-01   -1.5000e+00   -2.6000e+00    1.0751e+00    2.8007e+00   -6.4018e-04   -7.9672e-04    2.8225e-06    1.4265e-04
   3.0000e-01   -1.5000e+00   -2.6000e+00    9.2705e-01    2.8532e+00   -5.6536e-04   -8.5288e-04    -6.6328e-04   -5.5144e-06
   3.0000e-01   -1.5000e+00   -2.6000e+00    7.7646e-01    2.8978e+00   -4.6719e-04   -9.1211e-04    -6.4808e-05   -4.7057e-04
   3.0000e-01   -1.5000e+00   -2.6000e+00    6.2374e-01    2.9344e+00   -3.3277e-04   -9.7141e-04    -4.5519e-04   -3.7790e-04
   3.0000e-01   -1.5000e+00   -2.6000e+00    4.6930e-01    2.9631e+00   -1.6660e-04   -1.0155e-03    -3.4568e-04    3.4588e-05
   3.0000e-01   -1.5000e+00   -2.6000e+00    3.1359e-01    2.9836e+00    3.4806e-05   -1.0312e-03    4.0424e-04   -9.8713e-04
   3.0000e-01   -1.5000e+00   -2.6000e+00    1.5701e-01    2.9959e+00    2.5568e-04   -1.0028e-03    3.8823e-04   -8.6694e-05
   3.0000e-01   -1.5000e+00   -2.6000e+00    0.0000e+00    3.0000e+00    4.8662e-04   -9.1717e-04    5.7247e-04   -4.4506e-04
   3.0000e-01   -1.5000e+00   -2.6000e+00   -1.5701e-01    2.9959e+00    7.1774e-04   -7.5562e-04    8.0250e-04   -2.7648e-04
   3.0000e-01   -1.5000e+00   -2.6000e+00   -3.1359e-01    2.9836e+00    9.0911e-04   -5.1803e-04    4.0451e-04   -6.1301e-05
   3.0000e-01   -1.5000e+00   -2.6000e+00   -4.6930e-01    2.9631e+00    1.0293e-03   -2.1214e-04    8.6905e-04    1.3225e-03
   3.0000e-01   -1.5000e+00   -2.6000e+00   -6.2374e-01    2.9344e+00    1.0458e-03    1.4689e-04    9.2716e-04    3.4031e-04
   3.0000e-01   -1.5000e+00   -2.6000e+00   -7.7646e-01    2.8978e+00    9.3042e-04    5.1102e-04    1.1791e-03    7.6577e-04
   3.0000e-01   -1.5000e+00   -2.6000e+00   -9.2705e-01    2.8532e+00    6.6882e-04    8.3204e-04    5.5437e-04    7.6510e-04
   3.0000e-01   -1.5000e+00   -2.6000e+00   -1.0751e+00    2.8007e+00    2.7941e-04    1.0371e-03    5.7558e-04    1.0158e-03
   3.0000e-01   -1.5000e+00   -2.6000e+00   -1.2202e+00    2.7406e+00   -1.8553e-04    1.0650e-03   -4.1051e-04    1.6642e-03
   3.0000e-01   -1.5000e+00   -2.6000e+00   -1.3620e+00    2.6730e+00   -6.4232e-04    8.7864e-04   -1.1932e-03    1.0106e-03
   3.0000e-01   -1.5000e+00   -2.6000e+00   -1.5000e+00    2.5981e+00   -9.8379e-04    4.8397e-04   -1.2600e-03    8.3648e-04
   3.0000e-01   -1.5000e+00   -2.6000e+00   -1.6339e+00    2.5160e+00   -1.1037e-03   -5.5297e-05   -2.0664e-03    7.3751e-05
   3.0000e-01   -1.5000e+00   -2.6000e+00   -1.7634e+00    2.4271e+00   -9.3491e-04   -6.0601e-04   -1.8863e-03   -8.5384e-04
   3.0000e-01   -1.5000e+00   -2.6000e+00   -1.8880e+00    2.3314e+00   -4.9042e-04   -1.0112e-03   -1.3628e-03   -5.3992e-04
   3.0000e-01   -1.5000e+00   -2.6000e+00   -2.0074e+00    2.2294e+00    1.3736e-04   -1.1261e-03    9.0132e-05   -1.5389e-04
   3.0000e-01   -1.5000e+00   -2.6000e+00   -2.1213e+00    2.1213e+00    7.5188e-04   -8.6435e-04    6.8881e-05   -1.2133e-03
   3.0000e-01   -1.5000e+00   -2.6000e+00   -2.2294e+00    2.0074e+00    1.1227e-03   -2.8146e-04    9.4431e-05    2.8308e-04
   3.0000e-01   -1.5000e+00   -2.6000e+00   -2.3314e+00    1.8880e+00    1.0863e-03    4.3454e-04    -1.4653e-04    2.6486e-04
   3.0000e-01   -1.5000e+00   -2.6000e+00   -2.4271e+00    1.7634e+00    6.0493e-04    1.0173e-03   -2.3985e-04    1.6167e-03
   3.0000e-01   -1.5000e+00   -2.6000e+00   -2.5160e+00    1.6339e+00   -1.6376e-04    1.1868e-03   -1.1469e-03    1.5330e-03
   3.0000e-01   -1.5000e+00   -2.6000e+00   -2.5981e+00    1.5000e+00   -8.9054e-04    8.2425e-04   -9.5613e-04    6.8820e-04
   3.0000e-01   -1.5000e+00   -2.6000e+00   -2.6730e+00    1.3620e+00   -1.2285e-03    5.3084e-05   -1.5679e-03   -6.0406e-04
   3.0000e-01   -1.5000e+00   -2.6000e+00   -2.7406e+00    1.2202e+00   -9.6513e-04   -7.9030e-04   -1.4606e-03   -9.5226e-04
   3.0000e-01   -1.5000e+00   -2.6000e+00   -2.8007e+00    1.0751e+00   -1.8057e-04   -1.2532e-03   -1.5594e-03   -1.1802e-03
   3.0000e-01   -1.5000e+00   -2.6000e+00   -2.8532e+00    9.2705e-01    7.4694e-04   -1.0471e-03    5.3726e-04   -1.7738e-03
   3.0000e-01   -1.5000e+00   -2.6000e+00   -2.8978e+00    7.7646e-01    1.2864e-03   -2.3480e-04    4.7078e-04   -6.0714e-04
   3.0000e-01   -1.5000e+00   -2.6000e+00   -2.9344e+00    6.2374e-01    1.0907e-03    7.6233e-04    6.7069e-04    5.5294e-04
   3.0000e-01   -1.5000e+00   -2.6000e+00   -2.9631e+00    4.6930e-01    2.0512e-04    1.3401e-03    -3.1643e-04    8.6160e-04
   3.0000e-01   -1.5000e+00   -2.6000e+00   -2.9836e+00    3.1359e-01   -8.6198e-04    1.0810e-03   -8.4833e-04    7.9845e-04
   3.0000e-01   -1.5000e+00   -2.6000e+00   -2.9959e+00    1.5701e-01   -1.4085e-03    9.1961e-05   -1.4985e-03   -1.0288e-04
   3.0000e-01   -1.5000e+00   -2.6000e+00   -3.0000e+00    0.0000e+00   -1.0227e-03   -1.0178e-03   -8.5325e-04   -1.1899e-03
   3.0000e-01   -1.5000e+00   -2.6000e+00   -2.9959e+00   -1.5701e-01    1.0645e-04   -1.4730e-03    4.6955e-04   -1.5540e-03
   3.0000e-01   -1.5000e+00   -2.6000e+00   -2.9836e+00   -3.1359e-01    1.2268e-03   -8.8720e-04    1.6336e-03   -5.4236e-04
   3.0000e-01   -1.5000e+00   -2.6000e+00   -2.9631e+00   -4.6930e-01    1.5023e-03    4.0018e-04    1.0472e-03    6.1556e-04
   3.0000e-01   -1.5000e+00   -2.6000e+00   -2.9344e+00   -6.2374e-01    6.3846e-04    1.4667e-03    1.4258e-03    9.6024e-04
   3.0000e-01   -1.5000e+00   -2.6000e+00   -2.8978e+00   -7.7646e-01   -7.8153e-04    1.4519e-03   -6.6997e-04    1.1712e-03
   3.0000e-01   -1.5000e+00   -2.6000e+00   -2.8532e+00   -9.2705e-01   -1.6815e-03    2.7364e-04   -1.3885e-03    3.1879e-04
   3.0000e-01   -1.5000e+00   -2.6000e+00   -2.8007e+00   -1.0751e+00   -1.2689e-03   -1.2275e-03   -1.3997e-03   -8.8863e-04
   3.0000e-01   -1.5000e+00   -2.6000e+00   -2.7406e+00   -1.2202e+00    2.4186e-04   -1.8186e-03    2.9618e-05   -2.0327e-03
   3.0000e-01   -1.5000e+00   -2.6000e+00   -2.6730e+00   -1.3620e+00    1.6862e-03   -9.0466e-04    2.1675e-03   -3.3352e-04
   3.0000e-01   -1.5000e+00   -2.6000e+00   -2.5981e+00   -1.5000e+00    1.7992e-03    8.8287e-04    1.6807e-03    1.0081e-03
   3.0000e-01   -1.5000e+00   -2.6000e+00    0.0000e+00   -3.0000e+00    1.7867e-03    9.1095e-04    1.9716e-03    1.0296e-04
   3.0000e-01   -1.5000e+00   -2.6000e+00    1.5701e-01   -2.9959e+00    1.6972e-03   -8.8578e-04    1.4720e-03   -1.5564e-03
   3.0000e-01   -1.5000e+00   -2.6000e+00    3.1359e-01   -2.9836e+00    2.7172e-04   -1.8154e-03    2.4807e-04   -2.1948e-03
   3.0000e-01   -1.5000e+00   -2.6000e+00    4.6930e-01   -2.9631e+00   -1.2553e-03   -1.2422e-03   -1.0511e-03   -9.8990e-04
   3.0000e-01   -1.5000e+00   -2.6000e+00    6.2374e-01   -2.9344e+00   -1.6852e-03    2.5429e-04   -1.3079e-03    1.0174e-03
   3.0000e-01   -1.5000e+00   -2.6000e+00    7.7646e-01   -2.8978e+00   -7.9776e-04    1.4436e-03   -6.5307e-04    1.4929e-03
   3.0000e-01   -1.5000e+00   -2.6000e+00    9.2705e-01   -2.8532e+00    6.2070e-04    1.4748e-03    1.0285e-03    1.7854e-03
   3.0000e-01   -1.5000e+00   -2.6000e+00    1.0751e+00   -2.8007e+00    1.4983e-03    4.1698e-04    1.6139e-03    4.6628e-04
   3.0000e-01   -1.5000e+00   -2.6000e+00    1.2202e+00   -2.7406e+00    1.2384e-03   -8.7194e-04    2.1126e-03   -1.4263e-03
   3.0000e-01   -1.5000e+00   -2.6000e+00    1.3620e+00   -2.6730e+00    1.1651e-04   -1.4724e-03    3.3937e-04   -1.5777e-03
   3.0000e-01   -1.5000e+00   -2.6000e+00    1.5000e+00   -2.5981e+00   -1.0140e-03   -1.0270e-03   -9.4110e-04   -1.6662e-03
   3.0000e-01   -1.5000e+00   -2.6000e+00    1.6339e+00   -2.5160e+00   -1.4095e-03    7.8570e-05   -5.0180e-04   -3.3017e-04
   3.0000e-01   -1.5000e+00   -2.6000e+00    1.7634e+00   -2.4271e+00   -8.6586e-04    1.0780e-03   -2.6438e-05    5.4918e-04
   3.0000e-01   -1.5000e+00   -2.6000e+00    1.8880e+00   -2.3314e+00    1.9757e-04    1.3413e-03    2.6506e-04    1.2909e-03
   3.0000e-01   -1.5000e+00   -2.6000e+00    2.0074e+00   -2.2294e+00    1.0814e-03    7.7600e-04    1.1072e-03    7.2097e-05
   3.0000e-01   -1.5000e+00   -2.6000e+00    2.1213e+00   -2.1213e+00    1.2896e-03   -2.1856e-04    1.0728e-03   -4.9300e-04
   3.0000e-01   -1.5000e+00   -2.6000e+00    2.2294e+00   -2.0074e+00    7.5145e-04   -1.0441e-03    4.9872e-04   -1.4004e-03
   3.0000e-01   -1.5000e+00   -2.6000e+00    2.3314e+00   -1.8880e+00   -1.7340e-04   -1.2542e-03   -1.0874e-03   -1.8648e-03
   3.0000e-01   -1.5000e+00   -2.6000e+00    2.4271e+00   -1.7634e+00   -9.5842e-04   -7.9852e-04   -1.1471e-03   -1.4010e-03
   3.0000e-01   -1.5000e+00   -2.6000e+00    2.5160e+00   -1.6339e+00   -1.2295e-03    3.6530e-05   -1.7858e-03   -7.1301e-04
   3.0000e-01   -1.5000e+00   -2.6000e+00    2.5981e+00   -1.5000e+00   -8.9682e-04    8.1751e-04   -1.1135e-03    9.6011e-04
   3.0000e-01   -1.5000e+00   -2.6000e+00    2.6730e+00   -1.3620e+00   -1.7128e-04    1.1858e-03   -1.0019e-03    6.6275e-04
   3.0000e-01   -1.5000e+00   -2.6000e+00    2.7406e+00   -1.2202e+00    5.9562e-04    1.0231e-03    6.0822e-04    7.3302e-04
   3.0000e-01   -1.5000e+00   -2.6000e+00    2.8007e+00   -1.0751e+00    1.0809e-03    4.4881e-04    6.4012e-04    -1.3045e-04
   3.0000e-01   -1.5000e+00   -2.6000e+00    2.8532e+00   -9.2705e-01    1.1245e-03   -2.7469e-04    6.8230e-04   -7.1027e-04
   3.0000e-01   -1.5000e+00   -2.6000e+00    2.8978e+00   -7.7646e-01    7.5473e-04   -8.6193e-04    -5.5304e-04   -1.5111e-03
   3.0000e-01   -1.5000e+00   -2.6000e+00    2.9344e+00   -6.2374e-01    1.4886e-04   -1.1248e-03   -1.0928e-03   -9.9515e-04
   3.0000e-01   -1.5000e+00   -2.6000e+00    2.9631e+00   -4.6930e-01   -4.7914e-04   -1.0169e-03   -6.8753e-04   -1.6447e-03
   3.0000e-01   -1.5000e+00   -2.6000e+00    2.9836e+00   -3.1359e-01   -9.3007e-04   -6.1379e-04   -1.1466e-03    1.2332e-05
   3.0000e-01   -1.5000e+00   -2.6000e+00    2.9959e+00   -1.5701e-01   -1.1035e-03   -6.2410e-05   -1.8505e-03    1.6915e-04
   3.0000e-01    0.0000e+00   -3.0000e+00    3.0000e+00    0.0000e+00   -9.0095e-04    8.1333e-04   -1.0261e-03    2.4310e-04
   3.0000e-01    0.0000e+00   -3.0000e+00    2.9959e+00    1.5701e-01   -1.7874e-04    1.1850e-03   -8.5778e-04    5.1215e-04
   3.0000e-01    0.0000e+00   -3.0000e+00    2.9836e+00    3.1359e-01    5.8602e-04    1.0288e-03    1.7755e-04    -2.8464e-04
   3.0000e-01    0.0000e+00   -3.0000e+00    2.9631e+00    4.6930e-01    1.0790e-03    4.5350e-04    1.0236e-03    -7.6664e-05
   3.0000e-01    0.0000e+00   -3.0000e+00    2.9344e+00    6.2374e-01    1.1258e-03   -2.6989e-04    1.0522e-03   -8.0283e-04
   3.0000e-01    0.0000e+00   -3.0000e+00    2.8978e+00    7.7646e-01    7.5908e-04   -8.5828e-04    1.6559e-03   -1.8198e-03
   3.0000e-01    0.0000e+00   -3.0000e+00    2.8532e+00    9.2705e-01    1.5644e-04   -1.1239e-03   -4.1419e-04   -1.1517e-03
   3.0000e-01    0.0000e+00   -3.0000e+00    2.8007e+00    1.0751e+00   -4.7323e-04   -1.0199e-03    2.1869e-04   -1.6419e-03
   3.0000e-01    0.0000e+00   -3.0000e+00    2.7406e+00    1.2202e+00   -9.2712e-04   -6.1857e-04   -4.1173e-04   -1.1623e-03
   3.0000e-01    0.0000e+00   -3.0000e+00    2.6730e+00    1.3620e+00   -1.1034e-03   -6.3558e-05   -7.6368e-04   -1.7904e-04
   3.0000e-01    0.0000e+00   -3.0000e+00    2.5981e+00    1.5000e+00   -9.9048e-04    4.7103e-04   -2.6658e-04    1.0549e-03
   3.0000e-01    0.0000e+00   -3.0000e+00    2.5160e+00    1.6339e+00   -6.5633e-04    8.6867e-04   -9.8558e-04    1.9452e-03
   3.0000e-01    0.0000e+00   -3.0000e+00    2.4271e+00    1.7634e+00   -1.9768e-04    1.0630e-03   -6.7047e-04    9.7157e-04
   3.0000e-01    0.0000e+00   -3.0000e+00    2.3314e+00    1.8880e+00    2.7247e-04    1.0390e-03    9.4624e-04    8.4822e-04
   3.0000e-01    0.0000e+00   -3.0000e+00    2.2294e+00    2.0074e+00    6.5832e-04    8.4073e-04    4.4770e-04    1.0367e-03
   3.0000e-01    0.0000e+00   -3.0000e+00    2.1213e+00    2.1213e+00    9.2174e-04    5.2726e-04    1.1663e-03    8.8048e-04
   3.0000e-01    0.0000e+00   -3.0000e+00    2.0074e+00    2.2294e+00    1.0445e-03    1.5764e-04    8.8140e-04    4.9806e-04
   3.0000e-01    0.0000e+00   -3.0000e+00    1.8880e+00    2.3314e+00    1.0309e-03   -2.0482e-04    1.4364e-03    6.8623e-04
   3.0000e-01    0.0000e+00   -3.0000e+00    1.7634e+00    2.4271e+00    9.1390e-04   -5.0977e-04    1.2458e-03   -6.0284e-04
   3.0000e-01    0.0000e+00   -3.0000e+00    1.6339e+00    2.5160e+00    7.2687e-04   -7.4705e-04    9.8868e-04   -5.4636e-04
   3.0000e-01    0.0000e+00   -3.0000e+00    1.5000e+00    2.5981e+00    4.9869e-04   -9.1080e-04    1.2923e-03   -1.0580e-03
   3.0000e-01    0.0000e+00   -3.0000e+00    1.3620e+00    2.6730e+00    2.6298e-04   -1.0010e-03    8.1197e-04   -8.7054e-04
   3.0000e-01    0.0000e+00   -3.0000e+00    1.2202e+00    2.7406e+00    4.2211e-05   -1.0311e-03    8.9788e-04   -1.6162e-04
   3.0000e-01    0.0000e+00   -3.0000e+00    1.0751e+00    2.8007e+00   -1.5492e-04   -1.0176e-03    3.3890e-04   -2.0828e-04
   3.0000e-01    0.0000e+00   -3.0000e+00    9.2705e-01    2.8532e+00   -3.2103e-04   -9.7542e-04    -5.3873e-06   -6.5354e-05
   3.0000e-01    0.0000e+00   -3.0000e+00    7.7646e-01    2.8978e+00   -4.5735e-04   -9.1719e-04    -2.6727e-06    4.2897e-05
   3.0000e-01    0.0000e+00   -3.0000e+00    6.2374e-01    2.9344e+00   -5.5748e-04   -8.5822e-04   -3.9647e-05   -1.0844e-03
   3.0000e-01    0.0000e+00   -3.0000e+00    4.6930e-01    2.9631e+00   -6.3216e-04   -8.0316e-04   -3.1134e-04    5.0091e-04
   3.0000e-01    0.0000e+00   -3.0000e+00    3.1359e-01    2.9836e+00   -6.7957e-04   -7.6235e-04    3.9502e-04    2.4665e-05
   3.0000e-01    0.0000e+00   -3.0000e+00    1.5701e-01    2.9959e+00   -7.0919e-04   -7.3424e-04   -2.2136e-04    -1.0519e-04
   3.0000e-01    0.0000e+00   -3.0000e+00    0.0000e+00    3.0000e+00   -7.2250e-04   -7.2081e-04    5.8001e-05    2.5333e-04
   3.0000e-01    0.0000e+00   -3.0000e+00   -1.5701e-01    2.9959e+00   -7.0919e-04   -7.3424e-04   -5.4351e-04    2.7127e-04
   3.0000e-01    0.0000e+00   -3.0000e+00   -3.1359e-01    2.9836e+00   -6.7957e-04   -7.6235e-04    3.1207e-04   -3.7541e-04
   3.0000e-01    0.0000e+00   -3.0000e+00   -4.6930e-01    2.9631e+00   -6.3216e-04   -8.0316e-04   -1.8793e-04    1.0291e-04
   3.0000e-01    0.0000e+00   -3.0000e+00   -6.2374e-01    2.9344e+00   -5.5748e-04   -8.5822e-04    2.1117e-04   -3.0627e-04
   3.0000e-01    0.0000e+00   -3.0000e+00   -7.7646e-01    2.8978e+00   -4.5735e-04   -9.1719e-04    -1.8358e-04   -4.0841e-04
   3.0000e-01    0.0000e+00   -3.0000e+00   -9.2705e-01    2.8532e+00   -3.2103e-04   -9.7542e-04    2.6731e-04   -1.5850e-04
   3.0000e-01    0.0000e+00   -3.0000e+00   -1.0751e+00    2.8007e+00   -1.5492e-04   -1.0176e-03    2.4874e-04   -9.1414e-04
   3.0000e-01    0.0000e+00   -3.0000e+00   -1.2202e+00    2.7406e+00    4.2211e-05   -1.0311e-03    5.8941e-06   -2.1235e-04
   3.0000e-01    0.0000e+00   -3.0000e+00   -1.3620e+00    2.6730e+00    2.6298e-04   -1.0010e-03    1.3948e-04   -3.8273e-04
   3.0000e-01    0.0000e+00   -3.0000e+00   -1.5000e+00    2.5981e+00    4.9869e-04   -9.1080e-04    6.5789e-04   -6.5269e-04
   3.0000e-01    0.0000e+00   -3.0000e+00   -1.6339e+00    2.5160e+00    7.2687e-04   -7.4705e-04    9.8803e-04    3.2105e-04
   3.0000e-01    0.0000e+00   -3.0000e+00   -1.7634e+00    2.4271e+00    9.1390e-04   -5.0977e-04    1.2310e-03   -2.4132e-04
   3.0000e-01    0.0000e+00   -3.0000e+00   -1.8880e+00    2.3314e+00    1.0309e-03   -2.0482e-04    6.3931e-04    3.1171e-04
   3.0000e-01    0.0000e+00   -3.0000e+00   -2.0074e+00    2.2294e+00    1.0445e-03    1.5764e-04    1.5923e-03    6.5308e-04
   3.0000e-01    0.0000e+00   -3.0000e+00   -2.1213e+00    2.1213e+00    9.2174e-04    5.2726e-04    1.4357e-03    9.1425e-04
   3.0000e-01    0.0000e+00   -3.0000e+00   -2.2294e+00    2.0074e+00    6.5832e-04    8.4073e-04    1.9774e-04    9.7041e-04
   3.0000e-01    0.0000e+00   -3.0000e+00   -2.3314e+00    1.8880e+00    2.7247e-04    1.0390e-03    4.6172e-04    1.3980e-03
   3.0000e-01    0.0000e+00   -3.0000e+00   -2.4271e+00    1.7634e+00   -1.9768e-04    1.0630e-03   -4.3215e-04    1.0661e-03
   3.0000e-01    0.0000e+00   -3.0000e+00   -2.5160e+00    1.6339e+00   -6.5633e-04    8.6867e-04   -6.0282e-04    1.3167e-03
   3.0000e-01    0.0000e+00   -3.0000e+00   -2.5981e+00    1.5000e+00   -9.9048e-04    4.7103e-04   -7.2909e-04    6.2599e-04
   3.0000e-01    0.0000e+00   -3.0000e+00   -2.6730e+00    1.3620e+00   -1.1034e-03   -6.3558e-05   -1.1025e-03   -5.9469e-04
   3.0000e-01    0.0000e+00   -3.0000e+00   -2.7406e+00    1.2202e+00   -9.2712e-04   -6.1857e-04   -1.5183e-03   -8.5065e-04
   3.0000e-01    0.0000e+00   -3.0000e+00   -2.8007e+00    1.0751e+00   -4.7323e-04   -1.0199e-03   -2.7861e-04   -1.1178e-03
   3.0000e-01    0.0000e+00   -3.0000e+00   -2.8532e+00    9.2705e-01    1.5644e-04   -1.1239e-03    1.5006e-04   -1.9850e-03
   3.0000e-01    0.0000e+00   -3.0000e+00   -2.8978e+00    7.7646e-01    7.5908e-04   -8.5828e-04    -2.8290e-05   -7.7109e-04
   3.0000e-01    0.0000e+00   -3.0000e+00   -2.9344e+00    6.2374e-01    1.1258e-03   -2.6989e-04    8.6573e-04   -1.1406e-03
   3.0000e-01    0.0000e+00   -3.0000e+00   -2.9631e+00    4.6930e-01    1.0790e-03    4.5350e-04    1.1564e-03    1.4228e-04
   3.0000e-01    0.0000e+00   -3.0000e+00   -2.9836e+00    3.1359e-01    5.8602e-04    1.0288e-03    1.4413e-03    1.0619e-03
   3.0000e-01    0.0000e+00   -3.0000e+00   -2.9959e+00    1.5701e-01   -1.7874e-04    1.1850e-03   -3.0923e-04    6.6503e-04
   3.0000e-01    0.0000e+00   -3.0000e+00   -3.0000e+00    0.0000e+00   -9.0095e-04    8.1333e-04   -1.0753e-03    2.9373e-04
   3.0000e-01    0.0000e+00   -3.0000e+00   -2.9959e+00   -1.5701e-01   -1.2297e-03    3.3121e-05   -2.0273e-03   -1.1336e-04
   3.0000e-01    0.0000e+00   -3.0000e+00   -2.9836e+00   -3.1359e-01   -9.5654e-04   -8.0100e-04   -1.0980e-03   -2.3479e-03
   3.0000e-01    0.0000e+00   -3.0000e+00   -2.9631e+00   -4.6930e-01   -1.6658e-04   -1.2554e-03   -6.4241e-04   -2.0789e-03
   3.0000e-01    0.0000e+00   -3.0000e+00   -2.9344e+00   -6.2374e-01    7.5756e-04   -1.0399e-03    9.0599e-04   -1.5674e-03
   3.0000e-01    0.0000e+00   -3.0000e+00   -2.8978e+00   -7.7646e-01    1.2893e-03   -2.2034e-04    1.6439e-03   -1.3277e-03
   3.0000e-01    0.0000e+00   -3.0000e+00   -2.8532e+00   -9.2705e-01    1.0825e-03    7.7461e-04    4.8905e-04    6.7832e-04
   3.0000e-01    0.0000e+00   -3.0000e+00   -2.8007e+00   -1.0751e+00    1.9048e-04    1.3427e-03    -2.2460e-04    4.5529e-04
   3.0000e-01    0.0000e+00   -3.0000e+00   -2.7406e+00   -1.2202e+00   -8.6808e-04    1.0765e-03   -1.2135e-03    3.1654e-04
   3.0000e-01    0.0000e+00   -3.0000e+00   -2.6730e+00   -1.3620e+00   -1.4096e-03    7.8720e-05   -1.3311e-03    4.5698e-05
   3.0000e-01    0.0000e+00   -3.0000e+00   -2.5981e+00   -1.5000e+00   -1.0149e-03   -1.0260e-03   -1.7155e-03   -1.5720e-03
   3.0000e-01    0.0000e+00   -3.0000e+00   -2.5160e+00   -1.6339e+00    1.2244e-04   -1.4723e-03    5.1299e-05   -1.8564e-03
   3.0000e-01    0.0000e+00   -3.0000e+00   -2.4271e+00   -1.7634e+00    1.2379e-03   -8.7250e-04    1.4984e-03   -1.2194e-03
   3.0000e-01    0.0000e+00   -3.0000e+00   -2.3314e+00   -1.8880e+00    1.4992e-03    4.1292e-04    1.2477e-03    -3.7556e-04
   3.0000e-01    0.0000e+00   -3.0000e+00   -2.2294e+00   -2.0074e+00    6.3001e-04    1.4707e-03    -6.6992e-05    9.8566e-04
   3.0000e-01    0.0000e+00   -3.0000e+00   -2.1213e+00   -2.1213e+00   -7.9867e-04    1.4433e-03   -7.7801e-04    1.4707e-03
   3.0000e-01    0.0000e+00   -3.0000e+00   -2.0074e+00   -2.2294e+00   -1.6858e-03    2.5140e-04   -1.7935e-03    8.3215e-04
   3.0000e-01    0.0000e+00   -3.0000e+00   -1.8880e+00   -2.3314e+00   -1.2613e-03   -1.2357e-03   -1.2371e-03   -1.6918e-03
   3.0000e-01    0.0000e+00   -3.0000e+00   -1.7634e+00   -2.4271e+00    2.5666e-04   -1.8170e-03    4.7298e-04   -2.4345e-03
   3.0000e-01    0.0000e+00   -3.0000e+00   -1.6339e+00   -2.5160e+00    1.6940e-03   -8.9140e-04    1.8630e-03   -1.9001e-03
   3.0000e-01    0.0000e+00   -3.0000e+00   -1.5000e+00   -2.5981e+00    1.7913e-03    9.0077e-04    2.1512e-03    7.1670e-04
   3.0000e-01    0.0000e+00   -3.0000e+00    1.5000e+00   -2.5981e+00    1.7913e-03    9.0077e-04    1.9754e-03    7.4998e-04
   3.0000e-01    0.0000e+00   -3.0000e+00    1.6339e+00   -2.5160e+00    1.6940e-03   -8.9140e-04    1.3031e-03   -1.4599e-03
   3.0000e-01    0.0000e+00   -3.0000e+00    1.7634e+00   -2.4271e+00    2.5666e-04   -1.8170e-03    9.2078e-04   -1.8812e-03
   3.0000e-01    0.0000e+00   -3.0000e+00    1.8880e+00   -2.3314e+00   -1.2613e-03   -1.2357e-03   -1.4337e-03   -1.3503e-03
   3.0000e-01    0.0000e+00   -3.0000e+00    2.0074e+00   -2.2294e+00   -1.6858e-03    2.5140e-04   -1.4968e-03    6.9272e-04
   3.0000e-01    0.0000e+00   -3.0000e+00    2.1213e+00   -2.1213e+00   -7.9867e-04    1.4433e-03   -3.6414e-04    1.2779e-03
   3.0000e-01    0.0000e+00   -3.0000e+00    2.2294e+00   -2.0074e+00    6.3001e-04    1.4707e-03    4.5245e-04    1.7994e-03
   3.0000e-01    0.0000e+00   -3.0000e+00    2.3314e+00   -1.8880e+00    1.4992e-03    4.1292e-04    1.4284e-03    -2.8441e-04
   3.0000e-01    0.0000e+00   -3.0000e+00    2.4271e+00   -1.7634e+00    1.2379e-03   -8.7250e-04    7.2289e-04   -1.5904e-03
   3.0000e-01    0.0000e+00   -3.0000e+00    2.5160e+00   -1.6339e+00    1.2244e-04   -1.4723e-03    -9.1571e-05   -1.5984e-03
   3.0000e-01    0.0000e+00   -3.0000e+00    2.5981e+00   -1.5000e+00   -1.0149e-03   -1.0260e-03   -7.7135e-04   -1.0275e-03
   3.0000e-01    0.0000e+00   -3.0000e+00    2.6730e+00   -1.3620e+00   -1.4096e-03    7.8720e-05   -1.4770e-03   -6.2560e-05
   3.0000e-01    0.0000e+00   -3.0000e+00    2.7406e+00   -1.2202e+00   -8.6808e-04    1.0765e-03   -1.6141e-04    9.4724e-04
   3.0000e-01    0.0000e+00   -3.0000e+00    2.8007e+00   -1.0751e+00    1.9048e-04    1.3427e-03    6.2814e-04    2.8460e-04
   3.0000e-01    0.0000e+00   -3.0000e+00    2.8532e+00   -9.2705e-01    1.0825e-03    7.7461e-04    6.1517e-04    -8.2964e-06
   3.0000e-01    0.0000e+00   -3.0000e+00    2.8978e+00   -7.7646e-01    1.2893e-03   -2.2034e-04    7.1261e-05   -6.9889e-04
   3.0000e-01    0.0000e+00   -3.0000e+00    2.9344e+00   -6.2374e-01    7.5756e-04   -1.0399e-03    1.0614e-03   -1.7530e-03
   3.0000e-01    0.0000e+00   -3.0000e+00    2.9631e+00   -4.6930e-01   -1.6658e-04   -1.2554e-03   -3.2860e-04   -2.0884e-03
   3.0000e-01    0.0000e+00   -3.0000e+00    2.9836e+00   -3.1359e-01   -9.5654e-04   -8.0100e-04   -1.3875e-03   -1.1999e-03
   3.0000e-01    0.0000e+00   -3.0000e+00    2.9959e+00   -1.5701e-01   -1.2297e-03    3.3121e-05   -1.9356e-03   -2.0265e-05
   3.0000e-01    1.5000e+00   -2.6000e+00    3.0000e+00    0.0000e+00   -1.0227e-03   -1.0178e-03   -1.7505e-03   -1.0099e-03
   3.0000e-01    1.5000e+00   -2.6000e+00    2.9959e+00    1.5701e-01   -1.4085e-03    9.1961e-05   -1.6438e-03    5.4621e-04
   3.0000e-01    1.5000e+00   -2.6000e+00    2.9836e+00    3.1359e-01   -8.6198e-04    1.0810e-03   -6.7638e-04    1.9087e-04
   3.0000e-01    1.5000e+00   -2.6000e+00    2.9631e+00    4.6930e-01    2.0512e-04    1.3401e-03    -8.6939e-04    8.6405e-04
   3.0000e-01    1.5000e+00   -2.6000e+00    2.9344e+00    6.2374e-01    1.0907e-03    7.6233e-04    6.8087e-04    5.9725e-04
   3.0000e-01    1.5000e+00   -2.6000e+00    2.8978e+00    7.7646e-01    1.2864e-03   -2.3480e-04    1.0155e-03   -6.9807e-05
   3.0000e-01    1.5000e+00   -2.6000e+00    2.8532e+00    9.2705e-01    7.4694e-04   -1.0471e-03    -1.1270e-04   -1.8142e-03
   3.0000e-01    1.5000e+00   -2.6000e+00    2.8007e+00    1.0751e+00   -1.8057e-04   -1.2532e-03   -4.8996e-04   -1.4734e-03
   3.0000e-01    1.5000e+00   -2.6000e+00    2.7406e+00    1.2202e+00   -9.6513e-04   -7.9030e-04   -1.4663e-03   -1.1134e-03
   3.0000e-01    1.5000e+00   -2.6000e+00    2.6730e+00    1.3620e+00   -1.2285e-03    5.3084e-05   -1.8091e-03    5.3837e-04
   3.0000e-01    1.5000e+00   -2.6000e+00    2.5981e+00    1.5000e+00   -8.9054e-04    8.2425e-04   -2.0651e-03    2.8838e-04
   3.0000e-01    1.5000e+00   -2.6000e+00    2.5160e+00    1.6339e+00   -1.6376e-04    1.1868e-03   -5.2192e-04    1.7089e-03
   3.0000e-01    1.5000e+00   -2.6000e+00    2.4271e+00    1.7634e+00    6.0493e-04    1.0173e-03   -1.0375e-04    4.7900e-04
   3.0000e-01    1.5000e+00   -2.6000e+00    2.3314e+00    1.8880e+00    1.0863e-03    4.3454e-04    -3.2128e-04    4.8295e-04
   3.0000e-01    1.5000e+00   -2.6000e+00    2.2294e+00    2.0074e+00    1.1227e-03   -2.8146e-04    -1.1258e-05    4.9761e-04
   3.0000e-01    1.5000e+00   -2.6000e+00    2.1213e+00    2.1213e+00    7.5188e-04   -8.6435e-04    9.7450e-04   -8.1007e-04
   3.0000e-01    1.5000e+00   -2.6000e+00    2.0074e+00    2.2294e+00    1.3736e-04   -1.1261e-03   -3.2946e-04   -1.1823e-03
   3.0000e-01    1.5000e+00   -2.6000e+00    1.8880e+00    2.3314e+00   -4.9042e-04   -1.0112e-03   -6.8672e-04   -1.0003e-03
   3.0000e-01    1.5000e+00   -2.6000e+00    1.7634e+00    2.4271e+00   -9.3491e-04   -6.0601e-04   -1.5054e-03   -5.8626e-05
   3.0000e-01    1.5000e+00   -2.6000e+00    1.6339e+00    2.5160e+00   -1.1037e-03   -5.5297e-05   -1.4182e-03    8.0995e-04
   3.0000e-01    1.5000e+00   -2.6000e+00    1.5000e+00    2.5981e+00   -9.8379e-04    4.8397e-04   -2.0996e-03    3.6887e-04
   3.0000e-01    1.5000e+00   -2.6000e+00    1.3620e+00    2.6730e+00   -6.4232e-04    8.7864e-04   -1.4195e-03    1.3286e-03
   3.0000e-01    1.5000e+00   -2.6000e+00    1.2202e+00    2.7406e+00   -1.8553e-04    1.0650e-03   -7.3865e-04    1.4641e-03
   3.0000e-01    1.5000e+00   -2.6000e+00    1.0751e+00    2.8007e+00    2.7941e-04    1.0371e-03   -4.5318e-04    1.2172e-03
   3.0000e-01    1.5000e+00   -2.6000e+00    9.2705e-01    2.8532e+00    6.6882e-04    8.3204e-04    1.3261e-03    1.7139e-03
   3.0000e-01    1.5000e+00   -2.6000e+00    7.7646e-01    2.8978e+00    9.3042e-04    5.1102e-04    9.6463e-05    9.6237e-04
   3.0000e-01    1.5000e+00   -2.6000e+00    6.2374e-01    2.9344e+00    1.0458e-03    1.4689e-04    1.3197e-03    3.2604e-04
   3.0000e-01    1.5000e+00   -2.6000e+00    4.6930e-01    2.9631e+00    1.0293e-03   -2.1214e-04    6.6350e-04    4.5700e-04
   3.0000e-01    1.5000e+00   -2.6000e+00    3.1359e-01    2.9836e+00    9.0911e-04   -5.1803e-04    1.0845e-03    1.6452e-04
   3.0000e-01    1.5000e+00   -2.6000e+00    1.5701e-01    2.9959e+00    7.1774e-04   -7.5562e-04    8.8223e-04    6.5229e-04
   3.0000e-01    1.5000e+00   -2.6000e+00    0.0000e+00    3.0000e+00    4.8474e-04   -9.1813e-04    4.5079e-04   -5.2673e-04
   3.0000e-01    1.5000e+00   -2.6000e+00   -1.5701e-01    2.9959e+00    2.5568e-04   -1.0028e-03    8.3702e-04   -9.5460e-05
   3.0000e-01    1.5000e+00   -2.6000e+00   -3.1359e-01    2.9836e+00    3.4806e-05   -1.0312e-03    -2.6039e-05    1.3799e-04
   3.0000e-01    1.5000e+00   -2.6000e+00   -4.6930e-01    2.9631e+00   -1.6660e-04   -1.0155e-03    -1.8733e-04   -2.9158e-04
   3.0000e-01    1.5000e+00   -2.6000e+00   -6.2374e-01    2.9344e+00   -3.3277e-04   -9.7141e-04    1.4146e-04   -4.7787e-04
   3.0000e-01    1.5000e+00   -2.6000e+00   -7.7646e-01    2.8978e+00   -4.6719e-04   -9.1211e-04    6.0417e-04   -1.0058e-03
   3.0000e-01    1.5000e+00   -2.6000e+00   -9.2705e-01    2.8532e+00   -5.6536e-04   -8.5288e-04    -1.5841e-04   -3.7149e-04
   3.0000e-01    1.5000e+00   -2.6000e+00   -1.0751e+00    2.8007e+00   -6.4018e-04   -7.9672e-04    4.0648e-04    6.3106e-04
   3.0000e-01    1.5000e+00   -2.6000e+00   -1.2202e+00    2.7406e+00   -6.8973e-04   -7.5306e-04    3.4146e-04    6.2901e-04
   3.0000e-01    1.5000e+00   -2.6000e+00   -1.3620e+00    2.6730e+00   -7.1986e-04   -7.2346e-04    -8.0854e-04    1.9671e-04
   3.0000e-01    1.5000e+00   -2.6000e+00   -1.5000e+00    2.5981e+00   -7.2759e-04   -7.1560e-04    -5.0049e-04    -9.6009e-09
   3.0000e-01    1.5000e+00   -2.6000e+00   -1.6339e+00    2.5160e+00   -7.1621e-04   -7.2733e-04    1.1133e-04    1.5700e-04
   3.0000e-01    1.5000e+00   -2.6000e+00   -1.7634e+00    2.4271e+00   -6.8991e-04   -7.5288e-04    5.4410e-04    -6.7282e-04
   3.0000e-01    1.5000e+00   -2.6000e+00   -1.8880e+00    2.3314e+00   -6.4391e-04   -7.9355e-04    -2.7561e-04    -5.5553e-04
   3.0000e-01    1.5000e+00   -2.6000e+00   -2.0074e+00    2.2294e+00   -5.6603e-04   -8.5245e-04    -5.4958e-04    2.9364e-04
   3.0000e-01    1.5000e+00   -2.6000e+00   -2.1213e+00    2.1213e+00   -4.6059e-04   -9.1562e-04    1.8641e-04    3.9879e-04
   3.0000e-01    1.5000e+00   -2.6000e+00   -2.2294e+00    2.0074e+00   -3.3049e-04   -9.7226e-04    6.3429e-04   -2.7073e-04
   3.0000e-01    1.5000e+00   -2.6000e+00   -2.3314e+00    1.8880e+00   -1.6975e-04   -1.0150e-03    -8.6700e-05   -2.1476e-05
   3.0000e-01    1.5000e+00   -2.6000e+00   -2.4271e+00    1.7634e+00    3.2403e-05   -1.0313e-03    1.3991e-04   -9.2264e-04
   3.0000e-01    1.5000e+00   -2.6000e+00   -2.5160e+00    1.6339e+00    2.5896e-04   -1.0020e-03    1.0862e-04   -4.5739e-04
   3.0000e-01    1.5000e+00   -2.6000e+00   -2.5981e+00    1.5000e+00    4.9173e-04   -9.1455e-04    1.1687e-03   -4.6414e-04
   3.0000e-01    1.5000e+00   -2.6000e+00   -2.6730e+00    1.3620e+00    7.1703e-04   -7.5625e-04    1.2911e-03   -3.6077e-04
   3.0000e-01    1.5000e+00   -2.6000e+00   -2.7406e+00    1.2202e+00    9.1049e-04   -5.1596e-04    7.7145e-04    8.0181e-04
   3.0000e-01    1.5000e+00   -2.6000e+00   -2.8007e+00    1.0751e+00    1.0306e-03   -2.0695e-04    1.6536e-03    8.6392e-05
   3.0000e-01    1.5000e+00   -2.6000e+00   -2.8532e+00    9.2705e-01    1.0450e-03    1.5364e-04    5.8229e-04    -3.0602e-04
   3.0000e-01    1.5000e+00   -2.6000e+00   -2.8978e+00    7.7646e-01    9.2785e-04    5.1601e-04    8.5348e-04    4.9944e-04
   3.0000e-01    1.5000e+00   -2.6000e+00   -2.9344e+00    6.2374e-01    6.6498e-04    8.3541e-04    5.4387e-04    9.7053e-04
   3.0000e-01    1.5000e+00   -2.6000e+00   -2.9631e+00    4.6930e-01    2.7365e-04    1.0388e-03    7.7357e-05    1.4199e-03
   3.0000e-01    1.5000e+00   -2.6000e+00   -2.9836e+00    3.1359e-01   -1.9724e-04    1.0630e-03   -4.9344e-04    6.7885e-04
   3.0000e-01    1.5000e+00   -2.6000e+00   -2.9959e+00    1.5701e-01   -6.5106e-04    8.7255e-04   -1.4005e-03    9.2770e-04
   3.0000e-01    1.5000e+00   -2.6000e+00   -3.0000e+00    0.0000e+00   -9.8714e-04    4.7770e-04   -1.8840e-03    5.3681e-04
   3.0000e-01    1.5000e+00   -2.6000e+00   -2.9959e+00   -1.5701e-01   -1.1035e-03   -6.2410e-05   -1.3455e-03   -3.3807e-04
   3.0000e-01    1.5000e+00   -2.6000e+00   -2.9836e+00   -3.1359e-01   -9.3007e-04   -6.1379e-04   -1.7456e-03   -1.5832e-03
   3.0000e-01    1.5000e+00   -2.6000e+00   -2.9631e+00   -4.6930e-01   -4.7914e-04   -1.0169e-03   -1.4226e-03   -1.9610e-03
   3.0000e-01    1.5000e+00   -2.6000e+00   -2.9344e+00   -6.2374e-01    1.4886e-04   -1.1248e-03   -3.4645e-04   -1.6497e-03
   3.0000e-01    1.5000e+00   -2.6000e+00   -2.8978e+00   -7.7646e-01    7.5473e-04   -8.6193e-04    -7.5033e-05   -9.1127e-04
   3.0000e-01    1.5000e+00   -2.6000e+00   -2.8532e+00   -9.2705e-01    1.1245e-03   -2.7469e-04    7.2613e-04   -6.5413e-04
   3.0000e-01    1.5000e+00   -2.6000e+00   -2.8007e+00   -1.0751e+00    1.0809e-03    4.4881e-04    8.8629e-04    4.3116e-04
   3.0000e-01    1.5000e+00   -2.6000e+00   -2.7406e+00   -1.2202e+00    5.9562e-04    1.0231e-03    -3.6603e-04    8.7359e-04
   3.0000e-01    1.5000e+00   -2.6000e+00   -2.6730e+00   -1.3620e+00   -1.7128e-04    1.1858e-03   -1.1570e-03    4.6709e-04
   3.0000e-01    1.5000e+00   -2.6000e+00   -2.5981e+00   -1.5000e+00   -8.9682e-04    8.1751e-04   -7.5788e-04    6.5958e-04
   3.0000e-01    1.5000e+00   -2.6000e+00   -2.5160e+00   -1.6339e+00   -1.2295e-03    3.6530e-05   -1.1596e-03   -3.1061e-04
   3.0000e-01    1.5000e+00   -2.6000e+00   -2.4271e+00   -1.7634e+00   -9.5842e-04   -7.9852e-04   -5.4541e-04   -1.7893e-03
   3.0000e-01    1.5000e+00   -2.6000e+00   -2.3314e+00   -1.8880e+00   -1.7340e-04   -1.2542e-03   -3.5026e-04   -1.6361e-03
   3.0000e-01    1.5000e+00   -2.6000e+00   -2.2294e+00   -2.0074e+00    7.5145e-04   -1.0441e-03    1.5189e-03   -1.0460e-03
   3.0000e-01    1.5000e+00   -2.6000e+00   -2.1213e+00   -2.1213e+00    1.2896e-03   -2.1856e-04    1.7368e-03   -8.8348e-04
   3.0000e-01    1.5000e+00   -2.6000e+00   -2.0074e+00   -2.2294e+00    1.0814e-03    7.7600e-04    2.0345e-03    5.8971e-04
   3.0000e-01    1.5000e+00   -2.6000e+00   -1.8880e+00   -2.3314e+00    1.9757e-04    1.3413e-03    -3.6611e-05    1.8755e-03
   3.0000e-01    1.5000e+00   -2.6000e+00   -1.7634e+00   -2.4271e+00   -8.6586e-04    1.0780e-03   -1.2201e-03    4.1313e-04
   3.0000e-01    1.5000e+00   -2.6000e+00   -1.6339e+00   -2.5160e+00   -1.4095e-03    7.8570e-05   -1.2823e-03   -6.1369e-04
   3.0000e-01    1.5000e+00   -2.6000e+00   -1.5000e+00   -2.5981e+00   -1.0140e-03   -1.0270e-03   -5.7782e-04   -1.2312e-03
   3.0000e-01    1.5000e+00   -2.6000e+00   -1.3620e+00   -2.6730e+00    1.1651e-04   -1.4724e-03    4.1050e-04   -1.0529e-03
   3.0000e-01    1.5000e+00   -2.6000e+00   -1.2202e+00   -2.7406e+00    1.2384e-03   -8.7194e-04    8.8036e-04   -6.3811e-04
   3.0000e-01    1.5000e+00   -2.6000e+00   -1.0751e+00   -2.8007e+00    1.4983e-03    4.1698e-04    1.4455e-03    6.9924e-04
   3.0000e-01    1.5000e+00   -2.6000e+00   -9.2705e-01   -2.8532e+00    6.2070e-04    1.4748e-03    1.5915e-03    2.0856e-03
   3.0000e-01    1.5000e+00   -2.6000e+00   -7.7646e-01   -2.8978e+00   -7.9776e-04    1.4436e-03   -6.3308e-04    7.5561e-04
   3.0000e-01    1.5000e+00   -2.6000e+00   -6.2374e-01   -2.9344e+00   -1.6852e-03    2.5429e-04   -1.3436e-03    -4.6018e-06
   3.0000e-01    1.5000e+00   -2.6000e+00   -4.6930e-01   -2.9631e+00   -1.2553e-03   -1.2422e-03   -1.7274e-03   -1.1946e-03
   3.0000e-01    1.5000e+00   -2.6000e+00   -3.1359e-01   -2.9836e+00    2.7172e-04   -1.8154e-03    8.9706e-05   -1.4928e-03
   3.0000e-01    1.5000e+00   -2.6000e+00   -1.5701e-01   -2.9959e+00    1.6972e-03   -8.8578e-04    2.1972e-03   -1.2076e-03
   3.0000e-01    1.5000e+00   -2.6000e+00    0.0000e+00   -3.0000e+00    1.7929e-03    8.9701e-04    1.9086e-03    5.9496e-04
   3.0000e-01    1.5000e+00   -2.6000e+00    2.5981e+00   -1.5000e+00    1.7992e-03    8.8287e-04    1.7016e-03    1.8827e-03
   3.0000e-01    1.5000e+00   -2.6000e+00    2.6730e+00   -1.3620e+00    1.6862e-03   -9.0466e-04    1.4275e-03   -1.0503e-03
   3.0000e-01    1.5000e+00   -2.6000e+00    2.7406e+00   -1.2202e+00    2.4186e-04   -1.8186e-03    7.2754e-04   -2.1256e-03
   3.0000e-01    1.5000e+00   -2.6000e+00    2.8007e+00   -1.0751e+00   -1.2689e-03   -1.2275e-03   -1.3844e-03   -1.8862e-03
   3.0000e-01    1.5000e+00   -2.6000e+00    2.8532e+00   -9.2705e-01   -1.6815e-03    2.7364e-04   -1.1048e-03    3.9130e-04
   3.0000e-01    1.5000e+00   -2.6000e+00    2.8978e+00   -7.7646e-01   -7.8153e-04    1.4519e-03   -4.8047e-04    7.3633e-04
   3.0000e-01    1.5000e+00   -2.6000e+00    2.9344e+00   -6.2374e-01    6.3846e-04    1.4667e-03    9.4271e-04    1.4352e-03
   3.0000e-01    1.5000e+00   -2.6000e+00    2.9631e+00   -4.6930e-01    1.5023e-03    4.0018e-04    1.4710e-03    -2.5252e-04
   3.0000e-01    1.5000e+00   -2.6000e+00    2.9836e+00   -3.1359e-01    1.2268e-03   -8.8720e-04    1.2765e-03   -1.3422e-03
   3.0000e-01    1.5000e+00   -2.6000e+00    2.9959e+00   -1.5701e-01    1.0645e-04   -1.4730e-03    1.7442e-04   -1.5690e-03
   3.0000e-01    2.6000e+00   -1.5000e+00    3.0000e+00    0.0000e+00    1.7867e-03    9.1095e-04    1.6170e-03    1.0732e-03
   3.0000e-01    2.6000e+00   -1.5000e+00    2.9959e+00    1.5701e-01    1.6972e-03   -8.8578e-04    1.5934e-03   -8.6200e-04
   3.0000e-01    2.6000e+00   -1.5000e+00    2.9836e+00    3.1359e-01    2.7172e-04   -1.8154e-03    3.1235e-04   -1.6140e-03
   3.0000e-01    2.6000e+00   -1.5000e+00    2.9631e+00    4.6930e-01   -1.2553e-03   -1.2422e-03   -1.7769e-03   -1.5524e-03
   3.0000e-01    2.6000e+00   -1.5000e+00    2.9344e+00    6.2374e-01   -1.6852e-03    2.5429e-04   -1.5340e-03    1.3369e-04
   3.0000e-01    2.6000e+00   -1.5000e+00    2.8978e+00    7.7646e-01   -7.9776e-04    1.4436e-03   -6.0846e-04    1.5503e-03
   3.0000e-01    2.6000e+00   -1.5000e+00    2.8532e+00    9.2705e-01    6.2070e-04    1.4748e-03    1.8027e-04    1.6371e-03
   3.0000e-01    2.6000e+00   -1.5000e+00    2.8007e+00    1.0751e+00    1.4983e-03    4.1698e-04    1.0929e-03    6.1575e-04
   3.0000e-01    2.6000e+00   -1.5000e+00    2.7406e+00    1.2202e+00    1.2384e-03   -8.7194e-04    1.5972e-03   -6.1268e-04
   3.0000e-01    2.6000e+00   -1.5000e+00    2.6730e+00    1.3620e+00    1.1651e-04   -1.4724e-03    6.0934e-04   -2.1990e-03
   3.0000e-01    2.6000e+00   -1.5000e+00    2.5981e+00    1.5000e+00   -1.0140e-03   -1.0270e-03   -1.6192e-03   -1.2561e-03
   3.0000e-01    2.6000e+00   -1.5000e+00    2.5160e+00    1.6339e+00   -1.4095e-03    7.8570e-05   -1.9814e-03    1.0384e-04
   3.0000e-01    2.6000e+00   -1.5000e+00    2.4271e+00    1.7634e+00   -8.6586e-04    1.0780e-03   -1.4446e-03    1.3973e-03
   3.0000e-01    2.6000e+00   -1.5000e+00    2.3314e+00    1.8880e+00    1.9757e-04    1.3413e-03    1.1507e-04    1.4180e-03
   3.0000e-01    2.6000e+00   -1.5000e+00    2.2294e+00    2.0074e+00    1.0814e-03    7.7600e-04    2.3525e-04    9.1882e-04
   3.0000e-01    2.6000e+00   -1.5000e+00    2.1213e+00    2.1213e+00    1.2896e-03   -2.1856e-04    1.0752e-03   -1.3183e-04
   3.0000e-01    2.6000e+00   -1.5000e+00    2.0074e+00    2.2294e+00    7.5145e-04   -1.0441e-03    2.9323e-04   -5.4099e-04
   3.0000e-01    2.6000e+00   -1.5000e+00    1.8880e+00    2.3314e+00   -1.7340e-04   -1.2542e-03   -8.4577e-04   -1.3961e-03
   3.0000e-01    2.6000e+00   -1.5000e+00    1.7634e+00    2.4271e+00   -9.5842e-04   -7.9852e-04   -1.1630e-03   -5.8320e-04
   3.0000e-01    2.6000e+00   -1.5000e+00    1.6339e+00    2.5160e+00   -1.2295e-03    3.6530e-05   -1.3507e-03    -3.6320e-05
   3.0000e-01    2.6000e+00   -1.5000e+00    1.5000e+00    2.5981e+00   -8.9682e-04    8.1751e-04   -1.8187e-03    4.0706e-04
   3.0000e-01    2.6000e+00   -1.5000e+00    1.3620e+00    2.6730e+00   -1.7128e-04    1.1858e-03   -7.3807e-04    1.5642e-03
   3.0000e-01    2.6000e+00   -1.5000e+00    1.2202e+00    2.7406e+00    5.9562e-04    1.0231e-03    5.1693e-04    4.3735e-04
   3.0000e-01    2.6000e+00   -1.5000e+00    1.0751e+00    2.8007e+00    1.0809e-03    4.4881e-04    9.3380e-04    5.3807e-04
   3.0000e-01    2.6000e+00   -1.5000e+00    9.2705e-01    2.8532e+00    1.1245e-03   -2.7469e-04    4.1483e-04    6.9738e-04
   3.0000e-01    2.6000e+00   -1.5000e+00    7.7646e-01    2.8978e+00    7.5473e-04   -8.6193e-04    5.7418e-04   -3.8049e-04
   3.0000e-01    2.6000e+00   -1.5000e+00    6.2374e-01    2.9344e+00    1.4886e-04   -1.1248e-03    8.7562e-04   -1.1521e-03
   3.0000e-01    2.6000e+00   -1.5000e+00    4.6930e-01    2.9631e+00   -4.7914e-04   -1.0169e-03   -8.3163e-04   -2.3760e-04
   3.0000e-01    2.6000e+00   -1.5000e+00    3.1359e-01    2.9836e+00   -9.3007e-04   -6.1379e-04   -1.5856e-03   -3.4381e-04
   3.0000e-01    2.6000e+00   -1.5000e+00    1.5701e-01    2.9959e+00   -1.1035e-03   -6.2410e-05   -1.2048e-03    5.7282e-04
   3.0000e-01    2.6000e+00   -1.5000e+00    0.0000e+00    3.0000e+00   -9.8520e-04    4.8154e-04   -9.0571e-04    4.3379e-04
   3.0000e-01    2.6000e+00   -1.5000e+00   -1.5701e-01    2.9959e+00   -6.5106e-04    8.7255e-04   -3.1583e-04    1.5174e-03
   3.0000e-01    2.6000e+00   -1.5000e+00   -3.1359e-01    2.9836e+00   -1.9724e-04    1.0630e-03   -5.8346e-04    1.1593e-03
   3.0000e-01    2.6000e+00   -1.5000e+00   -4.6930e-01    2.9631e+00    2.7365e-04    1.0388e-03    1.2945e-04    9.9247e-04
   3.0000e-01    2.6000e+00   -1.5000e+00   -6.2374e-01    2.9344e+00    6.6498e-04    8.3541e-04    1.1624e-03    1.1343e-03
   3.0000e-01    2.6000e+00   -1.5000e+00   -7.7646e-01    2.8978e+00    9.2785e-04    5.1601e-04    9.5828e-04    5.7975e-04
   3.0000e-01    2.6000e+00   -1.5000e+00   -9.2705e-01    2.8532e+00    1.0450e-03    1.5364e-04    1.0661e-03    1.2068e-03
   3.0000e-01    2.6000e+00   -1.5000e+00   -1.0751e+00    2.8007e+00    1.0306e-03   -2.0695e-04    1.5177e-03    -2.8746e-04
   3.0000e-01    2.6000e+00   -1.5000e+00   -1.2202e+00    2.7406e+00    9.1049e-04   -5.1596e-04    7.7185e-04    2.9332e-04
   3.0000e-01    2.6000e+00   -1.5000e+00   -1.3620e+00    2.6730e+00    7.1703e-04   -7.5625e-04    7.9249e-04   -3.5636e-04
   3.0000e-01    2.6000e+00   -1.5000e+00   -1.5000e+00    2.5981e+00    4.9173e-04   -9.1455e-04    4.5200e-04   -7.6700e-04
   3.0000e-01    2.6000e+00   -1.5000e+00   -1.6339e+00    2.5160e+00    2.5896e-04   -1.0020e-03    5.9678e-04   -4.5300e-04
   3.0000e-01    2.6000e+00   -1.5000e+00   -1.7634e+00    2.4271e+00    3.2403e-05   -1.0313e-03    7.8121e-04   -3.2333e-04
   3.0000e-01    2.6000e+00   -1.5000e+00   -1.8880e+00    2.3314e+00   -1.6975e-04   -1.0150e-03    -2.0291e-04    1.9604e-05
   3.0000e-01    2.6000e+00   -1.5000e+00   -2.0074e+00    2.2294e+00   -3.3049e-04   -9.7226e-04    5.1030e-04   -4.3561e-04
   3.0000e-01    2.6000e+00   -1.5000e+00   -2.1213e+00    2.1213e+00   -4.6059e-04   -9.1562e-04   -7.7370e-04   -2.4215e-04
   3.0000e-01    2.6000e+00   -1.5000e+00   -2.2294e+00    2.0074e+00   -5.6603e-04   -8.5245e-04   -7.4674e-04    6.5679e-04
   3.0000e-01    2.6000e+00   -1.5000e+00   -2.3314e+00    1.8880e+00   -6.4391e-04   -7.9355e-04   -8.4233e-04    3.3913e-06
   3.0000e-01    2.6000e+00   -1.5000e+00   -2.4271e+00    1.7634e+00   -6.8991e-04   -7.5288e-04    1.7583e-04    5.2801e-04
   3.0000e-01    2.6000e+00   -1.5000e+00   -2.5160e+00    1.6339e+00   -7.1621e-04   -7.2733e-04   -6.1984e-04    -4.4811e-05
   3.0000e-01    2.6000e+00   -1.5000e+00   -2.5981e+00    1.5000e+00   -7.2759e-04   -7.1560e-04   -5.2232e-04    1.9127e-04
   3.0000e-01    2.6000e+00   -1.5000e+00   -2.6730e+00    1.3620e+00   -7.1986e-04   -7.2346e-04    9.8561e-05    2.2970e-04
   3.0000e-01    2.6000e+00   -1.5000e+00   -2.7406e+00    1.2202e+00   -6.8973e-04   -7.5306e-04   -9.7404e-04    6.4003e-04
   3.0000e-01    2.6000e+00   -1.5000e+00   -2.8007e+00    1.0751e+00   -6.4018e-04   -7.9672e-04   -5.0900e-05    1.4023e-04
   3.0000e-01    2.6000e+00   -1.5000e+00   -2.8532e+00    9.2705e-01   -5.6536e-04   -8.5288e-04   -1.0617e-04    1.8377e-04
   3.0000e-01    2.6000e+00   -1.5000e+00   -2.8978e+00    7.7646e-01   -4.6719e-04   -9.1211e-04   -7.8223e-04    6.1283e-05
   3.0000e-01    2.6000e+00   -1.5000e+00   -2.9344e+00    6.2374e-01   -3.3277e-04   -9.7141e-04   -6.5803e-04    -2.2655e-04
   3.0000e-01    2.6000e+00   -1.5000e+00   -2.9631e+00    4.6930e-01   -1.6660e-04   -1.0155e-03   -4.4625e-04    6.6749e-05
   3.0000e-01    2.6000e+00   -1.5000e+00   -2.9836e+00    3.1359e-01    3.4806e-05   -1.0312e-03    1.4466e-04   -6.0785e-04
   3.0000e-01    2.6000e+00   -1.5000e+00   -2.9959e+00    1.5701e-01    2.5568e-04   -1.0028e-03    -8.2838e-05   -1.2416e-04
   3.0000e-01    2.6000e+00   -1.5000e+00   -3.0000e+00    0.0000e+00    4.8662e-04   -9.1717e-04    6.4405e-04   -5.9184e-05
   3.0000e-01    2.6000e+00   -1.5000e+00   -2.9959e+00   -1.5701e-01    7.1774e-04   -7.5562e-04    -1.6849e-04    5.0640e-04
   3.0000e-01    2.6000e+00   -1.5000e+00   -2.9836e+00   -3.1359e-01    9.0911e-04   -5.1803e-04    1.4954e-03    7.9563e-04
   3.0000e-01    2.6000e+00   -1.5000e+00   -2.9631e+00   -4.6930e-01    1.0293e-03   -2.1214e-04    1.1263e-03    6.9199e-04
   3.0000e-01    2.6000e+00   -1.5000e+00   -2.9344e+00   -6.2374e-01    1.0458e-03    1.4689e-04    6.6404e-04    7.9897e-04
   3.0000e-01    2.6000e+00   -1.5000e+00   -2.8978e+00   -7.7646e-01    9.3042e-04    5.1102e-04    3.4577e-04    1.0659e-03
   3.0000e-01    2.6000e+00   -1.5000e+00   -2.8532e+00   -9.2705e-01    6.6882e-04    8.3204e-04    -5.2440e-05    1.4868e-03
   3.0000e-01    2.6000e+00   -1.5000e+00   -2.8007e+00   -1.0751e+00    2.7941e-04    1.0371e-03    -5.5274e-05    1.6842e-03
   3.0000e-01    2.6000e+00   -1.5000e+00   -2.7406e+00   -1.2202e+00   -1.8553e-04    1.0650e-03   -3.3461e-04    1.1723e-03
   3.0000e-01    2.6000e+00   -1.5000e+00   -2.6730e+00   -1.3620e+00   -6.4232e-04    8.7864e-04   -5.5627e-04    6.4028e-04
   3.0000e-01    2.6000e+00   -1.5000e+00   -2.5981e+00   -1.5000e+00   -9.8379e-04    4.8397e-04   -1.3290e-03    4.1030e-04
   3.0000e-01    2.6000e+00   -1.5000e+00   -2.5160e+00   -1.6339e+00   -1.1037e-03   -5.5297e-05   -1.0782e-03    -2.8512e-05
   3.0000e-01    2.6000e+00   -1.5000e+00   -2.4271e+00   -1.7634e+00   -9.3491e-04   -6.0601e-04   -1.0956e-03   -4.2219e-04
   3.0000e-01    2.6000e+00   -1.5000e+00   -2.3314e+00   -1.8880e+00   -4.9042e-04   -1.0112e-03   -1.6444e-03   -1.4415e-03
   3.0000e-01    2.6000e+00   -1.5000e+00   -2.2294e+00   -2.0074e+00    1.3736e-04   -1.1261e-03   -8.9121e-05   -8.8885e-04
   3.0000e-01    2.6000e+00   -1.5000e+00   -2.1213e+00   -2.1213e+00    7.5188e-04   -8.6435e-04    6.9822e-04   -5.7441e-04
   3.0000e-01    2.6000e+00   -1.5000e+00   -2.0074e+00   -2.2294e+00    1.1227e-03   -2.8146e-04    7.7013e-04   -5.0149e-04
   3.0000e-01    2.6000e+00   -1.5000e+00   -1.8880e+00   -2.3314e+00    1.0863e-03    4.3454e-04    6.3093e-04    -3.5205e-05
   3.0000e-01    2.6000e+00   -1.5000e+00   -1.7634e+00   -2.4271e+00    6.0493e-04    1.0173e-03    3.1619e-05    4.6249e-04
   3.0000e-01    2.6000e+00   -1.5000e+00   -1.6339e+00   -2.5160e+00   -1.6376e-04    1.1868e-03   -4.8702e-04    5.5275e-04
   3.0000e-01    2.6000e+00   -1.5000e+00   -1.5000e+00   -2.5981e+00   -8.9054e-04    8.2425e-04   -1.1243e-03    -2.8135e-04
   3.0000e-01    2.6000e+00   -1.5000e+00   -1.3620e+00   -2.6730e+00   -1.2285e-03    5.3084e-05   -1.3014e-03   -3.2392e-04
   3.0000e-01    2.6000e+00   -1.5000e+00   -1.2202e+00   -2.7406e+00   -9.6513e-04   -7.9030e-04   -1.0188e-03   -1.4299e-03
   3.0000e-01    2.6000e+00   -1.5000e+00   -1.0751e+00   -2.8007e+00   -1.8057e-04   -1.2532e-03   -5.8229e-04   -1.3610e-03
   3.0000e-01    2.6000e+00   -1.5000e+00   -9.2705e-01   -2.8532e+00    7.4694e-04   -1.0471e-03    4.9237e-04   -7.8431e-04
   3.0000e-01    2.6000e+00   -1.5000e+00   -7.7646e-01   -2.8978e+00    1.2864e-03   -2.3480e-04    5.7120e-04   -8.1788e-04
   3.0000e-01    2.6000e+00   -1.5000e+00   -6.2374e-01   -2.9344e+00    1.0907e-03    7.6233e-04    4.9638e-04    -2.2781e-05
   3.0000e-01    2.6000e+00   -1.5000e+00   -4.6930e-01   -2.9631e+00    2.0512e-04    1.3401e-03    -2.4680e-04    6.7755e-04
   3.0000e-01    2.6000e+00   -1.5000e+00   -3.1359e-01   -2.9836e+00   -8.6198e-04    1.0810e-03   -7.0275e-04    1.7896e-04
   3.0000e-01    2.6000e+00   -1.5000e+00   -1.5701e-01   -2.9959e+00   -1.4085e-03    9.1961e-05   -1.2992e-03   -9.0659e-04
   3.0000e-01    2.6000e+00   -1.5000e+00    0.0000e+00   -3.0000e+00   -1.0295e-03   -1.0107e-03   -1.2897e-03   -9.4710e-04
   3.0000e-01    2.6000e+00   -1.5000e+00    1.5701e-01   -2.9959e+00    1.0645e-04   -1.4730e-03    1.9307e-04   -1.7836e-03
   3.0000e-01    2.6000e+00   -1.5000e+00    3.1359e-01   -2.9836e+00    1.2268e-03   -8.8720e-04    1.3945e-03   -1.0586e-03
   3.0000e-01    2.6000e+00   -1.5000e+00    4.6930e-01   -2.9631e+00    1.5023e-03    4.0018e-04    1.6858e-03    5.6823e-04
   3.0000e-01    2.6000e+00   -1.5000e+00    6.2374e-01   -2.9344e+00    6.3846e-04    1.4667e-03    2.1066e-04    1.1059e-03
   3.0000e-01    2.6000e+00   -1.5000e+00    7.7646e-01   -2.8978e+00   -7.8153e-04    1.4519e-03   -5.5893e-04    1.4296e-03
   3.0000e-01    2.6000e+00   -1.5000e+00    9.2705e-01   -2.8532e+00   -1.6815e-03    2.7364e-04   -1.4693e-03    4.9037e-04
   3.0000e-01    2.6000e+00   -1.5000e+00    1.0751e+00   -2.8007e+00   -1.2689e-03   -1.2275e-03   -1.4381e-03   -1.9852e-03
   3.0000e-01    2.6000e+00   -1.5000e+00    1.2202e+00   -2.7406e+00    2.4186e-04   -1.8186e-03    7.6100e-04   -2.0394e-03
   3.0000e-01    2.6000e+00   -1.5000e+00    1.3620e+00   -2.6730e+00    1.6862e-03   -9.0466e-04    1.5358e-03   -1.0855e-03
   3.0000e-01    2.6000e+00   -1.5000e+00    1.5000e+00   -2.5981e+00    1.7992e-03    8.8287e-04    1.7113e-03    1.0928e-03
   4.0000e-01    3.0000e+00    0.0000e+00    2.5981e+00    1.5000e+00   -2.1743e-03   -7.9775e-04   -1.7162e-03   -1.2723e-03
   4.0000e-01    3.0000e+00    0.0000e+00    2.5160e+00    1.6339e+00   -1.3484e-03    1.7520e-03   -1.0027e-03    1.1379e-03
   4.0000e-01    3.0000e+00    0.0000e+00    2.4271e+00    1.7634e+00    1.2053e-03    1.7432e-03    1.7605e-03    1.6526e-04
   4.0000e-01    3.0000e+00    0.0000e+00    2.3314e+00    1.8880e+00    1.9588e-03   -5.6680e-04    1.6588e-03   -1.2276e-03
   4.0000e-01    3.0000e+00    0.0000e+00    2.2294e+00    2.0074e+00    1.1527e-04   -1.9650e-03    1.3257e-04   -2.9706e-03
   4.0000e-01    3.0000e+00    0.0000e+00    2.1213e+00    2.1213e+00   -1.7497e-03   -7.5343e-04   -1.3085e-03   -1.7396e-03
   4.0000e-01    3.0000e+00    0.0000e+00    2.0074e+00    2.2294e+00   -1.2785e-03    1.3340e-03   -9.8922e-04    8.2716e-04
   4.0000e-01    3.0000e+00    0.0000e+00    1.8880e+00    2.3314e+00    7.5192e-04    1.6308e-03    9.8339e-04    8.0251e-04
   4.0000e-01    3.0000e+00    0.0000e+00    1.7634e+00    2.4271e+00    1.7477e-03   -6.6354e-05    1.8908e-03   -1.1601e-05
   4.0000e-01    3.0000e+00    0.0000e+00    1.6339e+00    2.5160e+00    6.1360e-04   -1.5920e-03    1.0566e-03   -1.5627e-03
   4.0000e-01    3.0000e+00    0.0000e+00    1.5000e+00    2.5981e+00   -1.1750e-03   -1.1819e-03   -9.7393e-04   -2.1231e-03
   4.0000e-01    3.0000e+00    0.0000e+00    1.3620e+00    2.6730e+00   -1.5368e-03    5.4430e-04   -1.4835e-03    3.0471e-04
   4.0000e-01    3.0000e+00    0.0000e+00    1.2202e+00    2.7406e+00   -1.8388e-04    1.5864e-03    5.7435e-04    1.9468e-03
   4.0000e-01    3.0000e+00    0.0000e+00    1.0751e+00    2.8007e+00    1.2982e-03    8.7598e-04    1.7139e-03    5.3655e-04
   4.0000e-01    3.0000e+00    0.0000e+00    9.2705e-01    2.8532e+00    1.3601e-03   -7.1613e-04    1.6618e-03   -7.3583e-04
   4.0000e-01    3.0000e+00    0.0000e+00    7.7646e-01    2.8978e+00    4.8948e-05   -1.5096e-03    2.0684e-04   -1.8384e-03
   4.0000e-01    3.0000e+00    0.0000e+00    6.2374e-01    2.9344e+00   -1.2476e-03   -8.0684e-04   -8.0859e-04   -5.9160e-04
   4.0000e-01    3.0000e+00    0.0000e+00    4.6930e-01    2.9631e+00   -1.3224e-03    6.2450e-04   -7.4802e-04    3.2937e-04
   4.0000e-01    3.0000e+00    0.0000e+00    3.1359e-01    2.9836e+00   -2.0201e-04    1.4265e-03    -3.9357e-04    3.1959e-03
   4.0000e-01    3.0000e+00    0.0000e+00    1.5701e-01    2.9959e+00    1.0432e-03    9.6430e-04    9.4789e-04    1.4332e-03
   4.0000e-01    3.0000e+00    0.0000e+00    0.0000e+00    3.0000e+00    1.3724e-03   -2.8451e-04    1.7975e-03    -3.0615e-04
   4.0000e-01    3.0000e+00    0.0000e+00   -1.5701e-01    2.9959e+00    6.1213e-04   -1.2412e-03    1.5393e-03   -8.9967e-04
   4.0000e-01    3.0000e+00    0.0000e+00   -3.1359e-01    2.9836e+00   -5.7218e-04   -1.2418e-03   -2.7743e-04   -1.7040e-04
   4.0000e-01    3.0000e+00    0.0000e+00   -4.6930e-01    2.9631e+00   -1.3042e-03   -3.5471e-04   -1.3898e-03   -2.2609e-04
   4.0000e-01    3.0000e+00    0.0000e+00   -6.2374e-01    2.9344e+00   -1.1193e-03    7.3117e-04   -1.0411e-03    4.6823e-04
   4.0000e-01    3.0000e+00    0.0000e+00   -7.7646e-01    2.8978e+00   -2.3299e-04    1.3025e-03    7.6652e-05    1.7178e-03
   4.0000e-01    3.0000e+00    0.0000e+00   -9.2705e-01    2.8532e+00    7.4433e-04    1.0785e-03    9.9863e-04    1.5086e-03
   4.0000e-01    3.0000e+00    0.0000e+00   -1.0751e+00    2.8007e+00    1.2718e-03    2.6183e-04    1.7755e-03    5.0310e-04
   4.0000e-01    3.0000e+00    0.0000e+00   -1.2202e+00    2.7406e+00    1.1121e-03   -6.4803e-04    1.1546e-03   -1.2188e-04
   4.0000e-01    3.0000e+00    0.0000e+00   -1.3620e+00    2.6730e+00    4.2008e-04   -1.2051e-03    2.5651e-04   -6.7126e-04
   4.0000e-01    3.0000e+00    0.0000e+00   -1.5000e+00    2.5981e+00   -4.1423e-04   -1.1969e-03   -4.0637e-04   -9.6737e-04
   4.0000e-01    3.0000e+00    0.0000e+00   -1.6339e+00    2.5160e+00   -1.0392e-03   -7.0757e-04   -2.6147e-04   -1.7214e-03
   4.0000e-01    3.0000e+00    0.0000e+00   -1.7634e+00    2.4271e+00   -1.2482e-03    2.4710e-05   -1.2998e-03   -2.8513e-04
   4.0000e-01    3.0000e+00    0.0000e+00   -1.8880e+00    2.3314e+00   -1.0189e-03    7.0739e-04   -3.4992e-04    3.8097e-04
   4.0000e-01    3.0000e+00    0.0000e+00   -2.0074e+00    2.2294e+00   -5.0287e-04    1.1258e-03    5.4249e-04    3.5902e-04
   4.0000e-01    3.0000e+00    0.0000e+00   -2.1213e+00    2.1213e+00    1.1730e-04    1.2206e-03    1.9535e-04    9.2889e-04
   4.0000e-01    3.0000e+00    0.0000e+00   -2.2294e+00    2.0074e+00    6.7754e-04    1.0143e-03    7.9304e-04    6.9751e-04
   4.0000e-01    3.0000e+00    0.0000e+00   -2.3314e+00    1.8880e+00    1.0529e-03    6.0373e-04    7.7099e-04    -1.4310e-04
   4.0000e-01    3.0000e+00    0.0000e+00   -2.4271e+00    1.7634e+00    1.2019e-03    1.2507e-04    1.1275e-03    -4.0631e-04
   4.0000e-01    3.0000e+00    0.0000e+00   -2.5160e+00    1.6339e+00    1.1556e-03   -3.3655e-04    5.1175e-04   -1.3470e-04
   4.0000e-01    3.0000e+00    0.0000e+00   -2.5981e+00    1.5000e+00    9.5855e-04   -7.2032e-04    7.8410e-04   -2.3083e-05
   4.0000e-01    3.0000e+00    0.0000e+00   -2.6730e+00    1.3620e+00    6.7571e-04   -9.8563e-04    2.0455e-05   -3.9248e-04
   4.0000e-01    3.0000e+00    0.0000e+00   -2.7406e+00    1.2202e+00    3.6684e-04   -1.1338e-03    3.8489e-04   -6.8199e-04
   4.0000e-01    3.0000e+00    0.0000e+00   -2.8007e+00    1.0751e+00    6.7580e-05   -1.1866e-03   -3.4170e-04   -4.9793e-04
   4.0000e-01    3.0000e+00    0.0000e+00   -2.8532e+00    9.2705e-01   -1.9547e-04   -1.1695e-03    8.6100e-05   -4.4878e-04
   4.0000e-01    3.0000e+00    0.0000e+00   -2.8978e+00    7.7646e-01   -4.1515e-04   -1.1082e-03   -1.1434e-04   -2.0579e-04
   4.0000e-01    3.0000e+00    0.0000e+00   -2.9344e+00    6.2374e-01   -5.7669e-04   -1.0315e-03    1.0132e-04    1.2176e-04
   4.0000e-01    3.0000e+00    0.0000e+00   -2.9631e+00    4.6930e-01   -6.9606e-04   -9.5308e-04   -7.3367e-04    -3.2998e-04
   4.0000e-01    3.0000e+00    0.0000e+00   -2.9836e+00    3.1359e-01   -7.7087e-04   -8.9239e-04   -1.2728e-03    6.1807e-04
   4.0000e-01    3.0000e+00    0.0000e+00   -2.9959e+00    1.5701e-01   -8.1703e-04   -8.4967e-04   -8.0570e-04    6.9808e-04
   4.0000e-01    3.0000e+00    0.0000e+00   -3.0000e+00    0.0000e+00   -8.3757e-04   -8.2903e-04   -9.6172e-04    5.9980e-04
   4.0000e-01    3.0000e+00    0.0000e+00   -2.9959e+00   -1.5701e-01   -8.1703e-04   -8.4967e-04   -8.9784e-04    7.8415e-04
   4.0000e-01    3.0000e+00    0.0000e+00   -2.9836e+00   -3.1359e-01   -7.7087e-04   -8.9239e-04   -6.6885e-04    1.3643e-03
   4.0000e-01    3.0000e+00    0.0000e+00   -2.9631e+00   -4.6930e-01   -6.9606e-04   -9.5308e-04   -7.5436e-04    9.8418e-04
   4.0000e-01    3.0000e+00    0.0000e+00   -2.9344e+00   -6.2374e-01   -5.7669e-04   -1.0315e-03   -7.6945e-04    2.3199e-04
   4.0000e-01    3.0000e+00    0.0000e+00   -2.8978e+00   -7.7646e-01   -4.1515e-04   -1.1082e-03   -5.1791e-04    7.6816e-04
   4.0000e-01    3.0000e+00    0.0000e+00   -2.8532e+00   -9.2705e-01   -1.9547e-04   -1.1695e-03    1.9320e-04    1.7709e-04
   4.0000e-01    3.0000e+00    0.0000e+00   -2.8007e+00   -1.0751e+00    6.7580e-05   -1.1866e-03    3.5952e-04    -4.2626e-04
   4.0000e-01    3.0000e+00    0.0000e+00   -2.7406e+00   -1.2202e+00    3.6684e-04   -1.1338e-03    1.0930e-03    4.9120e-04
   4.0000e-01    3.0000e+00    0.0000e+00   -2.6730e+00   -1.3620e+00    6.7571e-04   -9.8563e-04    7.9798e-04   -2.7855e-05
   4.0000e-01    3.0000e+00    0.0000e+00   -2.5981e+00   -1.5000e+00    9.5855e-04   -7.2032e-04    1.3007e-03    3.8126e-05
   4.0000e-01    3.0000e+00    0.0000e+00   -2.5160e+00   -1.6339e+00    1.1556e-03   -3.3655e-04    1.1022e-03    1.7053e-04
   4.0000e-01    3.0000e+00    0.0000e+00   -2.4271e+00   -1.7634e+00    1.2019e-03    1.2507e-04    1.0294e-03    5.1529e-04
   4.0000e-01    3.0000e+00    0.0000e+00   -2.3314e+00   -1.8880e+00    1.0529e-03    6.0373e-04    1.2388e-03    9.3574e-04
   4.0000e-01    3.0000e+00    0.0000e+00   -2.2294e+00   -2.0074e+00    6.7754e-04    1.0143e-03    3.2827e-04    1.1184e-03
   4.0000e-01    3.0000e+00    0.0000e+00   -2.1213e+00   -2.1213e+00    1.1730e-04    1.2206e-03   -7.3312e-04    2.0884e-03
   4.0000e-01    3.0000e+00    0.0000e+00   -2.0074e+00   -2.2294e+00   -5.0287e-04    1.1258e-03   -6.3381e-04    1.6314e-03
   4.0000e-01    3.0000e+00    0.0000e+00   -1.8880e+00   -2.3314e+00   -1.0189e-03    7.0739e-04   -1.6336e-03    1.3719e-03
   4.0000e-01    3.0000e+00    0.0000e+00   -1.7634e+00   -2.4271e+00   -1.2482e-03    2.4710e-05   -1.6660e-03    6.1912e-04
   4.0000e-01    3.0000e+00    0.0000e+00   -1.6339e+00   -2.5160e+00   -1.0392e-03   -7.0757e-04   -1.5828e-03   -7.6239e-04
   4.0000e-01    3.0000e+00    0.0000e+00   -1.5000e+00   -2.5981e+00   -4.1423e-04   -1.1969e-03   -1.2162e-03   -1.2453e-03
   4.0000e-01    3.0000e+00    0.0000e+00   -1.3620e+00   -2.6730e+00    4.2008e-04   -1.2051e-03   -1.2869e-04   -7.2625e-04
   4.0000e-01    3.0000e+00    0.0000e+00   -1.2202e+00   -2.7406e+00    1.1121e-03   -6.4803e-04    1.0506e-03   -7.5225e-04
   4.0000e-01    3.0000e+00    0.0000e+00   -1.0751e+00   -2.8007e+00    1.2718e-03    2.6183e-04    1.0632e-03    -9.7172e-04
   4.0000e-01    3.0000e+00    0.0000e+00   -9.2705e-01   -2.8532e+00    7.4433e-04    1.0785e-03    -1.3885e-04    1.0052e-03
   4.0000e-01    3.0000e+00    0.0000e+00   -7.7646e-01   -2.8978e+00   -2.3299e-04    1.3025e-03   -5.7279e-04    1.2931e-03
   4.0000e-01    3.0000e+00    0.0000e+00   -6.2374e-01   -2.9344e+00   -1.1193e-03    7.3117e-04   -1.8108e-03    3.6493e-04
   4.0000e-01    3.0000e+00    0.0000e+00   -4.6930e-01   -2.9631e+00   -1.3042e-03   -3.5471e-04   -2.2553e-03    2.1102e-04
   4.0000e-01    3.0000e+00    0.0000e+00   -3.1359e-01   -2.9836e+00   -5.7218e-04   -1.2418e-03   -7.1499e-04   -9.1609e-04
   4.0000e-01    3.0000e+00    0.0000e+00   -1.5701e-01   -2.9959e+00    6.1213e-04   -1.2412e-03    8.7351e-05   -1.6458e-03
   4.0000e-01    3.0000e+00    0.0000e+00    0.0000e+00   -3.0000e+00    1.3724e-03   -2.8451e-04    1.1289e-03   -4.8779e-04
   4.0000e-01    3.0000e+00    0.0000e+00    1.5701e-01   -2.9959e+00    1.0432e-03    9.6430e-04    6.0662e-04    7.5160e-04
   4.0000e-01    3.0000e+00    0.0000e+00    3.1359e-01   -2.9836e+00   -2.0201e-04    1.4265e-03   -7.5737e-04    8.7010e-04
   4.0000e-01    3.0000e+00    0.0000e+00    4.6930e-01   -2.9631e+00   -1.3224e-03    6.2450e-04   -1.6405e-03    -1.4508e-04
   4.0000e-01    3.0000e+00    0.0000e+00    6.2374e-01   -2.9344e+00   -1.2476e-03   -8.0684e-04   -1.1493e-03   -7.1080e-04
   4.0000e-01    3.0000e+00    0.0000e+00    7.7646e-01   -2.8978e+00    4.8948e-05   -1.5096e-03   -3.1341e-04   -2.4843e-03
   4.0000e-01    3.0000e+00    0.0000e+00    9.2705e-01   -2.8532e+00    1.3601e-03   -7.1613e-04    1.5351e-03   -8.9203e-04
   4.0000e-01    3.0000e+00    0.0000e+00    1.0751e+00   -2.8007e+00    1.2982e-03    8.7598e-04    1.3945e-03    5.8302e-05
   4.0000e-01    3.0000e+00    0.0000e+00    1.2202e+00   -2.7406e+00   -1.8388e-04    1.5864e-03   -7.9516e-04    1.9538e-03
   4.0000e-01    3.0000e+00    0.0000e+00    1.3620e+00   -2.6730e+00   -1.5368e-03    5.4430e-04   -1.4282e-03    4.1469e-04
   4.0000e-01    3.0000e+00    0.0000e+00    1.5000e+00   -2.5981e+00   -1.1750e-03   -1.1819e-03   -9.7279e-04   -1.3637e-03
   4.0000e-01    3.0000e+00    0.0000e+00    1.6339e+00   -2.5160e+00    6.1360e-04   -1.5920e-03    3.6131e-04   -2.1261e-03
   4.0000e-01    3.0000e+00    0.0000e+00    1.7634e+00   -2.4271e+00    1.7477e-03   -6.6354e-05    1.4711e-03   -8.6389e-04
   4.0000e-01    3.0000e+00    0.0000e+00    1.8880e+00   -2.3314e+00    7.5192e-04    1.6308e-03    7.2264e-04    5.4420e-04
   4.0000e-01    3.0000e+00    0.0000e+00    2.0074e+00   -2.2294e+00   -1.2785e-03    1.3340e-03   -1.2261e-03    6.8598e-04
   4.0000e-01    3.0000e+00    0.0000e+00    2.1213e+00   -2.1213e+00   -1.7497e-03   -7.5343e-04   -2.0132e-03   -1.1612e-03
   4.0000e-01    3.0000e+00    0.0000e+00    2.2294e+00   -2.0074e+00    1.1527e-04   -1.9650e-03    2.7379e-04   -2.6345e-03
   4.0000e-01    3.0000e+00    0.0000e+00    2.3314e+00   -1.8880e+00    1.9588e-03   -5.6680e-04    2.8669e-03   -5.9696e-04
   4.0000e-01    3.0000e+00    0.0000e+00    2.4271e+00   -1.7634e+00    1.2053e-03    1.7432e-03    1.7090e-03    1.3309e-03
   4.0000e-01    3.0000e+00    0.0000e+00    2.5160e+00   -1.6339e+00   -1.3484e-03    1.7520e-03   -9.9103e-04    1.8088e-03
   4.0000e-01    3.0000e+00    0.0000e+00    2.5981e+00   -1.5000e+00   -2.1743e-03   -7.9775e-04   -2.6314e-03   -1.2735e-03
   4.0000e-01    2.6000e+00    1.5000e+00    3.0000e+00    0.0000e+00   -2.1761e-03   -7.9174e-04   -9.2785e-04   -1.5539e-03
   4.0000e-01    2.6000e+00    1.5000e+00    1.5000e+00    2.5981e+00   -2.1833e-03   -7.6948e-04   -1.7576e-03   -6.1511e-04
   4.0000e-01    2.6000e+00    1.5000e+00    1.3620e+00    2.6730e+00   -1.3295e-03    1.7655e-03   -8.3223e-04    1.5827e-03
   4.0000e-01    2.6000e+00    1.5000e+00    1.2202e+00    2.7406e+00    1.2236e-03    1.7301e-03    9.3725e-04    2.3579e-03
   4.0000e-01    2.6000e+00    1.5000e+00    1.0751e+00    2.8007e+00    1.9540e-03   -5.8306e-04    2.0984e-03   -1.4182e-03
   4.0000e-01    2.6000e+00    1.5000e+00    9.2705e-01    2.8532e+00    8.0721e-05   -1.9659e-03    1.2244e-04   -1.9284e-03
   4.0000e-01    2.6000e+00    1.5000e+00    7.7646e-01    2.8978e+00   -1.7603e-03   -7.2619e-04   -1.4667e-03   -5.2482e-04
   4.0000e-01    2.6000e+00    1.5000e+00    6.2374e-01    2.9344e+00   -1.2680e-03    1.3436e-03   -1.1280e-03    1.4187e-03
   4.0000e-01    2.6000e+00    1.5000e+00    4.6930e-01    2.9631e+00    7.6992e-04    1.6221e-03    8.9404e-04    1.1749e-03
   4.0000e-01    2.6000e+00    1.5000e+00    3.1359e-01    2.9836e+00    1.7458e-03   -9.4569e-05    1.4488e-03   -4.5178e-04
   4.0000e-01    2.6000e+00    1.5000e+00    1.5701e-01    2.9959e+00    5.9040e-04   -1.6001e-03    1.1100e-04   -1.3336e-03
   4.0000e-01    2.6000e+00    1.5000e+00    0.0000e+00    3.0000e+00   -1.1975e-03   -1.1583e-03   -6.8675e-04   -9.8263e-04
   4.0000e-01    2.6000e+00    1.5000e+00   -1.5701e-01    2.9959e+00   -1.5295e-03    5.6347e-04   -1.6430e-03    2.6759e-04
   4.0000e-01    2.6000e+00    1.5000e+00   -3.1359e-01    2.9836e+00   -1.7212e-04    1.5873e-03   -1.7910e-04    1.9319e-03
   4.0000e-01    2.6000e+00    1.5000e+00   -4.6930e-01    2.9631e+00    1.3105e-03    8.5643e-04    1.7288e-03    1.4396e-03
   4.0000e-01    2.6000e+00    1.5000e+00   -6.2374e-01    2.9344e+00    1.3489e-03   -7.3627e-04    1.2167e-03   -9.3439e-04
   4.0000e-01    2.6000e+00    1.5000e+00   -7.7646e-01    2.8978e+00    2.5923e-05   -1.5097e-03    -1.8530e-04   -2.1804e-03
   4.0000e-01    2.6000e+00    1.5000e+00   -9.2705e-01    2.8532e+00   -1.2580e-03   -7.8959e-04   -1.0021e-03   -1.0282e-03
   4.0000e-01    2.6000e+00    1.5000e+00   -1.0751e+00    2.8007e+00   -1.3125e-03    6.4443e-04   -1.1779e-03    -6.3147e-05
   4.0000e-01    2.6000e+00    1.5000e+00   -1.2202e+00    2.7406e+00   -1.8055e-04    1.4292e-03    2.4360e-04    1.2240e-03
   4.0000e-01    2.6000e+00    1.5000e+00   -1.3620e+00    2.6730e+00    1.0637e-03    9.4059e-04    1.7679e-03    1.0733e-03
   4.0000e-01    2.6000e+00    1.5000e+00   -1.5000e+00    2.5981e+00    1.3693e-03   -2.9762e-04    1.1760e-03   -2.1557e-04
   4.0000e-01    2.6000e+00    1.5000e+00   -1.6339e+00    2.5160e+00    5.9038e-04   -1.2511e-03    6.4863e-04   -7.0860e-04
   4.0000e-01    2.6000e+00    1.5000e+00   -1.7634e+00    2.4271e+00   -6.0332e-04   -1.2263e-03   -3.6429e-04   -1.4814e-03
   4.0000e-01    2.6000e+00    1.5000e+00   -1.8880e+00    2.3314e+00   -1.3117e-03   -3.2360e-04   -1.2783e-03   -9.6672e-04
   4.0000e-01    2.6000e+00    1.5000e+00   -2.0074e+00    2.2294e+00   -1.1082e-03    7.4689e-04   -4.7640e-04    1.5430e-03
   4.0000e-01    2.6000e+00    1.5000e+00   -2.1213e+00    2.1213e+00   -2.1792e-04    1.3048e-03   -8.4965e-04    1.1673e-03
   4.0000e-01    2.6000e+00    1.5000e+00   -2.2294e+00    2.0074e+00    7.6883e-04    1.0606e-03    6.9647e-04    7.8943e-04
   4.0000e-01    2.6000e+00    1.5000e+00   -2.3314e+00    1.8880e+00    1.2768e-03    2.3187e-04    1.6464e-03    6.9043e-04
   4.0000e-01    2.6000e+00    1.5000e+00   -2.4271e+00    1.7634e+00    1.0995e-03   -6.6784e-04    8.0872e-04    1.1527e-04
   4.0000e-01    2.6000e+00    1.5000e+00   -2.5160e+00    1.6339e+00    4.0737e-04   -1.2093e-03    1.4921e-04   -1.3433e-03
   4.0000e-01    2.6000e+00    1.5000e+00   -2.5981e+00    1.5000e+00   -4.3574e-04   -1.1886e-03   -6.6527e-04   -1.5214e-03
   4.0000e-01    2.6000e+00    1.5000e+00   -2.6730e+00    1.3620e+00   -1.0538e-03   -6.8481e-04   -8.7630e-04   -4.7600e-04
   4.0000e-01    2.6000e+00    1.5000e+00   -2.7406e+00    1.2202e+00   -1.2475e-03    4.4210e-05   -1.8279e-03    -6.0797e-05
   4.0000e-01    2.6000e+00    1.5000e+00   -2.8007e+00    1.0751e+00   -1.0121e-03    7.1689e-04   -1.8366e-03    7.9871e-04
   4.0000e-01    2.6000e+00    1.5000e+00   -2.8532e+00    9.2705e-01   -4.8304e-04    1.1341e-03   -1.4666e-03    1.1292e-03
   4.0000e-01    2.6000e+00    1.5000e+00   -2.8978e+00    7.7646e-01    1.4582e-04    1.2170e-03   -5.1716e-04    1.4614e-03
   4.0000e-01    2.6000e+00    1.5000e+00   -2.9344e+00    6.2374e-01    6.9145e-04    1.0045e-03    6.7842e-04    1.3681e-03
   4.0000e-01    2.6000e+00    1.5000e+00   -2.9631e+00    4.6930e-01    1.0585e-03    5.9339e-04    6.3713e-04    4.0893e-04
   4.0000e-01    2.6000e+00    1.5000e+00   -2.9836e+00    3.1359e-01    1.2032e-03    1.1026e-04    7.8085e-04    2.5348e-04
   4.0000e-01    2.6000e+00    1.5000e+00   -2.9959e+00    1.5701e-01    1.1499e-03   -3.5504e-04    1.1236e-03   -3.6352e-04
   4.0000e-01    2.6000e+00    1.5000e+00   -3.0000e+00    0.0000e+00    9.4369e-04   -7.3949e-04    4.4028e-04   -3.7683e-04
   4.0000e-01    2.6000e+00    1.5000e+00   -2.9959e+00   -1.5701e-01    6.6621e-04   -9.9212e-04    1.1839e-03    1.2765e-04
   4.0000e-01    2.6000e+00    1.5000e+00   -2.9836e+00   -3.1359e-01    3.5608e-04   -1.1370e-03    7.5632e-04   -1.0552e-03
   4.0000e-01    2.6000e+00    1.5000e+00   -2.9631e+00   -4.6930e-01    4.9619e-05   -1.1873e-03    8.0262e-04   -9.4837e-04
   4.0000e-01    2.6000e+00    1.5000e+00   -2.9344e+00   -6.2374e-01   -2.1394e-04   -1.1662e-03    -2.2092e-04   -3.1986e-04
   4.0000e-01    2.6000e+00    1.5000e+00   -2.8978e+00   -7.7646e-01   -4.3067e-04   -1.1021e-03   -5.8438e-04   -5.6365e-06
   4.0000e-01    2.6000e+00    1.5000e+00   -2.8532e+00   -9.2705e-01   -5.8897e-04   -1.0243e-03   -1.4260e-04    1.5347e-05
   4.0000e-01    2.6000e+00    1.5000e+00   -2.8007e+00   -1.0751e+00   -7.0843e-04   -9.4407e-04   -5.0217e-04    3.6670e-04
   4.0000e-01    2.6000e+00    1.5000e+00   -2.7406e+00   -1.2202e+00   -7.8637e-04   -8.7892e-04   -6.8582e-06    3.7511e-05
   4.0000e-01    2.6000e+00    1.5000e+00   -2.6730e+00   -1.3620e+00   -8.3304e-04   -8.3365e-04    1.4506e-04    -7.5626e-04
   4.0000e-01    2.6000e+00    1.5000e+00   -2.5981e+00   -1.5000e+00   -8.4487e-04   -8.2143e-04   -9.7794e-05    3.2325e-04
   4.0000e-01    2.6000e+00    1.5000e+00   -2.5160e+00   -1.6339e+00   -8.2731e-04   -8.3950e-04   -5.6170e-04    4.5859e-04
   4.0000e-01    2.6000e+00    1.5000e+00   -2.4271e+00   -1.7634e+00   -7.8645e-04   -8.7864e-04   -4.3268e-05    7.4396e-05
   4.0000e-01    2.6000e+00    1.5000e+00   -2.3314e+00   -1.8880e+00   -7.1412e-04   -9.3963e-04   -2.6668e-04    2.8437e-04
   4.0000e-01    2.6000e+00    1.5000e+00   -2.2294e+00   -2.0074e+00   -5.8980e-04   -1.0240e-03   -2.2817e-05    6.8400e-04
   4.0000e-01    2.6000e+00    1.5000e+00   -2.1213e+00   -2.1213e+00   -4.1965e-04   -1.1066e-03   -2.8605e-04    5.9792e-04
   4.0000e-01    2.6000e+00    1.5000e+00   -2.0074e+00   -2.2294e+00   -2.0979e-04   -1.1670e-03    -5.0189e-04    7.4893e-05
   4.0000e-01    2.6000e+00    1.5000e+00   -1.8880e+00   -2.3314e+00    4.5286e-05   -1.1875e-03    -5.0969e-04   -1.1201e-04
   4.0000e-01    2.6000e+00    1.5000e+00   -1.7634e+00   -2.4271e+00    3.5316e-04   -1.1380e-03    6.4836e-04    6.2205e-04
   4.0000e-01    2.6000e+00    1.5000e+00   -1.6339e+00   -2.5160e+00    6.7109e-04   -9.8895e-04    5.8691e-04   -4.2412e-04
   4.0000e-01    2.6000e+00    1.5000e+00   -1.5000e+00   -2.5981e+00    9.5167e-04   -7.2950e-04    1.1512e-03    4.2224e-05
   4.0000e-01    2.6000e+00    1.5000e+00   -1.3620e+00   -2.6730e+00    1.1496e-03   -3.5574e-04    8.8407e-04    6.5415e-04
   4.0000e-01    2.6000e+00    1.5000e+00   -1.2202e+00   -2.7406e+00    1.2031e-03    1.1482e-04    1.2372e-03    -3.4173e-05
   4.0000e-01    2.6000e+00    1.5000e+00   -1.0751e+00   -2.8007e+00    1.0544e-03    6.0144e-04    5.9660e-04    1.0244e-03
   4.0000e-01    2.6000e+00    1.5000e+00   -9.2705e-01   -2.8532e+00    6.8221e-04    1.0111e-03    -2.8709e-04    6.9635e-04
   4.0000e-01    2.6000e+00    1.5000e+00   -7.7646e-01   -2.8978e+00    1.3649e-04    1.2184e-03   -4.8831e-04    1.2736e-03
   4.0000e-01    2.6000e+00    1.5000e+00   -6.2374e-01   -2.9344e+00   -4.9114e-04    1.1310e-03   -1.4163e-03    1.2321e-03
   4.0000e-01    2.6000e+00    1.5000e+00   -4.6930e-01   -2.9631e+00   -1.0180e-03    7.0874e-04   -1.8201e-03    8.0141e-04
   4.0000e-01    2.6000e+00    1.5000e+00   -3.1359e-01   -2.9836e+00   -1.2483e-03    2.5146e-05   -1.2985e-03    3.9168e-05
   4.0000e-01    2.6000e+00    1.5000e+00   -1.5701e-01   -2.9959e+00   -1.0448e-03   -6.9934e-04   -9.7170e-04   -2.2325e-04
   4.0000e-01    2.6000e+00    1.5000e+00    0.0000e+00   -3.0000e+00   -4.3123e-04   -1.1906e-03   -7.0386e-04   -1.5202e-03
   4.0000e-01    2.6000e+00    1.5000e+00    1.5701e-01   -2.9959e+00    4.1838e-04   -1.2058e-03   -3.2595e-04   -1.6342e-03
   4.0000e-01    2.6000e+00    1.5000e+00    3.1359e-01   -2.9836e+00    1.1074e-03   -6.5540e-04    6.7997e-04   -7.5507e-04
   4.0000e-01    2.6000e+00    1.5000e+00    4.6930e-01   -2.9631e+00    1.2735e-03    2.5155e-04    9.0005e-04    3.0225e-04
   4.0000e-01    2.6000e+00    1.5000e+00    6.2374e-01   -2.9344e+00    7.5414e-04    1.0715e-03    3.2208e-04    8.6972e-04
   4.0000e-01    2.6000e+00    1.5000e+00    7.7646e-01   -2.8978e+00   -2.2398e-04    1.3038e-03   -1.0545e-03    1.0830e-03
   4.0000e-01    2.6000e+00    1.5000e+00    9.2705e-01   -2.8532e+00   -1.1146e-03    7.3777e-04   -1.2224e-03    6.4023e-04
   4.0000e-01    2.6000e+00    1.5000e+00    1.0751e+00   -2.8007e+00   -1.3063e-03   -3.4671e-04   -1.6677e-03   -2.0278e-05
   4.0000e-01    2.6000e+00    1.5000e+00    1.2202e+00   -2.7406e+00   -5.8815e-04   -1.2341e-03   -6.8255e-04   -1.8213e-03
   4.0000e-01    2.6000e+00    1.5000e+00    1.3620e+00   -2.6730e+00    6.0104e-04   -1.2461e-03    3.2786e-04   -1.5855e-03
   4.0000e-01    2.6000e+00    1.5000e+00    1.5000e+00   -2.5981e+00    1.3722e-03   -2.8374e-04    1.1485e-03   -1.2273e-04
   4.0000e-01    2.6000e+00    1.5000e+00    1.6339e+00   -2.5160e+00    1.0470e-03    9.5984e-04    1.0775e-03    1.6180e-03
   4.0000e-01    2.6000e+00    1.5000e+00    1.7634e+00   -2.4271e+00   -1.9660e-04    1.4270e-03   -5.4304e-04    1.2963e-03
   4.0000e-01    2.6000e+00    1.5000e+00    1.8880e+00   -2.3314e+00   -1.3172e-03    6.3451e-04   -1.2252e-03    9.7786e-04
   4.0000e-01    2.6000e+00    1.5000e+00    2.0074e+00   -2.2294e+00   -1.2538e-03   -7.9658e-04   -1.7925e-03   -5.9639e-04
   4.0000e-01    2.6000e+00    1.5000e+00    2.1213e+00   -2.1213e+00    5.1079e-05   -1.5095e-03    1.8005e-04   -1.6835e-03
   4.0000e-01    2.6000e+00    1.5000e+00    2.2294e+00   -2.0074e+00    1.3609e-03   -7.1419e-04    1.1033e-03   -5.8841e-04
   4.0000e-01    2.6000e+00    1.5000e+00    2.3314e+00   -1.8880e+00    1.3043e-03    8.6592e-04    1.3080e-03    8.0505e-04
   4.0000e-01    2.6000e+00    1.5000e+00    2.4271e+00   -1.7634e+00   -1.7921e-04    1.5865e-03   -6.5353e-04    6.2362e-04
   4.0000e-01    2.6000e+00    1.5000e+00    2.5160e+00   -1.6339e+00   -1.5366e-03    5.4454e-04   -1.7794e-03    9.0934e-05
   4.0000e-01    2.6000e+00    1.5000e+00    2.5981e+00   -1.5000e+00   -1.1741e-03   -1.1830e-03   -1.2205e-03   -1.8948e-03
   4.0000e-01    2.6000e+00    1.5000e+00    2.6730e+00   -1.3620e+00    6.0446e-04   -1.5949e-03    6.1042e-04   -1.9032e-03
   4.0000e-01    2.6000e+00    1.5000e+00    2.7406e+00   -1.2202e+00    1.7479e-03   -6.5610e-05    1.2022e-03   -2.2017e-04
   4.0000e-01    2.6000e+00    1.5000e+00    2.8007e+00   -1.0751e+00    7.4655e-04    1.6336e-03    3.5825e-04    7.7990e-04
   4.0000e-01    2.6000e+00    1.5000e+00    2.8532e+00   -9.2705e-01   -1.2896e-03    1.3234e-03   -1.4308e-03    6.9835e-04
   4.0000e-01    2.6000e+00    1.5000e+00    2.8978e+00   -7.7646e-01   -1.7501e-03   -7.5174e-04   -2.3274e-03   -1.1540e-03
   4.0000e-01    2.6000e+00    1.5000e+00    2.9344e+00   -6.2374e-01    1.1054e-04   -1.9652e-03   -7.2738e-05   -2.9305e-03
   4.0000e-01    2.6000e+00    1.5000e+00    2.9631e+00   -4.6930e-01    1.9630e-03   -5.5393e-04    1.1411e-03   -1.0544e-03
   4.0000e-01    2.6000e+00    1.5000e+00    2.9836e+00   -3.1359e-01    1.1865e-03    1.7569e-03    1.1654e-03    1.1447e-03
   4.0000e-01    2.6000e+00    1.5000e+00    2.9959e+00   -1.5701e-01   -1.3564e-03    1.7461e-03   -7.9738e-04    1.2541e-04
   4.0000e-01    1.5000e+00    2.6000e+00    3.0000e+00    0.0000e+00   -1.1975e-03   -1.1583e-03   -4.6753e-04   -8.9033e-04
   4.0000e-01    1.5000e+00    2.6000e+00    2.9959e+00    1.5701e-01    5.9040e-04   -1.6001e-03    4.5002e-04   -1.4210e-03
   4.0000e-01    1.5000e+00    2.6000e+00    2.9836e+00    3.1359e-01    1.7458e-03   -9.4569e-05    1.6847e-03   -6.7529e-04
   4.0000e-01    1.5000e+00    2.6000e+00    2.9631e+00    4.6930e-01    7.6992e-04    1.6221e-03    9.9739e-04    2.2333e-03
   4.0000e-01    1.5000e+00    2.6000e+00    2.9344e+00    6.2374e-01   -1.2680e-03    1.3436e-03   -8.5328e-04    1.3115e-03
   4.0000e-01    1.5000e+00    2.6000e+00    2.8978e+00    7.7646e-01   -1.7603e-03   -7.2619e-04   -1.1381e-03   -9.6545e-04
   4.0000e-01    1.5000e+00    2.6000e+00    2.8532e+00    9.2705e-01    8.0721e-05   -1.9659e-03    9.4185e-04   -1.2790e-03
   4.0000e-01    1.5000e+00    2.6000e+00    2.8007e+00    1.0751e+00    1.9540e-03   -5.8306e-04    2.3866e-03   -7.7590e-04
   4.0000e-01    1.5000e+00    2.6000e+00    2.7406e+00    1.2202e+00    1.2236e-03    1.7301e-03    1.9022e-03    2.0132e-03
   4.0000e-01    1.5000e+00    2.6000e+00    2.6730e+00    1.3620e+00   -1.3295e-03    1.7655e-03   -8.3009e-04    2.4215e-03
   4.0000e-01    1.5000e+00    2.6000e+00    2.5981e+00    1.5000e+00   -2.1833e-03   -7.6948e-04   -1.7781e-03   -8.8726e-04
   4.0000e-01    1.5000e+00    2.6000e+00    0.0000e+00    3.0000e+00   -2.1761e-03   -7.9174e-04   -1.2860e-03   -7.6754e-04
   4.0000e-01    1.5000e+00    2.6000e+00   -1.5701e-01    2.9959e+00   -1.3564e-03    1.7461e-03   -8.9918e-04    1.9025e-03
   4.0000e-01    1.5000e+00    2.6000e+00   -3.1359e-01    2.9836e+00    1.1865e-03    1.7569e-03    1.6677e-03    1.9665e-03
   4.0000e-01    1.5000e+00    2.6000e+00   -4.6930e-01    2.9631e+00    1.9630e-03   -5.5393e-04    2.4277e-03   -7.0956e-04
   4.0000e-01    1.5000e+00    2.6000e+00   -6.2374e-01    2.9344e+00    1.1054e-04   -1.9652e-03    3.0837e-04   -2.2482e-03
   4.0000e-01    1.5000e+00    2.6000e+00   -7.7646e-01    2.8978e+00   -1.7501e-03   -7.5174e-04   -1.4215e-03   -4.3634e-04
   4.0000e-01    1.5000e+00    2.6000e+00   -9.2705e-01    2.8532e+00   -1.2896e-03    1.3234e-03   -9.5430e-04    1.2128e-03
   4.0000e-01    1.5000e+00    2.6000e+00   -1.0751e+00    2.8007e+00    7.4655e-04    1.6336e-03    1.1981e-03    1.7853e-03
   4.0000e-01    1.5000e+00    2.6000e+00   -1.2202e+00    2.7406e+00    1.7479e-03   -6.5610e-05    2.5156e-03    6.6353e-04
   4.0000e-01    1.5000e+00    2.6000e+00   -1.3620e+00    2.6730e+00    6.0446e-04   -1.5949e-03    5.7936e-04   -1.7314e-03
   4.0000e-01    1.5000e+00    2.6000e+00   -1.5000e+00    2.5981e+00   -1.1741e-03   -1.1830e-03   -4.1107e-04   -1.8880e-03
   4.0000e-01    1.5000e+00    2.6000e+00   -1.6339e+00    2.5160e+00   -1.5366e-03    5.4454e-04   -3.0655e-04    4.6756e-04
   4.0000e-01    1.5000e+00    2.6000e+00   -1.7634e+00    2.4271e+00   -1.7921e-04    1.5865e-03    4.6385e-05    1.9409e-03
   4.0000e-01    1.5000e+00    2.6000e+00   -1.8880e+00    2.3314e+00    1.3043e-03    8.6592e-04    9.6665e-04    9.1875e-04
   4.0000e-01    1.5000e+00    2.6000e+00   -2.0074e+00    2.2294e+00    1.3609e-03   -7.1419e-04    1.4869e-03   -7.4796e-04
   4.0000e-01    1.5000e+00    2.6000e+00   -2.1213e+00    2.1213e+00    5.1079e-05   -1.5095e-03    6.9724e-04   -1.2241e-03
   4.0000e-01    1.5000e+00    2.6000e+00   -2.2294e+00    2.0074e+00   -1.2538e-03   -7.9658e-04   -6.1917e-04   -6.8455e-06
   4.0000e-01    1.5000e+00    2.6000e+00   -2.3314e+00    1.8880e+00   -1.3172e-03    6.3451e-04   -8.5217e-04    4.5352e-04
   4.0000e-01    1.5000e+00    2.6000e+00   -2.4271e+00    1.7634e+00   -1.9660e-04    1.4270e-03    6.9377e-04    1.3491e-03
   4.0000e-01    1.5000e+00    2.6000e+00   -2.5160e+00    1.6339e+00    1.0470e-03    9.5984e-04    1.5793e-03    -6.5886e-04
   4.0000e-01    1.5000e+00    2.6000e+00   -2.5981e+00    1.5000e+00    1.3722e-03   -2.8374e-04    1.8775e-03   -3.8771e-04
   4.0000e-01    1.5000e+00    2.6000e+00   -2.6730e+00    1.3620e+00    6.0104e-04   -1.2461e-03    7.1345e-04   -1.5929e-03
   4.0000e-01    1.5000e+00    2.6000e+00   -2.7406e+00    1.2202e+00   -5.8815e-04   -1.2341e-03    1.3132e-05   -2.1398e-03
   4.0000e-01    1.5000e+00    2.6000e+00   -2.8007e+00    1.0751e+00   -1.3063e-03   -3.4671e-04    1.4509e-04    1.0953e-06
   4.0000e-01    1.5000e+00    2.6000e+00   -2.8532e+00    9.2705e-01   -1.1146e-03    7.3777e-04   -7.9781e-04    1.3723e-03
   4.0000e-01    1.5000e+00    2.6000e+00   -2.8978e+00    7.7646e-01   -2.2398e-04    1.3038e-03    2.4232e-05    8.2639e-04
   4.0000e-01    1.5000e+00    2.6000e+00   -2.9344e+00    6.2374e-01    7.5414e-04    1.0715e-03    1.2755e-03    2.9971e-04
   4.0000e-01    1.5000e+00    2.6000e+00   -2.9631e+00    4.6930e-01    1.2735e-03    2.5155e-04    1.6074e-03    6.0424e-04
   4.0000e-01    1.5000e+00    2.6000e+00   -2.9836e+00    3.1359e-01    1.1074e-03   -6.5540e-04    1.4044e-03   -1.3411e-03
   4.0000e-01    1.5000e+00    2.6000e+00   -2.9959e+00    1.5701e-01    4.1838e-04   -1.2058e-03    5.8039e-04   -1.3507e-03
   4.0000e-01    1.5000e+00    2.6000e+00   -3.0000e+00    0.0000e+00   -4.3123e-04   -1.1906e-03   -6.4172e-04   -2.1793e-03
   4.0000e-01    1.5000e+00    2.6000e+00   -2.9959e+00   -1.5701e-01   -1.0448e-03   -6.9934e-04   -1.4204e-03   -9.4104e-04
   4.0000e-01    1.5000e+00    2.6000e+00   -2.9836e+00   -3.1359e-01   -1.2483e-03    2.5146e-05   -6.9347e-04    1.1080e-03
   4.0000e-01    1.5000e+00    2.6000e+00   -2.9631e+00   -4.6930e-01   -1.0180e-03    7.0874e-04   -5.4733e-04    4.3479e-04
   4.0000e-01    1.5000e+00    2.6000e+00   -2.9344e+00   -6.2374e-01   -4.9114e-04    1.1310e-03   -4.9846e-04    1.6481e-03
   4.0000e-01    1.5000e+00    2.6000e+00   -2.8978e+00   -7.7646e-01    1.3649e-04    1.2184e-03    5.7047e-04    1.5180e-03
   4.0000e-01    1.5000e+00    2.6000e+00   -2.8532e+00   -9.2705e-01    6.8221e-04    1.0111e-03    1.0016e-03    1.6926e-03
   4.0000e-01    1.5000e+00    2.6000e+00   -2.8007e+00   -1.0751e+00    1.0544e-03    6.0144e-04    2.2019e-03    8.7694e-04
   4.0000e-01    1.5000e+00    2.6000e+00   -2.7406e+00   -1.2202e+00    1.2031e-03    1.1482e-04    1.5676e-03    6.5219e-04
   4.0000e-01    1.5000e+00    2.6000e+00   -2.6730e+00   -1.3620e+00    1.1496e-03   -3.5574e-04    1.3091e-03    -8.1986e-04
   4.0000e-01    1.5000e+00    2.6000e+00   -2.5981e+00   -1.5000e+00    9.5167e-04   -7.2950e-04    1.5269e-03   -5.5096e-04
   4.0000e-01    1.5000e+00    2.6000e+00   -2.5160e+00   -1.6339e+00    6.7109e-04   -9.8895e-04    1.6071e-03   -3.8476e-04
   4.0000e-01    1.5000e+00    2.6000e+00   -2.4271e+00   -1.7634e+00    3.5316e-04   -1.1380e-03    1.3981e-03   -8.9003e-04
   4.0000e-01    1.5000e+00    2.6000e+00   -2.3314e+00   -1.8880e+00    4.5286e-05   -1.1875e-03    9.8154e-04   -1.1980e-03
   4.0000e-01    1.5000e+00    2.6000e+00   -2.2294e+00   -2.0074e+00   -2.0979e-04   -1.1670e-03    6.7428e-04   -5.7870e-04
   4.0000e-01    1.5000e+00    2.6000e+00   -2.1213e+00   -2.1213e+00   -4.1965e-04   -1.1066e-03    4.8536e-04   -5.2745e-04
   4.0000e-01    1.5000e+00    2.6000e+00   -2.0074e+00   -2.2294e+00   -5.8980e-04   -1.0240e-03    2.3755e-04   -7.9517e-05
   4.0000e-01    1.5000e+00    2.6000e+00   -1.8880e+00   -2.3314e+00   -7.1412e-04   -9.3963e-04    1.4261e-05   -3.9234e-06
   4.0000e-01    1.5000e+00    2.6000e+00   -1.7634e+00   -2.4271e+00   -7.8645e-04   -8.7864e-04    4.5897e-04   -3.2569e-04
   4.0000e-01    1.5000e+00    2.6000e+00   -1.6339e+00   -2.5160e+00   -8.2731e-04   -8.3950e-04    3.0761e-04   -1.9910e-04
   4.0000e-01    1.5000e+00    2.6000e+00   -1.5000e+00   -2.5981e+00   -8.4487e-04   -8.2143e-04    2.1085e-04    8.7815e-04
   4.0000e-01    1.5000e+00    2.6000e+00   -1.3620e+00   -2.6730e+00   -8.3304e-04   -8.3365e-04   -5.7998e-04   -9.2405e-04
   4.0000e-01    1.5000e+00    2.6000e+00   -1.2202e+00   -2.7406e+00   -7.8637e-04   -8.7892e-04   -1.7383e-04   -4.0321e-04
   4.0000e-01    1.5000e+00    2.6000e+00   -1.0751e+00   -2.8007e+00   -7.0843e-04   -9.4407e-04   -3.9471e-04   -3.4390e-04
   4.0000e-01    1.5000e+00    2.6000e+00   -9.2705e-01   -2.8532e+00   -5.8897e-04   -1.0243e-03   -3.1178e-04    2.5067e-04
   4.0000e-01    1.5000e+00    2.6000e+00   -7.7646e-01   -2.8978e+00   -4.3067e-04   -1.1021e-03    4.6677e-04    3.9456e-05
   4.0000e-01    1.5000e+00    2.6000e+00   -6.2374e-01   -2.9344e+00   -2.1394e-04   -1.1662e-03    1.1052e-03   -8.1089e-04
   4.0000e-01    1.5000e+00    2.6000e+00   -4.6930e-01   -2.9631e+00    4.9619e-05   -1.1873e-03    -5.8530e-04    2.4896e-04
   4.0000e-01    1.5000e+00    2.6000e+00   -3.1359e-01   -2.9836e+00    3.5608e-04   -1.1370e-03    7.4800e-04   -5.4542e-04
   4.0000e-01    1.5000e+00    2.6000e+00   -1.5701e-01   -2.9959e+00    6.6621e-04   -9.9212e-04    1.8601e-04   -9.3623e-04
   4.0000e-01    1.5000e+00    2.6000e+00    0.0000e+00   -3.0000e+00    9.4369e-04   -7.3949e-04    1.3905e-03   -2.2806e-04
   4.0000e-01    1.5000e+00    2.6000e+00    1.5701e-01   -2.9959e+00    1.1499e-03   -3.5504e-04    4.0051e-04    -1.7771e-04
   4.0000e-01    1.5000e+00    2.6000e+00    3.1359e-01   -2.9836e+00    1.2032e-03    1.1026e-04    1.6522e-03    1.1465e-03
   4.0000e-01    1.5000e+00    2.6000e+00    4.6930e-01   -2.9631e+00    1.0585e-03    5.9339e-04    1.1128e-03    2.2263e-03
   4.0000e-01    1.5000e+00    2.6000e+00    6.2374e-01   -2.9344e+00    6.9145e-04    1.0045e-03    1.0022e-03    2.2142e-03
   4.0000e-01    1.5000e+00    2.6000e+00    7.7646e-01   -2.8978e+00    1.4582e-04    1.2170e-03    5.1816e-04    2.0207e-03
   4.0000e-01    1.5000e+00    2.6000e+00    9.2705e-01   -2.8532e+00   -4.8304e-04    1.1341e-03   -1.2263e-03    9.5456e-04
   4.0000e-01    1.5000e+00    2.6000e+00    1.0751e+00   -2.8007e+00   -1.0121e-03    7.1689e-04   -1.5689e-03    1.2497e-03
   4.0000e-01    1.5000e+00    2.6000e+00    1.2202e+00   -2.7406e+00   -1.2475e-03    4.4210e-05   -1.5537e-03    5.9690e-04
   4.0000e-01    1.5000e+00    2.6000e+00    1.3620e+00   -2.6730e+00   -1.0538e-03   -6.8481e-04   -1.4020e-03   -1.2051e-04
   4.0000e-01    1.5000e+00    2.6000e+00    1.5000e+00   -2.5981e+00   -4.3574e-04   -1.1886e-03   -4.1258e-04   -8.4548e-04
   4.0000e-01    1.5000e+00    2.6000e+00    1.6339e+00   -2.5160e+00    4.0737e-04   -1.2093e-03    -9.2156e-05   -1.9470e-03
   4.0000e-01    1.5000e+00    2.6000e+00    1.7634e+00   -2.4271e+00    1.0995e-03   -6.6784e-04    1.0529e-03   -7.1750e-04
   4.0000e-01    1.5000e+00    2.6000e+00    1.8880e+00   -2.3314e+00    1.2768e-03    2.3187e-04    5.2889e-04    7.8458e-04
   4.0000e-01    1.5000e+00    2.6000e+00    2.0074e+00   -2.2294e+00    7.6883e-04    1.0606e-03    7.5360e-04    1.4831e-03
   4.0000e-01    1.5000e+00    2.6000e+00    2.1213e+00   -2.1213e+00   -2.1792e-04    1.3048e-03   -2.0011e-04    9.6663e-04
   4.0000e-01    1.5000e+00    2.6000e+00    2.2294e+00   -2.0074e+00   -1.1082e-03    7.4689e-04   -1.5300e-03    5.6589e-04
   4.0000e-01    1.5000e+00    2.6000e+00    2.3314e+00   -1.8880e+00   -1.3117e-03   -3.2360e-04   -9.2424e-04   -4.1329e-06
   4.0000e-01    1.5000e+00    2.6000e+00    2.4271e+00   -1.7634e+00   -6.0332e-04   -1.2263e-03   -9.5680e-04   -9.7815e-04
   4.0000e-01    1.5000e+00    2.6000e+00    2.5160e+00   -1.6339e+00    5.9038e-04   -1.2511e-03    5.2636e-04   -1.4423e-03
   4.0000e-01    1.5000e+00    2.6000e+00    2.5981e+00   -1.5000e+00    1.3693e-03   -2.9762e-04    1.3884e-03   -1.6037e-04
   4.0000e-01    1.5000e+00    2.6000e+00    2.6730e+00   -1.3620e+00    1.0637e-03    9.4059e-04    8.8983e-04    1.9722e-04
   4.0000e-01    1.5000e+00    2.6000e+00    2.7406e+00   -1.2202e+00   -1.8055e-04    1.4292e-03   -1.0761e-04    1.0324e-03
   4.0000e-01    1.5000e+00    2.6000e+00    2.8007e+00   -1.0751e+00   -1.3125e-03    6.4443e-04   -1.7844e-03    1.3781e-05
   4.0000e-01    1.5000e+00    2.6000e+00    2.8532e+00   -9.2705e-01   -1.2580e-03   -7.8959e-04   -1.3282e-03   -1.1304e-03
   4.0000e-01    1.5000e+00    2.6000e+00    2.8978e+00   -7.7646e-01    2.5923e-05   -1.5097e-03    3.1867e-04   -1.9594e-03
   4.0000e-01    1.5000e+00    2.6000e+00    2.9344e+00   -6.2374e-01    1.3489e-03   -7.3627e-04    1.6388e-03   -1.2523e-03
   4.0000e-01    1.5000e+00    2.6000e+00    2.9631e+00   -4.6930e-01    1.3105e-03    8.5643e-04    1.6746e-03    6.5618e-04
   4.0000e-01    1.5000e+00    2.6000e+00    2.9836e+00   -3.1359e-01   -1.7212e-04    1.5873e-03    2.3475e-04    1.8167e-03
   4.0000e-01    1.5000e+00    2.6000e+00    2.9959e+00   -1.5701e-01   -1.5295e-03    5.6347e-04   -1.4334e-03    -3.7599e-04
   4.0000e-01    0.0000e+00    3.0000e+00    3.0000e+00    0.0000e+00    1.3724e-03   -2.8451e-04    1.5935e-03    4.0257e-04
   4.0000e-01    0.0000e+00    3.0000e+00    2.9959e+00    1.5701e-01    1.0432e-03    9.6430e-04    1.2949e-03    1.4427e-03
   4.0000e-01    0.0000e+00    3.0000e+00    2.9836e+00    3.1359e-01   -2.0201e-04    1.4265e-03    -6.5406e-04    1.4230e-03
   4.0000e-01    0.0000e+00    3.0000e+00    2.9631e+00    4.6930e-01   -1.3224e-03    6.2450e-04   -8.9440e-04    1.2217e-03
   4.0000e-01    0.0000e+00    3.0000e+00    2.9344e+00    6.2374e-01   -1.2476e-03   -8.0684e-04   -1.3486e-03   -4.1600e-04
   4.0000e-01    0.0000e+00    3.0000e+00    2.8978e+00    7.7646e-01    4.8948e-05   -1.5096e-03    -5.6757e-05   -1.7700e-03
   4.0000e-01    0.0000e+00    3.0000e+00    2.8532e+00    9.2705e-01    1.3601e-03   -7.1613e-04    1.5413e-03   -4.8741e-04
   4.0000e-01    0.0000e+00    3.0000e+00    2.8007e+00    1.0751e+00    1.2982e-03    8.7598e-04    1.5872e-03    1.2520e-03
   4.0000e-01    0.0000e+00    3.0000e+00    2.7406e+00    1.2202e+00   -1.8388e-04    1.5864e-03    5.9261e-04    1.9945e-03
   4.0000e-01    0.0000e+00    3.0000e+00    2.6730e+00    1.3620e+00   -1.5368e-03    5.4430e-04   -1.5825e-03    8.9653e-04
   4.0000e-01    0.0000e+00    3.0000e+00    2.5981e+00    1.5000e+00   -1.1750e-03   -1.1819e-03   -1.6701e-03   -1.2079e-03
   4.0000e-01    0.0000e+00    3.0000e+00    2.5160e+00    1.6339e+00    6.1360e-04   -1.5920e-03    1.1099e-03   -1.4291e-03
   4.0000e-01    0.0000e+00    3.0000e+00    2.4271e+00    1.7634e+00    1.7477e-03   -6.6354e-05    2.1543e-03    5.5067e-04
   4.0000e-01    0.0000e+00    3.0000e+00    2.3314e+00    1.8880e+00    7.5192e-04    1.6308e-03    5.4343e-04    1.7827e-03
   4.0000e-01    0.0000e+00    3.0000e+00    2.2294e+00    2.0074e+00   -1.2785e-03    1.3340e-03   -1.2163e-03    1.5990e-03
   4.0000e-01    0.0000e+00    3.0000e+00    2.1213e+00    2.1213e+00   -1.7497e-03   -7.5343e-04   -1.5830e-03   -6.2399e-04
   4.0000e-01    0.0000e+00    3.0000e+00    2.0074e+00    2.2294e+00    1.1527e-04   -1.9650e-03    8.7317e-04   -1.8911e-03
   4.0000e-01    0.0000e+00    3.0000e+00    1.8880e+00    2.3314e+00    1.9588e-03   -5.6680e-04    2.0532e-03   -8.7580e-04
   4.0000e-01    0.0000e+00    3.0000e+00    1.7634e+00    2.4271e+00    1.2053e-03    1.7432e-03    1.1467e-03    2.0124e-03
   4.0000e-01    0.0000e+00    3.0000e+00    1.6339e+00    2.5160e+00   -1.3484e-03    1.7520e-03   -5.7130e-04    1.5426e-03
   4.0000e-01    0.0000e+00    3.0000e+00    1.5000e+00    2.5981e+00   -2.1743e-03   -7.9775e-04   -2.5883e-03   -1.1295e-03
   4.0000e-01    0.0000e+00    3.0000e+00   -1.5000e+00    2.5981e+00   -2.1743e-03   -7.9775e-04   -1.7009e-03   -1.2534e-03
   4.0000e-01    0.0000e+00    3.0000e+00   -1.6339e+00    2.5160e+00   -1.3484e-03    1.7520e-03   -1.8651e-03    1.4634e-03
   4.0000e-01    0.0000e+00    3.0000e+00   -1.7634e+00    2.4271e+00    1.2053e-03    1.7432e-03    6.1418e-04    1.7305e-03
   4.0000e-01    0.0000e+00    3.0000e+00   -1.8880e+00    2.3314e+00    1.9588e-03   -5.6680e-04    1.9776e-03   -7.0652e-04
   4.0000e-01    0.0000e+00    3.0000e+00   -2.0074e+00    2.2294e+00    1.1527e-04   -1.9650e-03    7.7424e-04   -2.4998e-03
   4.0000e-01    0.0000e+00    3.0000e+00   -2.1213e+00    2.1213e+00   -1.7497e-03   -7.5343e-04   -2.4791e-03   -9.4457e-04
   4.0000e-01    0.0000e+00    3.0000e+00   -2.2294e+00    2.0074e+00   -1.2785e-03    1.3340e-03   -9.9390e-04    5.9263e-04
   4.0000e-01    0.0000e+00    3.0000e+00   -2.3314e+00    1.8880e+00    7.5192e-04    1.6308e-03    6.9069e-04    1.3310e-03
   4.0000e-01    0.0000e+00    3.0000e+00   -2.4271e+00    1.7634e+00    1.7477e-03   -6.6354e-05    1.8377e-03   -4.4834e-04
   4.0000e-01    0.0000e+00    3.0000e+00   -2.5160e+00    1.6339e+00    6.1360e-04   -1.5920e-03    1.7467e-03   -1.8016e-03
   4.0000e-01    0.0000e+00    3.0000e+00   -2.5981e+00    1.5000e+00   -1.1750e-03   -1.1819e-03   -1.0158e-03   -1.4394e-03
   4.0000e-01    0.0000e+00    3.0000e+00   -2.6730e+00    1.3620e+00   -1.5368e-03    5.4430e-04   -2.4853e-03    1.0711e-03
   4.0000e-01    0.0000e+00    3.0000e+00   -2.7406e+00    1.2202e+00   -1.8388e-04    1.5864e-03   -1.3195e-03    2.1559e-03
   4.0000e-01    0.0000e+00    3.0000e+00   -2.8007e+00    1.0751e+00    1.2982e-03    8.7598e-04    9.0769e-04    4.2570e-04
   4.0000e-01    0.0000e+00    3.0000e+00   -2.8532e+00    9.2705e-01    1.3601e-03   -7.1613e-04    1.4701e-03    2.9535e-04
   4.0000e-01    0.0000e+00    3.0000e+00   -2.8978e+00    7.7646e-01    4.8948e-05   -1.5096e-03    3.5091e-04   -1.3898e-03
   4.0000e-01    0.0000e+00    3.0000e+00   -2.9344e+00    6.2374e-01   -1.2476e-03   -8.0684e-04   -1.3555e-03   -3.0378e-04
   4.0000e-01    0.0000e+00    3.0000e+00   -2.9631e+00    4.6930e-01   -1.3224e-03    6.2450e-04   -1.2539e-03    1.1963e-03
   4.0000e-01    0.0000e+00    3.0000e+00   -2.9836e+00    3.1359e-01   -2.0201e-04    1.4265e-03    -7.4932e-04    1.9620e-03
   4.0000e-01    0.0000e+00    3.0000e+00   -2.9959e+00    1.5701e-01    1.0432e-03    9.6430e-04    1.4108e-03    7.7885e-04
   4.0000e-01    0.0000e+00    3.0000e+00   -3.0000e+00    0.0000e+00    1.3724e-03   -2.8451e-04    1.2158e-03    2.4094e-05
   4.0000e-01    0.0000e+00    3.0000e+00   -2.9959e+00   -1.5701e-01    6.1213e-04   -1.2412e-03    6.7140e-04   -7.5226e-04
   4.0000e-01    0.0000e+00    3.0000e+00   -2.9836e+00   -3.1359e-01   -5.7218e-04   -1.2418e-03   -8.9095e-04   -1.2222e-03
   4.0000e-01    0.0000e+00    3.0000e+00   -2.9631e+00   -4.6930e-01   -1.3042e-03   -3.5471e-04   -2.2448e-04   -3.3469e-04
   4.0000e-01    0.0000e+00    3.0000e+00   -2.9344e+00   -6.2374e-01   -1.1193e-03    7.3117e-04   -1.0550e-03    9.9076e-04
   4.0000e-01    0.0000e+00    3.0000e+00   -2.8978e+00   -7.7646e-01   -2.3299e-04    1.3025e-03   -1.2289e-04    2.0787e-03
   4.0000e-01    0.0000e+00    3.0000e+00   -2.8532e+00   -9.2705e-01    7.4433e-04    1.0785e-03    7.2179e-04    1.6820e-03
   4.0000e-01    0.0000e+00    3.0000e+00   -2.8007e+00   -1.0751e+00    1.2718e-03    2.6183e-04    1.1219e-03    7.9617e-04
   4.0000e-01    0.0000e+00    3.0000e+00   -2.7406e+00   -1.2202e+00    1.1121e-03   -6.4803e-04    1.2016e-03   -5.2423e-04
   4.0000e-01    0.0000e+00    3.0000e+00   -2.6730e+00   -1.3620e+00    4.2008e-04   -1.2051e-03    5.4788e-04   -8.2724e-04
   4.0000e-01    0.0000e+00    3.0000e+00   -2.5981e+00   -1.5000e+00   -4.1423e-04   -1.1969e-03   -7.3184e-04   -1.4460e-03
   4.0000e-01    0.0000e+00    3.0000e+00   -2.5160e+00   -1.6339e+00   -1.0392e-03   -7.0757e-04   -8.2233e-05   -3.8935e-04
   4.0000e-01    0.0000e+00    3.0000e+00   -2.4271e+00   -1.7634e+00   -1.2482e-03    2.4710e-05   -1.2363e-03    3.8851e-04
   4.0000e-01    0.0000e+00    3.0000e+00   -2.3314e+00   -1.8880e+00   -1.0189e-03    7.0739e-04   -8.7732e-04    -7.0318e-05
   4.0000e-01    0.0000e+00    3.0000e+00   -2.2294e+00   -2.0074e+00   -5.0287e-04    1.1258e-03   -2.5753e-04    1.2079e-03
   4.0000e-01    0.0000e+00    3.0000e+00   -2.1213e+00   -2.1213e+00    1.1730e-04    1.2206e-03    4.6020e-04    1.0742e-03
   4.0000e-01    0.0000e+00    3.0000e+00   -2.0074e+00   -2.2294e+00    6.7754e-04    1.0143e-03    8.2672e-04    1.6660e-03
   4.0000e-01    0.0000e+00    3.0000e+00   -1.8880e+00   -2.3314e+00    1.0529e-03    6.0373e-04    1.2680e-03    6.8365e-04
   4.0000e-01    0.0000e+00    3.0000e+00   -1.7634e+00   -2.4271e+00    1.2019e-03    1.2507e-04    1.6614e-03    2.8167e-04
   4.0000e-01    0.0000e+00    3.0000e+00   -1.6339e+00   -2.5160e+00    1.1556e-03   -3.3655e-04    1.9376e-03    -2.2431e-05
   4.0000e-01    0.0000e+00    3.0000e+00   -1.5000e+00   -2.5981e+00    9.5855e-04   -7.2032e-04    1.5117e-03   -5.4269e-04
   4.0000e-01    0.0000e+00    3.0000e+00   -1.3620e+00   -2.6730e+00    6.7571e-04   -9.8563e-04    6.4222e-04   -1.6884e-04
   4.0000e-01    0.0000e+00    3.0000e+00   -1.2202e+00   -2.7406e+00    3.6684e-04   -1.1338e-03    9.7800e-04   -2.6918e-04
   4.0000e-01    0.0000e+00    3.0000e+00   -1.0751e+00   -2.8007e+00    6.7580e-05   -1.1866e-03    9.1343e-04   -1.0790e-03
   4.0000e-01    0.0000e+00    3.0000e+00   -9.2705e-01   -2.8532e+00   -1.9547e-04   -1.1695e-03    4.4955e-04   -1.2014e-03
   4.0000e-01    0.0000e+00    3.0000e+00   -7.7646e-01   -2.8978e+00   -4.1515e-04   -1.1082e-03    4.3108e-04   -7.1438e-04
   4.0000e-01    0.0000e+00    3.0000e+00   -6.2374e-01   -2.9344e+00   -5.7669e-04   -1.0315e-03    2.8049e-04    1.3708e-04
   4.0000e-01    0.0000e+00    3.0000e+00   -4.6930e-01   -2.9631e+00   -6.9606e-04   -9.5308e-04    -2.0952e-04   -3.5197e-05
   4.0000e-01    0.0000e+00    3.0000e+00   -3.1359e-01   -2.9836e+00   -7.7087e-04   -8.9239e-04    4.2844e-04    -5.8254e-04
   4.0000e-01    0.0000e+00    3.0000e+00   -1.5701e-01   -2.9959e+00   -8.1703e-04   -8.4967e-04    1.6744e-04    1.8055e-04
   4.0000e-01    0.0000e+00    3.0000e+00    0.0000e+00   -3.0000e+00   -8.3757e-04   -8.2903e-04    2.7875e-04    -4.9778e-04
   4.0000e-01    0.0000e+00    3.0000e+00    1.5701e-01   -2.9959e+00   -8.1703e-04   -8.4967e-04   -8.5758e-05    5.7050e-04
   4.0000e-01    0.0000e+00    3.0000e+00    3.1359e-01   -2.9836e+00   -7.7087e-04   -8.9239e-04    4.8257e-04    -2.3261e-04
   4.0000e-01    0.0000e+00    3.0000e+00    4.6930e-01   -2.9631e+00   -6.9606e-04   -9.5308e-04    -1.0670e-04    7.0231e-04
   4.0000e-01    0.0000e+00    3.0000e+00    6.2374e-01   -2.9344e+00   -5.7669e-04   -1.0315e-03    -4.6598e-04   -1.6818e-04
   4.0000e-01    0.0000e+00    3.0000e+00    7.7646e-01   -2.8978e+00   -4.1515e-04   -1.1082e-03    2.9582e-04   -2.1575e-04
   4.0000e-01    0.0000e+00    3.0000e+00    9.2705e-01   -2.8532e+00   -1.9547e-04   -1.1695e-03    3.2618e-05   -2.6503e-05
   4.0000e-01    0.0000e+00    3.0000e+00    1.0751e+00   -2.8007e+00    6.7580e-05   -1.1866e-03    9.7350e-04    2.2054e-04
   4.0000e-01    0.0000e+00    3.0000e+00    1.2202e+00   -2.7406e+00    3.6684e-04   -1.1338e-03    5.6070e-04   -7.1187e-04
   4.0000e-01    0.0000e+00    3.0000e+00    1.3620e+00   -2.6730e+00    6.7571e-04   -9.8563e-04    1.5696e-03    2.6470e-04
   4.0000e-01    0.0000e+00    3.0000e+00    1.5000e+00   -2.5981e+00    9.5855e-04   -7.2032e-04    1.3641e-03   -8.6859e-04
   4.0000e-01    0.0000e+00    3.0000e+00    1.6339e+00   -2.5160e+00    1.1556e-03   -3.3655e-04    1.4297e-03    4.2820e-04
   4.0000e-01    0.0000e+00    3.0000e+00    1.7634e+00   -2.4271e+00    1.2019e-03    1.2507e-04    1.7852e-03    8.7783e-04
   4.0000e-01    0.0000e+00    3.0000e+00    1.8880e+00   -2.3314e+00    1.0529e-03    6.0373e-04    2.0891e-03    6.8272e-04
   4.0000e-01    0.0000e+00    3.0000e+00    2.0074e+00   -2.2294e+00    6.7754e-04    1.0143e-03    5.5616e-04    7.3846e-04
   4.0000e-01    0.0000e+00    3.0000e+00    2.1213e+00   -2.1213e+00    1.1730e-04    1.2206e-03    2.7353e-04    1.7838e-03
   4.0000e-01    0.0000e+00    3.0000e+00    2.2294e+00   -2.0074e+00   -5.0287e-04    1.1258e-03    3.6186e-04    1.3426e-03
   4.0000e-01    0.0000e+00    3.0000e+00    2.3314e+00   -1.8880e+00   -1.0189e-03    7.0739e-04   -8.4770e-04    7.6769e-04
   4.0000e-01    0.0000e+00    3.0000e+00    2.4271e+00   -1.7634e+00   -1.2482e-03    2.4710e-05   -6.0839e-04    -1.6690e-04
   4.0000e-01    0.0000e+00    3.0000e+00    2.5160e+00   -1.6339e+00   -1.0392e-03   -7.0757e-04   -9.2959e-04   -6.2031e-04
   4.0000e-01    0.0000e+00    3.0000e+00    2.5981e+00   -1.5000e+00   -4.1423e-04   -1.1969e-03   -2.7049e-04   -3.4684e-04
   4.0000e-01    0.0000e+00    3.0000e+00    2.6730e+00   -1.3620e+00    4.2008e-04   -1.2051e-03    2.3010e-04   -7.3690e-05
   4.0000e-01    0.0000e+00    3.0000e+00    2.7406e+00   -1.2202e+00    1.1121e-03   -6.4803e-04    1.0271e-03   -7.7965e-04
   4.0000e-01    0.0000e+00    3.0000e+00    2.8007e+00   -1.0751e+00    1.2718e-03    2.6183e-04    1.1989e-03    7.4698e-04
   4.0000e-01    0.0000e+00    3.0000e+00    2.8532e+00   -9.2705e-01    7.4433e-04    1.0785e-03    9.4255e-04    1.7873e-03
   4.0000e-01    0.0000e+00    3.0000e+00    2.8978e+00   -7.7646e-01   -2.3299e-04    1.3025e-03   -3.3854e-04    9.3944e-04
   4.0000e-01    0.0000e+00    3.0000e+00    2.9344e+00   -6.2374e-01   -1.1193e-03    7.3117e-04   -1.0332e-03    1.1715e-03
   4.0000e-01    0.0000e+00    3.0000e+00    2.9631e+00   -4.6930e-01   -1.3042e-03   -3.5471e-04   -1.6421e-03   -4.3610e-05
   4.0000e-01    0.0000e+00    3.0000e+00    2.9836e+00   -3.1359e-01   -5.7218e-04   -1.2418e-03   -1.1159e-04   -1.1914e-03
   4.0000e-01    0.0000e+00    3.0000e+00    2.9959e+00   -1.5701e-01    6.1213e-04   -1.2412e-03    5.3791e-04   -1.3002e-03
   4.0000e-01   -1.5000e+00    2.6000e+00    3.0000e+00    0.0000e+00   -4.3123e-04   -1.1906e-03   -4.0487e-04   -1.0843e-03
   4.0000e-01   -1.5000e+00    2.6000e+00    2.9959e+00    1.5701e-01    4.1838e-04   -1.2058e-03    1.5861e-03   -8.4109e-04
   4.0000e-01   -1.5000e+00    2.6000e+00    2.9836e+00    3.1359e-01    1.1074e-03   -6.5540e-04    6.9372e-04   -1.3749e-03
   4.0000e-01   -1.5000e+00    2.6000e+00    2.9631e+00    4.6930e-01    1.2735e-03    2.5155e-04    1.3264e-03    7.5214e-04
   4.0000e-01   -1.5000e+00    2.6000e+00    2.9344e+00    6.2374e-01    7.5414e-04    1.0715e-03    1.1292e-03    7.3827e-04
   4.0000e-01   -1.5000e+00    2.6000e+00    2.8978e+00    7.7646e-01   -2.2398e-04    1.3038e-03    3.1180e-04    1.7252e-03
   4.0000e-01   -1.5000e+00    2.6000e+00    2.8532e+00    9.2705e-01   -1.1146e-03    7.3777e-04   -3.6588e-04    1.9878e-04
   4.0000e-01   -1.5000e+00    2.6000e+00    2.8007e+00    1.0751e+00   -1.3063e-03   -3.4671e-04   -9.2757e-04   -9.6221e-04
   4.0000e-01   -1.5000e+00    2.6000e+00    2.7406e+00    1.2202e+00   -5.8815e-04   -1.2341e-03   -6.6273e-04   -1.8380e-03
   4.0000e-01   -1.5000e+00    2.6000e+00    2.6730e+00    1.3620e+00    6.0104e-04   -1.2461e-03    7.8186e-04   -1.9013e-03
   4.0000e-01   -1.5000e+00    2.6000e+00    2.5981e+00    1.5000e+00    1.3722e-03   -2.8374e-04    2.0047e-03   -3.6300e-04
   4.0000e-01   -1.5000e+00    2.6000e+00    2.5160e+00    1.6339e+00    1.0470e-03    9.5984e-04    1.0720e-03    1.0906e-03
   4.0000e-01   -1.5000e+00    2.6000e+00    2.4271e+00    1.7634e+00   -1.9660e-04    1.4270e-03    8.1427e-04    1.5115e-03
   4.0000e-01   -1.5000e+00    2.6000e+00    2.3314e+00    1.8880e+00   -1.3172e-03    6.3451e-04   -1.1076e-03    4.7649e-04
   4.0000e-01   -1.5000e+00    2.6000e+00    2.2294e+00    2.0074e+00   -1.2538e-03   -7.9658e-04   -8.2307e-04   -1.1096e-03
   4.0000e-01   -1.5000e+00    2.6000e+00    2.1213e+00    2.1213e+00    5.1079e-05   -1.5095e-03    -1.2781e-04   -1.6873e-03
   4.0000e-01   -1.5000e+00    2.6000e+00    2.0074e+00    2.2294e+00    1.3609e-03   -7.1419e-04    2.3707e-03   -1.0693e-03
   4.0000e-01   -1.5000e+00    2.6000e+00    1.8880e+00    2.3314e+00    1.3043e-03    8.6592e-04    1.0725e-03    7.9968e-04
   4.0000e-01   -1.5000e+00    2.6000e+00    1.7634e+00    2.4271e+00   -1.7921e-04    1.5865e-03    7.9669e-04    8.7557e-04
   4.0000e-01   -1.5000e+00    2.6000e+00    1.6339e+00    2.5160e+00   -1.5366e-03    5.4454e-04   -9.2019e-04    6.7624e-04
   4.0000e-01   -1.5000e+00    2.6000e+00    1.5000e+00    2.5981e+00   -1.1741e-03   -1.1830e-03   -4.2538e-04   -1.0010e-03
   4.0000e-01   -1.5000e+00    2.6000e+00    1.3620e+00    2.6730e+00    6.0446e-04   -1.5949e-03    1.3710e-03   -2.2677e-03
   4.0000e-01   -1.5000e+00    2.6000e+00    1.2202e+00    2.7406e+00    1.7479e-03   -6.5610e-05    2.5026e-03    4.2741e-04
   4.0000e-01   -1.5000e+00    2.6000e+00    1.0751e+00    2.8007e+00    7.4655e-04    1.6336e-03    1.1504e-03    1.7210e-03
   4.0000e-01   -1.5000e+00    2.6000e+00    9.2705e-01    2.8532e+00   -1.2896e-03    1.3234e-03   -1.2223e-03    1.7721e-03
   4.0000e-01   -1.5000e+00    2.6000e+00    7.7646e-01    2.8978e+00   -1.7501e-03   -7.5174e-04   -1.5521e-03   -1.7525e-04
   4.0000e-01   -1.5000e+00    2.6000e+00    6.2374e-01    2.9344e+00    1.1054e-04   -1.9652e-03    3.7571e-04   -1.7778e-03
   4.0000e-01   -1.5000e+00    2.6000e+00    4.6930e-01    2.9631e+00    1.9630e-03   -5.5393e-04    2.1386e-03    1.0346e-04
   4.0000e-01   -1.5000e+00    2.6000e+00    3.1359e-01    2.9836e+00    1.1865e-03    1.7569e-03    7.6430e-04    1.8167e-03
   4.0000e-01   -1.5000e+00    2.6000e+00    1.5701e-01    2.9959e+00   -1.3564e-03    1.7461e-03   -1.8499e-03    1.1826e-03
   4.0000e-01   -1.5000e+00    2.6000e+00    0.0000e+00    3.0000e+00   -2.1688e-03   -8.1403e-04   -1.1201e-03   -5.4109e-04
   4.0000e-01   -1.5000e+00    2.6000e+00   -2.5981e+00    1.5000e+00   -2.1833e-03   -7.6948e-04   -2.7460e-03   -5.3264e-04
   4.0000e-01   -1.5000e+00    2.6000e+00   -2.6730e+00    1.3620e+00   -1.3295e-03    1.7655e-03   -1.3298e-03    2.1973e-03
   4.0000e-01   -1.5000e+00    2.6000e+00   -2.7406e+00    1.2202e+00    1.2236e-03    1.7301e-03    2.2101e-03    2.1553e-03
   4.0000e-01   -1.5000e+00    2.6000e+00   -2.8007e+00    1.0751e+00    1.9540e-03   -5.8306e-04    2.3887e-03   -2.6313e-04
   4.0000e-01   -1.5000e+00    2.6000e+00   -2.8532e+00    9.2705e-01    8.0721e-05   -1.9659e-03    -8.2664e-05   -1.6230e-03
   4.0000e-01   -1.5000e+00    2.6000e+00   -2.8978e+00    7.7646e-01   -1.7603e-03   -7.2619e-04   -1.1241e-03   -9.6143e-04
   4.0000e-01   -1.5000e+00    2.6000e+00   -2.9344e+00    6.2374e-01   -1.2680e-03    1.3436e-03   -1.2505e-03    1.8654e-03
   4.0000e-01   -1.5000e+00    2.6000e+00   -2.9631e+00    4.6930e-01    7.6992e-04    1.6221e-03    1.1202e-03    1.0605e-03
   4.0000e-01   -1.5000e+00    2.6000e+00   -2.9836e+00    3.1359e-01    1.7458e-03   -9.4569e-05    1.8381e-03   -4.4390e-04
   4.0000e-01   -1.5000e+00    2.6000e+00   -2.9959e+00    1.5701e-01    5.9040e-04   -1.6001e-03    8.1218e-04   -1.8512e-03
   4.0000e-01   -1.5000e+00    2.6000e+00   -3.0000e+00    0.0000e+00   -1.1975e-03   -1.1583e-03   -1.0682e-03   -7.6766e-04
   4.0000e-01   -1.5000e+00    2.6000e+00   -2.9959e+00   -1.5701e-01   -1.5295e-03    5.6347e-04   -9.9228e-04    8.4085e-04
   4.0000e-01   -1.5000e+00    2.6000e+00   -2.9836e+00   -3.1359e-01   -1.7212e-04    1.5873e-03    -6.6073e-04    1.2922e-03
   4.0000e-01   -1.5000e+00    2.6000e+00   -2.9631e+00   -4.6930e-01    1.3105e-03    8.5643e-04    1.9235e-03    7.8368e-04
   4.0000e-01   -1.5000e+00    2.6000e+00   -2.9344e+00   -6.2374e-01    1.3489e-03   -7.3627e-04    1.1921e-03   -1.4036e-03
   4.0000e-01   -1.5000e+00    2.6000e+00   -2.8978e+00   -7.7646e-01    2.5923e-05   -1.5097e-03    4.7623e-04   -1.9595e-03
   4.0000e-01   -1.5000e+00    2.6000e+00   -2.8532e+00   -9.2705e-01   -1.2580e-03   -7.8959e-04   -9.7306e-04   -1.0791e-03
   4.0000e-01   -1.5000e+00    2.6000e+00   -2.8007e+00   -1.0751e+00   -1.3125e-03    6.4443e-04   -1.3778e-03    3.6532e-04
   4.0000e-01   -1.5000e+00    2.6000e+00   -2.7406e+00   -1.2202e+00   -1.8055e-04    1.4292e-03   -5.7603e-04    1.8098e-03
   4.0000e-01   -1.5000e+00    2.6000e+00   -2.6730e+00   -1.3620e+00    1.0637e-03    9.4059e-04    1.1629e-03    1.2454e-03
   4.0000e-01   -1.5000e+00    2.6000e+00   -2.5981e+00   -1.5000e+00    1.3693e-03   -2.9762e-04    9.9437e-04   -7.1064e-04
   4.0000e-01   -1.5000e+00    2.6000e+00   -2.5160e+00   -1.6339e+00    5.9038e-04   -1.2511e-03    2.5186e-04   -1.7366e-03
   4.0000e-01   -1.5000e+00    2.6000e+00   -2.4271e+00   -1.7634e+00   -6.0332e-04   -1.2263e-03   -5.9206e-04   -1.0292e-03
   4.0000e-01   -1.5000e+00    2.6000e+00   -2.3314e+00   -1.8880e+00   -1.3117e-03   -3.2360e-04   -1.8115e-03   -4.7227e-04
   4.0000e-01   -1.5000e+00    2.6000e+00   -2.2294e+00   -2.0074e+00   -1.1082e-03    7.4689e-04   -1.2903e-03    4.8575e-04
   4.0000e-01   -1.5000e+00    2.6000e+00   -2.1213e+00   -2.1213e+00   -2.1792e-04    1.3048e-03   -7.3899e-04    2.0167e-03
   4.0000e-01   -1.5000e+00    2.6000e+00   -2.0074e+00   -2.2294e+00    7.6883e-04    1.0606e-03    9.4983e-05    1.0097e-03
   4.0000e-01   -1.5000e+00    2.6000e+00   -1.8880e+00   -2.3314e+00    1.2768e-03    2.3187e-04    1.8793e-03    -3.9975e-04
   4.0000e-01   -1.5000e+00    2.6000e+00   -1.7634e+00   -2.4271e+00    1.0995e-03   -6.6784e-04    2.3936e-04    2.9934e-04
   4.0000e-01   -1.5000e+00    2.6000e+00   -1.6339e+00   -2.5160e+00    4.0737e-04   -1.2093e-03    -1.4024e-04   -7.1244e-04
   4.0000e-01   -1.5000e+00    2.6000e+00   -1.5000e+00   -2.5981e+00   -4.3574e-04   -1.1886e-03    3.5234e-05   -1.1323e-03
   4.0000e-01   -1.5000e+00    2.6000e+00   -1.3620e+00   -2.6730e+00   -1.0538e-03   -6.8481e-04   -1.6281e-03   -1.4700e-04
   4.0000e-01   -1.5000e+00    2.6000e+00   -1.2202e+00   -2.7406e+00   -1.2475e-03    4.4210e-05   -1.5841e-03    2.4104e-04
   4.0000e-01   -1.5000e+00    2.6000e+00   -1.0751e+00   -2.8007e+00   -1.0121e-03    7.1689e-04   -1.3284e-03    6.2214e-04
   4.0000e-01   -1.5000e+00    2.6000e+00   -9.2705e-01   -2.8532e+00   -4.8304e-04    1.1341e-03   -5.1239e-04    1.9177e-03
   4.0000e-01   -1.5000e+00    2.6000e+00   -7.7646e-01   -2.8978e+00    1.4582e-04    1.2170e-03   -7.3101e-05    1.6034e-03
   4.0000e-01   -1.5000e+00    2.6000e+00   -6.2374e-01   -2.9344e+00    6.9145e-04    1.0045e-03    8.1313e-04    1.2852e-03
   4.0000e-01   -1.5000e+00    2.6000e+00   -4.6930e-01   -2.9631e+00    1.0585e-03    5.9339e-04    9.0622e-04    1.0783e-03
   4.0000e-01   -1.5000e+00    2.6000e+00   -3.1359e-01   -2.9836e+00    1.2032e-03    1.1026e-04    1.8195e-03    6.2119e-04
   4.0000e-01   -1.5000e+00    2.6000e+00   -1.5701e-01   -2.9959e+00    1.1499e-03   -3.5504e-04    1.2071e-03    1.2938e-04
   4.0000e-01   -1.5000e+00    2.6000e+00    0.0000e+00   -3.0000e+00    9.4572e-04   -7.3696e-04    9.6649e-04   -5.5075e-04
   4.0000e-01   -1.5000e+00    2.6000e+00    1.5701e-01   -2.9959e+00    6.6621e-04   -9.9212e-04    5.3560e-04   -6.1229e-05
   4.0000e-01   -1.5000e+00    2.6000e+00    3.1359e-01   -2.9836e+00    3.5608e-04   -1.1370e-03    4.2380e-04   -4.8686e-04
   4.0000e-01   -1.5000e+00    2.6000e+00    4.6930e-01   -2.9631e+00    4.9619e-05   -1.1873e-03    2.1394e-04   -1.0768e-03
   4.0000e-01   -1.5000e+00    2.6000e+00    6.2374e-01   -2.9344e+00   -2.1394e-04   -1.1662e-03    6.7921e-06    4.6575e-05
   4.0000e-01   -1.5000e+00    2.6000e+00    7.7646e-01   -2.8978e+00   -4.3067e-04   -1.1021e-03    -1.4239e-04   -6.8659e-04
   4.0000e-01   -1.5000e+00    2.6000e+00    9.2705e-01   -2.8532e+00   -5.8897e-04   -1.0243e-03   -2.6988e-04   -4.4775e-04
   4.0000e-01   -1.5000e+00    2.6000e+00    1.0751e+00   -2.8007e+00   -7.0843e-04   -9.4407e-04   -9.6061e-05   -3.7649e-04
   4.0000e-01   -1.5000e+00    2.6000e+00    1.2202e+00   -2.7406e+00   -7.8637e-04   -8.7892e-04   -2.7720e-04   -3.2379e-04
   4.0000e-01   -1.5000e+00    2.6000e+00    1.3620e+00   -2.6730e+00   -8.3304e-04   -8.3365e-04   -1.2278e-04    5.1911e-05
   4.0000e-01   -1.5000e+00    2.6000e+00    1.5000e+00   -2.5981e+00   -8.4487e-04   -8.2143e-04   -1.8284e-04    2.0308e-04
   4.0000e-01   -1.5000e+00    2.6000e+00    1.6339e+00   -2.5160e+00   -8.2731e-04   -8.3950e-04   -2.8679e-04    4.2077e-04
   4.0000e-01   -1.5000e+00    2.6000e+00    1.7634e+00   -2.4271e+00   -7.8645e-04   -8.7864e-04   -2.1342e-05    4.8487e-04
   4.0000e-01   -1.5000e+00    2.6000e+00    1.8880e+00   -2.3314e+00   -7.1412e-04   -9.3963e-04   -1.6883e-04   -7.1388e-05
   4.0000e-01   -1.5000e+00    2.6000e+00    2.0074e+00   -2.2294e+00   -5.8980e-04   -1.0240e-03   -3.0225e-04   -2.7216e-04
   4.0000e-01   -1.5000e+00    2.6000e+00    2.1213e+00   -2.1213e+00   -4.1965e-04   -1.1066e-03    4.3813e-04   -5.3037e-04
   4.0000e-01   -1.5000e+00    2.6000e+00    2.2294e+00   -2.0074e+00   -2.0979e-04   -1.1670e-03    8.9363e-04   -4.7469e-04
   4.0000e-01   -1.5000e+00    2.6000e+00    2.3314e+00   -1.8880e+00    4.5286e-05   -1.1875e-03    1.1603e-03   -9.6742e-04
   4.0000e-01   -1.5000e+00    2.6000e+00    2.4271e+00   -1.7634e+00    3.5316e-04   -1.1380e-03    6.9630e-04   -7.4715e-04
   4.0000e-01   -1.5000e+00    2.6000e+00    2.5160e+00   -1.6339e+00    6.7109e-04   -9.8895e-04    1.4861e-03   -2.0293e-04
   4.0000e-01   -1.5000e+00    2.6000e+00    2.5981e+00   -1.5000e+00    9.5167e-04   -7.2950e-04    1.3014e-03   -4.4108e-04
   4.0000e-01   -1.5000e+00    2.6000e+00    2.6730e+00   -1.3620e+00    1.1496e-03   -3.5574e-04    1.4813e-03    3.3408e-04
   4.0000e-01   -1.5000e+00    2.6000e+00    2.7406e+00   -1.2202e+00    1.2031e-03    1.1482e-04    1.8354e-03    4.2908e-04
   4.0000e-01   -1.5000e+00    2.6000e+00    2.8007e+00   -1.0751e+00    1.0544e-03    6.0144e-04    1.1406e-03    9.1351e-04
   4.0000e-01   -1.5000e+00    2.6000e+00    2.8532e+00   -9.2705e-01    6.8221e-04    1.0111e-03    9.5857e-04    1.3181e-03
   4.0000e-01   -1.5000e+00    2.6000e+00    2.8978e+00   -7.7646e-01    1.3649e-04    1.2184e-03    1.4830e-04    2.0519e-03
   4.0000e-01   -1.5000e+00    2.6000e+00    2.9344e+00   -6.2374e-01   -4.9114e-04    1.1310e-03   -5.8064e-04    1.8183e-03
   4.0000e-01   -1.5000e+00    2.6000e+00    2.9631e+00   -4.6930e-01   -1.0180e-03    7.0874e-04   -3.3496e-04    1.1212e-03
   4.0000e-01   -1.5000e+00    2.6000e+00    2.9836e+00   -3.1359e-01   -1.2483e-03    2.5146e-05   -3.9739e-04    2.3885e-04
   4.0000e-01   -1.5000e+00    2.6000e+00    2.9959e+00   -1.5701e-01   -1.0448e-03   -6.9934e-04   -1.0767e-03   -9.4988e-04
   4.0000e-01   -2.6000e+00    1.5000e+00    3.0000e+00    0.0000e+00    9.4369e-04   -7.3949e-04    5.5745e-04   -1.1421e-04
   4.0000e-01   -2.6000e+00    1.5000e+00    2.9959e+00    1.5701e-01    1.1499e-03   -3.5504e-04    3.4491e-04   -7.0140e-04
   4.0000e-01   -2.6000e+00    1.5000e+00    2.9836e+00    3.1359e-01    1.2032e-03    1.1026e-04    1.5056e-03    6.6072e-04
   4.0000e-01   -2.6000e+00    1.5000e+00    2.9631e+00    4.6930e-01    1.0585e-03    5.9339e-04    8.4950e-04    1.0549e-03
   4.0000e-01   -2.6000e+00    1.5000e+00    2.9344e+00    6.2374e-01    6.9145e-04    1.0045e-03    5.7230e-04    9.8288e-04
   4.0000e-01   -2.6000e+00    1.5000e+00    2.8978e+00    7.7646e-01    1.4582e-04    1.2170e-03   -8.9351e-04    1.7446e-03
   4.0000e-01   -2.6000e+00    1.5000e+00    2.8532e+00    9.2705e-01   -4.8304e-04    1.1341e-03   -7.7835e-04    5.8352e-04
   4.0000e-01   -2.6000e+00    1.5000e+00    2.8007e+00    1.0751e+00   -1.0121e-03    7.1689e-04   -1.4212e-03    5.0946e-04
   4.0000e-01   -2.6000e+00    1.5000e+00    2.7406e+00    1.2202e+00   -1.2475e-03    4.4210e-05   -1.7331e-03    -1.1715e-04
   4.0000e-01   -2.6000e+00    1.5000e+00    2.6730e+00    1.3620e+00   -1.0538e-03   -6.8481e-04   -1.2331e-03   -8.0236e-04
   4.0000e-01   -2.6000e+00    1.5000e+00    2.5981e+00    1.5000e+00   -4.3574e-04   -1.1886e-03   -1.2328e-03   -9.6008e-04
   4.0000e-01   -2.6000e+00    1.5000e+00    2.5160e+00    1.6339e+00    4.0737e-04   -1.2093e-03    3.2841e-04   -1.8116e-03
   4.0000e-01   -2.6000e+00    1.5000e+00    2.4271e+00    1.7634e+00    1.0995e-03   -6.6784e-04    1.0676e-03   -3.5294e-04
   4.0000e-01   -2.6000e+00    1.5000e+00    2.3314e+00    1.8880e+00    1.2768e-03    2.3187e-04    1.1045e-03    2.7123e-04
   4.0000e-01   -2.6000e+00    1.5000e+00    2.2294e+00    2.0074e+00    7.6883e-04    1.0606e-03    4.3780e-04    3.3224e-04
   4.0000e-01   -2.6000e+00    1.5000e+00    2.1213e+00    2.1213e+00   -2.1792e-04    1.3048e-03    4.1006e-05    1.2321e-03
   4.0000e-01   -2.6000e+00    1.5000e+00    2.0074e+00    2.2294e+00   -1.1082e-03    7.4689e-04   -8.1060e-04    6.1182e-04
   4.0000e-01   -2.6000e+00    1.5000e+00    1.8880e+00    2.3314e+00   -1.3117e-03   -3.2360e-04   -1.2205e-03   -3.0882e-04
   4.0000e-01   -2.6000e+00    1.5000e+00    1.7634e+00    2.4271e+00   -6.0332e-04   -1.2263e-03   -3.7764e-04   -9.3953e-04
   4.0000e-01   -2.6000e+00    1.5000e+00    1.6339e+00    2.5160e+00    5.9038e-04   -1.2511e-03    7.1785e-04   -1.8861e-03
   4.0000e-01   -2.6000e+00    1.5000e+00    1.5000e+00    2.5981e+00    1.3693e-03   -2.9762e-04    1.7519e-03   -8.8759e-04
   4.0000e-01   -2.6000e+00    1.5000e+00    1.3620e+00    2.6730e+00    1.0637e-03    9.4059e-04    4.0366e-04    4.2175e-04
   4.0000e-01   -2.6000e+00    1.5000e+00    1.2202e+00    2.7406e+00   -1.8055e-04    1.4292e-03    -7.7186e-06    1.0215e-03
   4.0000e-01   -2.6000e+00    1.5000e+00    1.0751e+00    2.8007e+00   -1.3125e-03    6.4443e-04   -1.5829e-03    4.5507e-04
   4.0000e-01   -2.6000e+00    1.5000e+00    9.2705e-01    2.8532e+00   -1.2580e-03   -7.8959e-04   -4.5947e-04   -5.6729e-04
   4.0000e-01   -2.6000e+00    1.5000e+00    7.7646e-01    2.8978e+00    2.5923e-05   -1.5097e-03    3.1664e-04   -1.2554e-03
   4.0000e-01   -2.6000e+00    1.5000e+00    6.2374e-01    2.9344e+00    1.3489e-03   -7.3627e-04    1.4260e-03   -1.1940e-03
   4.0000e-01   -2.6000e+00    1.5000e+00    4.6930e-01    2.9631e+00    1.3105e-03    8.5643e-04    1.7889e-03    3.2311e-04
   4.0000e-01   -2.6000e+00    1.5000e+00    3.1359e-01    2.9836e+00   -1.7212e-04    1.5873e-03    1.2702e-04    1.4815e-03
   4.0000e-01   -2.6000e+00    1.5000e+00    1.5701e-01    2.9959e+00   -1.5295e-03    5.6347e-04   -1.5487e-03    2.9887e-04
   4.0000e-01   -2.6000e+00    1.5000e+00    0.0000e+00    3.0000e+00   -1.1872e-03   -1.1693e-03   -6.5316e-04   -1.8651e-03
   4.0000e-01   -2.6000e+00    1.5000e+00   -1.5701e-01    2.9959e+00    5.9040e-04   -1.6001e-03    7.4791e-04   -1.7595e-03
   4.0000e-01   -2.6000e+00    1.5000e+00   -3.1359e-01    2.9836e+00    1.7458e-03   -9.4569e-05    1.4778e-03   -9.9235e-05
   4.0000e-01   -2.6000e+00    1.5000e+00   -4.6930e-01    2.9631e+00    7.6992e-04    1.6221e-03    9.0406e-04    1.6071e-03
   4.0000e-01   -2.6000e+00    1.5000e+00   -6.2374e-01    2.9344e+00   -1.2680e-03    1.3436e-03   -1.1665e-03    1.9438e-03
   4.0000e-01   -2.6000e+00    1.5000e+00   -7.7646e-01    2.8978e+00   -1.7603e-03   -7.2619e-04   -1.9855e-03   -4.8650e-04
   4.0000e-01   -2.6000e+00    1.5000e+00   -9.2705e-01    2.8532e+00    8.0721e-05   -1.9659e-03    -5.7454e-04   -1.6756e-03
   4.0000e-01   -2.6000e+00    1.5000e+00   -1.0751e+00    2.8007e+00    1.9540e-03   -5.8306e-04    1.2814e-03   -1.8841e-04
   4.0000e-01   -2.6000e+00    1.5000e+00   -1.2202e+00    2.7406e+00    1.2236e-03    1.7301e-03    1.1469e-03    1.9741e-03
   4.0000e-01   -2.6000e+00    1.5000e+00   -1.3620e+00    2.6730e+00   -1.3295e-03    1.7655e-03   -1.7368e-03    1.9856e-03
   4.0000e-01   -2.6000e+00    1.5000e+00   -1.5000e+00    2.5981e+00   -2.1833e-03   -7.6948e-04   -1.6243e-03   -2.8503e-04
   4.0000e-01   -2.6000e+00    1.5000e+00   -3.0000e+00    0.0000e+00   -2.1761e-03   -7.9174e-04   -2.0878e-03   -1.3938e-03
   4.0000e-01   -2.6000e+00    1.5000e+00   -2.9959e+00   -1.5701e-01   -1.3564e-03    1.7461e-03   -8.8891e-04    1.4017e-03
   4.0000e-01   -2.6000e+00    1.5000e+00   -2.9836e+00   -3.1359e-01    1.1865e-03    1.7569e-03    8.7907e-04    8.6814e-04
   4.0000e-01   -2.6000e+00    1.5000e+00   -2.9631e+00   -4.6930e-01    1.9630e-03   -5.5393e-04    1.5660e-03   -1.2372e-03
   4.0000e-01   -2.6000e+00    1.5000e+00   -2.9344e+00   -6.2374e-01    1.1054e-04   -1.9652e-03   -5.2823e-04   -3.4844e-03
   4.0000e-01   -2.6000e+00    1.5000e+00   -2.8978e+00   -7.7646e-01   -1.7501e-03   -7.5174e-04   -2.0558e-03   -1.2993e-03
   4.0000e-01   -2.6000e+00    1.5000e+00   -2.8532e+00   -9.2705e-01   -1.2896e-03    1.3234e-03   -1.4563e-03    1.1333e-03
   4.0000e-01   -2.6000e+00    1.5000e+00   -2.8007e+00   -1.0751e+00    7.4655e-04    1.6336e-03    -1.7374e-05    8.5242e-04
   4.0000e-01   -2.6000e+00    1.5000e+00   -2.7406e+00   -1.2202e+00    1.7479e-03   -6.5610e-05    9.2443e-04   -4.9675e-04
   4.0000e-01   -2.6000e+00    1.5000e+00   -2.6730e+00   -1.3620e+00    6.0446e-04   -1.5949e-03    3.1799e-04   -2.2554e-03
   4.0000e-01   -2.6000e+00    1.5000e+00   -2.5981e+00   -1.5000e+00   -1.1741e-03   -1.1830e-03   -1.3853e-03   -1.8720e-03
   4.0000e-01   -2.6000e+00    1.5000e+00   -2.5160e+00   -1.6339e+00   -1.5366e-03    5.4454e-04   -2.1465e-03    8.2336e-04
   4.0000e-01   -2.6000e+00    1.5000e+00   -2.4271e+00   -1.7634e+00   -1.7921e-04    1.5865e-03   -4.3519e-05    1.2321e-03
   4.0000e-01   -2.6000e+00    1.5000e+00   -2.3314e+00   -1.8880e+00    1.3043e-03    8.6592e-04    5.2927e-04    5.6178e-04
   4.0000e-01   -2.6000e+00    1.5000e+00   -2.2294e+00   -2.0074e+00    1.3609e-03   -7.1419e-04    1.4417e-03   -8.1102e-04
   4.0000e-01   -2.6000e+00    1.5000e+00   -2.1213e+00   -2.1213e+00    5.1079e-05   -1.5095e-03    3.1599e-04   -1.1387e-03
   4.0000e-01   -2.6000e+00    1.5000e+00   -2.0074e+00   -2.2294e+00   -1.2538e-03   -7.9658e-04   -1.4179e-03   -1.0532e-03
   4.0000e-01   -2.6000e+00    1.5000e+00   -1.8880e+00   -2.3314e+00   -1.3172e-03    6.3451e-04   -1.6479e-03    4.3379e-04
   4.0000e-01   -2.6000e+00    1.5000e+00   -1.7634e+00   -2.4271e+00   -1.9660e-04    1.4270e-03    1.2865e-05    1.2452e-03
   4.0000e-01   -2.6000e+00    1.5000e+00   -1.6339e+00   -2.5160e+00    1.0470e-03    9.5984e-04    2.1116e-04    1.1438e-03
   4.0000e-01   -2.6000e+00    1.5000e+00   -1.5000e+00   -2.5981e+00    1.3722e-03   -2.8374e-04    1.1308e-03   -4.6191e-04
   4.0000e-01   -2.6000e+00    1.5000e+00   -1.3620e+00   -2.6730e+00    6.0104e-04   -1.2461e-03    -4.1702e-04   -7.7797e-04
   4.0000e-01   -2.6000e+00    1.5000e+00   -1.2202e+00   -2.7406e+00   -5.8815e-04   -1.2341e-03   -5.9997e-04   -1.6876e-03
   4.0000e-01   -2.6000e+00    1.5000e+00   -1.0751e+00   -2.8007e+00   -1.3063e-03   -3.4671e-04   -1.5840e-03   -7.9223e-04
   4.0000e-01   -2.6000e+00    1.5000e+00   -9.2705e-01   -2.8532e+00   -1.1146e-03    7.3777e-04   -2.0441e-03    -1.2511e-04
   4.0000e-01   -2.6000e+00    1.5000e+00   -7.7646e-01   -2.8978e+00   -2.2398e-04    1.3038e-03   -3.6132e-04    1.6058e-03
   4.0000e-01   -2.6000e+00    1.5000e+00   -6.2374e-01   -2.9344e+00    7.5414e-04    1.0715e-03    1.3313e-04    9.8723e-04
   4.0000e-01   -2.6000e+00    1.5000e+00   -4.6930e-01   -2.9631e+00    1.2735e-03    2.5155e-04    1.4195e-03    -1.1623e-04
   4.0000e-01   -2.6000e+00    1.5000e+00   -3.1359e-01   -2.9836e+00    1.1074e-03   -6.5540e-04    4.6828e-05   -6.7809e-04
   4.0000e-01   -2.6000e+00    1.5000e+00   -1.5701e-01   -2.9959e+00    4.1838e-04   -1.2058e-03    7.4806e-06   -1.3878e-03
   4.0000e-01   -2.6000e+00    1.5000e+00    0.0000e+00   -3.0000e+00   -4.2502e-04   -1.1930e-03   -1.6443e-03   -1.5380e-03
   4.0000e-01   -2.6000e+00    1.5000e+00    1.5701e-01   -2.9959e+00   -1.0448e-03   -6.9934e-04   -1.4445e-03   -4.3264e-04
   4.0000e-01   -2.6000e+00    1.5000e+00    3.1359e-01   -2.9836e+00   -1.2483e-03    2.5146e-05   -2.5831e-03    -4.3253e-04
   4.0000e-01   -2.6000e+00    1.5000e+00    4.6930e-01   -2.9631e+00   -1.0180e-03    7.0874e-04   -2.0709e-03    7.8438e-04
   4.0000e-01   -2.6000e+00    1.5000e+00    6.2374e-01   -2.9344e+00   -4.9114e-04    1.1310e-03   -2.5667e-04    1.1733e-03
   4.0000e-01   -2.6000e+00    1.5000e+00    7.7646e-01   -2.8978e+00    1.3649e-04    1.2184e-03   -4.3730e-04    1.1417e-03
   4.0000e-01   -2.6000e+00    1.5000e+00    9.2705e-01   -2.8532e+00    6.8221e-04    1.0111e-03    1.1586e-03    1.1006e-03
   4.0000e-01   -2.6000e+00    1.5000e+00    1.0751e+00   -2.8007e+00    1.0544e-03    6.0144e-04    3.7378e-04    1.0927e-03
   4.0000e-01   -2.6000e+00    1.5000e+00    1.2202e+00   -2.7406e+00    1.2031e-03    1.1482e-04    2.8109e-04    9.7091e-04
   4.0000e-01   -2.6000e+00    1.5000e+00    1.3620e+00   -2.6730e+00    1.1496e-03   -3.5574e-04    8.4187e-04    -4.1937e-05
   4.0000e-01   -2.6000e+00    1.5000e+00    1.5000e+00   -2.5981e+00    9.5167e-04   -7.2950e-04    5.0947e-04    -7.2326e-04
   4.0000e-01   -2.6000e+00    1.5000e+00    1.6339e+00   -2.5160e+00    6.7109e-04   -9.8895e-04    3.4763e-04   -1.0279e-03
   4.0000e-01   -2.6000e+00    1.5000e+00    1.7634e+00   -2.4271e+00    3.5316e-04   -1.1380e-03    1.8447e-04   -3.7419e-04
   4.0000e-01   -2.6000e+00    1.5000e+00    1.8880e+00   -2.3314e+00    4.5286e-05   -1.1875e-03    -6.2458e-05   -3.7095e-04
   4.0000e-01   -2.6000e+00    1.5000e+00    2.0074e+00   -2.2294e+00   -2.0979e-04   -1.1670e-03    -3.1905e-04    4.4405e-04
   4.0000e-01   -2.6000e+00    1.5000e+00    2.1213e+00   -2.1213e+00   -4.1965e-04   -1.1066e-03    4.6677e-04    9.9235e-06
   4.0000e-01   -2.6000e+00    1.5000e+00    2.2294e+00   -2.0074e+00   -5.8980e-04   -1.0240e-03    2.7416e-04    7.7501e-05
   4.0000e-01   -2.6000e+00    1.5000e+00    2.3314e+00   -1.8880e+00   -7.1412e-04   -9.3963e-04   -3.3903e-04    -2.7083e-05
   4.0000e-01   -2.6000e+00    1.5000e+00    2.4271e+00   -1.7634e+00   -7.8645e-04   -8.7864e-04    3.4921e-05    6.1039e-04
   4.0000e-01   -2.6000e+00    1.5000e+00    2.5160e+00   -1.6339e+00   -8.2731e-04   -8.3950e-04   -7.5769e-04    4.5177e-04
   4.0000e-01   -2.6000e+00    1.5000e+00    2.5981e+00   -1.5000e+00   -8.4487e-04   -8.2143e-04   -4.4562e-04    9.0249e-06
   4.0000e-01   -2.6000e+00    1.5000e+00    2.6730e+00   -1.3620e+00   -8.3304e-04   -8.3365e-04   -2.3902e-04    -4.6297e-04
   4.0000e-01   -2.6000e+00    1.5000e+00    2.7406e+00   -1.2202e+00   -7.8637e-04   -8.7892e-04   -3.8148e-04    9.2865e-04
   4.0000e-01   -2.6000e+00    1.5000e+00    2.8007e+00   -1.0751e+00   -7.0843e-04   -9.4407e-04   -4.1146e-06    -4.1731e-04
   4.0000e-01   -2.6000e+00    1.5000e+00    2.8532e+00   -9.2705e-01   -5.8897e-04   -1.0243e-03    9.7502e-05   -1.0748e-04
   4.0000e-01   -2.6000e+00    1.5000e+00    2.8978e+00   -7.7646e-01   -4.3067e-04   -1.1021e-03   -1.6528e-04   -5.5446e-04
   4.0000e-01   -2.6000e+00    1.5000e+00    2.9344e+00   -6.2374e-01   -2.1394e-04   -1.1662e-03    8.4163e-05   -7.2334e-04
   4.0000e-01   -2.6000e+00    1.5000e+00    2.9631e+00   -4.6930e-01    4.9619e-05   -1.1873e-03    1.7693e-04   -3.2134e-04
   4.0000e-01   -2.6000e+00    1.5000e+00    2.9836e+00   -3.1359e-01    3.5608e-04   -1.1370e-03    7.6522e-04   -1.1763e-03
   4.0000e-01   -2.6000e+00    1.5000e+00    2.9959e+00   -1.5701e-01    6.6621e-04   -9.9212e-04    4.6115e-04    2.2661e-05
   4.0000e-01   -3.0000e+00    0.0000e+00    3.0000e+00    0.0000e+00   -8.3757e-04   -8.2903e-04    1.9743e-05    8.0558e-04
   4.0000e-01   -3.0000e+00    0.0000e+00    2.9959e+00    1.5701e-01   -8.1703e-04   -8.4967e-04   -7.9045e-05    1.0647e-03
   4.0000e-01   -3.0000e+00    0.0000e+00    2.9836e+00    3.1359e-01   -7.7087e-04   -8.9239e-04   -7.6044e-04    -3.2241e-04
   4.0000e-01   -3.0000e+00    0.0000e+00    2.9631e+00    4.6930e-01   -6.9606e-04   -9.5308e-04   -6.8843e-04    -1.9998e-04
   4.0000e-01   -3.0000e+00    0.0000e+00    2.9344e+00    6.2374e-01   -5.7669e-04   -1.0315e-03   -5.2700e-04    8.0189e-04
   4.0000e-01   -3.0000e+00    0.0000e+00    2.8978e+00    7.7646e-01   -4.1515e-04   -1.1082e-03   -3.5112e-04   -4.0807e-04
   4.0000e-01   -3.0000e+00    0.0000e+00    2.8532e+00    9.2705e-01   -1.9547e-04   -1.1695e-03   -7.2611e-04   -1.0774e-03
   4.0000e-01   -3.0000e+00    0.0000e+00    2.8007e+00    1.0751e+00    6.7580e-05   -1.1866e-03   -7.7776e-04    1.7685e-04
   4.0000e-01   -3.0000e+00    0.0000e+00    2.7406e+00    1.2202e+00    3.6684e-04   -1.1338e-03    5.9590e-04   -6.1421e-04
   4.0000e-01   -3.0000e+00    0.0000e+00    2.6730e+00    1.3620e+00    6.7571e-04   -9.8563e-04    4.9519e-04   -5.7958e-04
   4.0000e-01   -3.0000e+00    0.0000e+00    2.5981e+00    1.5000e+00    9.5855e-04   -7.2032e-04    8.2746e-04    1.2131e-04
   4.0000e-01   -3.0000e+00    0.0000e+00    2.5160e+00    1.6339e+00    1.1556e-03   -3.3655e-04    1.1841e-03   -9.5324e-04
   4.0000e-01   -3.0000e+00    0.0000e+00    2.4271e+00    1.7634e+00    1.2019e-03    1.2507e-04    1.5043e-03    -5.7715e-04
   4.0000e-01   -3.0000e+00    0.0000e+00    2.3314e+00    1.8880e+00    1.0529e-03    6.0373e-04    7.8873e-04    2.9668e-05
   4.0000e-01   -3.0000e+00    0.0000e+00    2.2294e+00    2.0074e+00    6.7754e-04    1.0143e-03    6.0921e-04    4.2378e-04
   4.0000e-01   -3.0000e+00    0.0000e+00    2.1213e+00    2.1213e+00    1.1730e-04    1.2206e-03    -4.8790e-04    6.6773e-04
   4.0000e-01   -3.0000e+00    0.0000e+00    2.0074e+00    2.2294e+00   -5.0287e-04    1.1258e-03   -2.1509e-04    8.8993e-04
   4.0000e-01   -3.0000e+00    0.0000e+00    1.8880e+00    2.3314e+00   -1.0189e-03    7.0739e-04   -7.6139e-04    1.0800e-03
   4.0000e-01   -3.0000e+00    0.0000e+00    1.7634e+00    2.4271e+00   -1.2482e-03    2.4710e-05   -1.1294e-03    1.0017e-04
   4.0000e-01   -3.0000e+00    0.0000e+00    1.6339e+00    2.5160e+00   -1.0392e-03   -7.0757e-04   -1.3675e-03   -8.5898e-04
   4.0000e-01   -3.0000e+00    0.0000e+00    1.5000e+00    2.5981e+00   -4.1423e-04   -1.1969e-03   -7.8448e-04   -1.0508e-03
   4.0000e-01   -3.0000e+00    0.0000e+00    1.3620e+00    2.6730e+00    4.2008e-04   -1.2051e-03    8.9055e-04   -8.4155e-04
   4.0000e-01   -3.0000e+00    0.0000e+00    1.2202e+00    2.7406e+00    1.1121e-03   -6.4803e-04    1.2389e-03   -2.5042e-04
   4.0000e-01   -3.0000e+00    0.0000e+00    1.0751e+00    2.8007e+00    1.2718e-03    2.6183e-04    1.3756e-03    1.4702e-04
   4.0000e-01   -3.0000e+00    0.0000e+00    9.2705e-01    2.8532e+00    7.4433e-04    1.0785e-03    1.1247e-03    1.5364e-03
   4.0000e-01   -3.0000e+00    0.0000e+00    7.7646e-01    2.8978e+00   -2.3299e-04    1.3025e-03    8.3922e-04    1.8191e-03
   4.0000e-01   -3.0000e+00    0.0000e+00    6.2374e-01    2.9344e+00   -1.1193e-03    7.3117e-04   -1.3399e-03    6.2430e-04
   4.0000e-01   -3.0000e+00    0.0000e+00    4.6930e-01    2.9631e+00   -1.3042e-03   -3.5471e-04   -1.5918e-03   -2.5930e-06
   4.0000e-01   -3.0000e+00    0.0000e+00    3.1359e-01    2.9836e+00   -5.7218e-04   -1.2418e-03   -7.7155e-04   -3.5080e-04
   4.0000e-01   -3.0000e+00    0.0000e+00    1.5701e-01    2.9959e+00    6.1213e-04   -1.2412e-03    7.4057e-04   -6.1986e-04
   4.0000e-01   -3.0000e+00    0.0000e+00    0.0000e+00    3.0000e+00    1.3746e-03   -2.7437e-04    1.6865e-03    2.2846e-04
   4.0000e-01   -3.0000e+00    0.0000e+00   -1.5701e-01    2.9959e+00    1.0432e-03    9.6430e-04    8.8600e-04    1.3062e-03
   4.0000e-01   -3.0000e+00    0.0000e+00   -3.1359e-01    2.9836e+00   -2.0201e-04    1.4265e-03    -1.1683e-04    1.7135e-03
   4.0000e-01   -3.0000e+00    0.0000e+00   -4.6930e-01    2.9631e+00   -1.3224e-03    6.2450e-04   -1.0169e-03    1.1771e-03
   4.0000e-01   -3.0000e+00    0.0000e+00   -6.2374e-01    2.9344e+00   -1.2476e-03   -8.0684e-04   -1.1762e-03   -2.5401e-04
   4.0000e-01   -3.0000e+00    0.0000e+00   -7.7646e-01    2.8978e+00    4.8948e-05   -1.5096e-03    4.3339e-04   -7.0227e-04
   4.0000e-01   -3.0000e+00    0.0000e+00   -9.2705e-01    2.8532e+00    1.3601e-03   -7.1613e-04    3.0067e-04   -8.8652e-04
   4.0000e-01   -3.0000e+00    0.0000e+00   -1.0751e+00    2.8007e+00    1.2982e-03    8.7598e-04    2.0436e-03    -1.2195e-04
   4.0000e-01   -3.0000e+00    0.0000e+00   -1.2202e+00    2.7406e+00   -1.8388e-04    1.5864e-03    6.4679e-04    1.5300e-03
   4.0000e-01   -3.0000e+00    0.0000e+00   -1.3620e+00    2.6730e+00   -1.5368e-03    5.4430e-04   -2.1068e-03    6.5133e-04
   4.0000e-01   -3.0000e+00    0.0000e+00   -1.5000e+00    2.5981e+00   -1.1750e-03   -1.1819e-03   -1.3586e-03   -1.8108e-03
   4.0000e-01   -3.0000e+00    0.0000e+00   -1.6339e+00    2.5160e+00    6.1360e-04   -1.5920e-03    1.4209e-03   -2.0966e-03
   4.0000e-01   -3.0000e+00    0.0000e+00   -1.7634e+00    2.4271e+00    1.7477e-03   -6.6354e-05    1.5877e-03    2.9734e-04
   4.0000e-01   -3.0000e+00    0.0000e+00   -1.8880e+00    2.3314e+00    7.5192e-04    1.6308e-03    1.3281e-03    9.9816e-04
   4.0000e-01   -3.0000e+00    0.0000e+00   -2.0074e+00    2.2294e+00   -1.2785e-03    1.3340e-03   -1.3875e-03    6.9732e-04
   4.0000e-01   -3.0000e+00    0.0000e+00   -2.1213e+00    2.1213e+00   -1.7497e-03   -7.5343e-04   -9.2978e-04   -1.7412e-03
   4.0000e-01   -3.0000e+00    0.0000e+00   -2.2294e+00    2.0074e+00    1.1527e-04   -1.9650e-03    -2.0777e-04   -2.0904e-03
   4.0000e-01   -3.0000e+00    0.0000e+00   -2.3314e+00    1.8880e+00    1.9588e-03   -5.6680e-04    2.0093e-03   -1.1721e-03
   4.0000e-01   -3.0000e+00    0.0000e+00   -2.4271e+00    1.7634e+00    1.2053e-03    1.7432e-03    1.5621e-03    9.4580e-04
   4.0000e-01   -3.0000e+00    0.0000e+00   -2.5160e+00    1.6339e+00   -1.3484e-03    1.7520e-03   -2.1755e-03    1.0411e-03
   4.0000e-01   -3.0000e+00    0.0000e+00   -2.5981e+00    1.5000e+00   -2.1743e-03   -7.9775e-04   -1.5774e-03   -5.3626e-04
   4.0000e-01   -3.0000e+00    0.0000e+00   -2.5981e+00   -1.5000e+00   -2.1743e-03   -7.9775e-04   -2.2751e-03   -1.0149e-03
   4.0000e-01   -3.0000e+00    0.0000e+00   -2.5160e+00   -1.6339e+00   -1.3484e-03    1.7520e-03   -8.0437e-04    1.7416e-03
   4.0000e-01   -3.0000e+00    0.0000e+00   -2.4271e+00   -1.7634e+00    1.2053e-03    1.7432e-03    1.3822e-03    6.7793e-04
   4.0000e-01   -3.0000e+00    0.0000e+00   -2.3314e+00   -1.8880e+00    1.9588e-03   -5.6680e-04    1.9063e-03   -7.9610e-04
   4.0000e-01   -3.0000e+00    0.0000e+00   -2.2294e+00   -2.0074e+00    1.1527e-04   -1.9650e-03    -3.2062e-04   -2.4482e-03
   4.0000e-01   -3.0000e+00    0.0000e+00   -2.1213e+00   -2.1213e+00   -1.7497e-03   -7.5343e-04   -8.6818e-04   -1.2104e-03
   4.0000e-01   -3.0000e+00    0.0000e+00   -2.0074e+00   -2.2294e+00   -1.2785e-03    1.3340e-03   -1.6111e-03    2.2072e-04
   4.0000e-01   -3.0000e+00    0.0000e+00   -1.8880e+00   -2.3314e+00    7.5192e-04    1.6308e-03    9.9864e-04    1.0303e-03
   4.0000e-01   -3.0000e+00    0.0000e+00   -1.7634e+00   -2.4271e+00    1.7477e-03   -6.6354e-05    1.6636e-03   -3.4386e-04
   4.0000e-01   -3.0000e+00    0.0000e+00   -1.6339e+00   -2.5160e+00    6.1360e-04   -1.5920e-03    9.7960e-04   -1.8807e-03
   4.0000e-01   -3.0000e+00    0.0000e+00   -1.5000e+00   -2.5981e+00   -1.1750e-03   -1.1819e-03   -8.0616e-04   -2.0134e-03
   4.0000e-01   -3.0000e+00    0.0000e+00   -1.3620e+00   -2.6730e+00   -1.5368e-03    5.4430e-04   -1.5960e-03    8.6153e-05
   4.0000e-01   -3.0000e+00    0.0000e+00   -1.2202e+00   -2.7406e+00   -1.8388e-04    1.5864e-03   -5.7871e-05    1.6682e-03
   4.0000e-01   -3.0000e+00    0.0000e+00   -1.0751e+00   -2.8007e+00    1.2982e-03    8.7598e-04    1.0984e-03    2.7857e-04
   4.0000e-01   -3.0000e+00    0.0000e+00   -9.2705e-01   -2.8532e+00    1.3601e-03   -7.1613e-04    1.9678e-03   -9.2366e-04
   4.0000e-01   -3.0000e+00    0.0000e+00   -7.7646e-01   -2.8978e+00    4.8948e-05   -1.5096e-03   -5.6202e-04   -1.8844e-03
   4.0000e-01   -3.0000e+00    0.0000e+00   -6.2374e-01   -2.9344e+00   -1.2476e-03   -8.0684e-04   -1.8749e-03   -1.4922e-03
   4.0000e-01   -3.0000e+00    0.0000e+00   -4.6930e-01   -2.9631e+00   -1.3224e-03    6.2450e-04   -2.0724e-03    8.8083e-05
   4.0000e-01   -3.0000e+00    0.0000e+00   -3.1359e-01   -2.9836e+00   -2.0201e-04    1.4265e-03    3.0774e-04    1.6145e-03
   4.0000e-01   -3.0000e+00    0.0000e+00   -1.5701e-01   -2.9959e+00    1.0432e-03    9.6430e-04    1.2038e-03    1.1916e-03
   4.0000e-01   -3.0000e+00    0.0000e+00    0.0000e+00   -3.0000e+00    1.3746e-03   -2.7437e-04    8.5892e-04   -3.0838e-04
   4.0000e-01   -3.0000e+00    0.0000e+00    1.5701e-01   -2.9959e+00    6.1213e-04   -1.2412e-03    1.2383e-04   -1.8569e-03
   4.0000e-01   -3.0000e+00    0.0000e+00    3.1359e-01   -2.9836e+00   -5.7218e-04   -1.2418e-03   -1.6187e-03   -1.0773e-03
   4.0000e-01   -3.0000e+00    0.0000e+00    4.6930e-01   -2.9631e+00   -1.3042e-03   -3.5471e-04   -2.4208e-03   -4.6184e-04
   4.0000e-01   -3.0000e+00    0.0000e+00    6.2374e-01   -2.9344e+00   -1.1193e-03    7.3117e-04   -1.5307e-03    8.4523e-04
   4.0000e-01   -3.0000e+00    0.0000e+00    7.7646e-01   -2.8978e+00   -2.3299e-04    1.3025e-03   -7.7763e-04    6.5074e-04
   4.0000e-01   -3.0000e+00    0.0000e+00    9.2705e-01   -2.8532e+00    7.4433e-04    1.0785e-03    2.6094e-04    8.5177e-04
   4.0000e-01   -3.0000e+00    0.0000e+00    1.0751e+00   -2.8007e+00    1.2718e-03    2.6183e-04    1.9436e-04    -6.8339e-04
   4.0000e-01   -3.0000e+00    0.0000e+00    1.2202e+00   -2.7406e+00    1.1121e-03   -6.4803e-04    6.1999e-04   -1.4019e-03
   4.0000e-01   -3.0000e+00    0.0000e+00    1.3620e+00   -2.6730e+00    4.2008e-04   -1.2051e-03   -8.9303e-04   -6.2529e-04
   4.0000e-01   -3.0000e+00    0.0000e+00    1.5000e+00   -2.5981e+00   -4.1423e-04   -1.1969e-03   -1.4826e-03   -1.4421e-03
   4.0000e-01   -3.0000e+00    0.0000e+00    1.6339e+00   -2.5160e+00   -1.0392e-03   -7.0757e-04   -1.5491e-03   -7.1694e-04
   4.0000e-01   -3.0000e+00    0.0000e+00    1.7634e+00   -2.4271e+00   -1.2482e-03    2.4710e-05   -2.1266e-03    -2.3567e-04
   4.0000e-01   -3.0000e+00    0.0000e+00    1.8880e+00   -2.3314e+00   -1.0189e-03    7.0739e-04   -1.1053e-03    6.8525e-04
   4.0000e-01   -3.0000e+00    0.0000e+00    2.0074e+00   -2.2294e+00   -5.0287e-04    1.1258e-03   -8.4415e-04    4.3316e-04
   4.0000e-01   -3.0000e+00    0.0000e+00    2.1213e+00   -2.1213e+00    1.1730e-04    1.2206e-03   -3.6691e-04    1.8105e-03
   4.0000e-01   -3.0000e+00    0.0000e+00    2.2294e+00   -2.0074e+00    6.7754e-04    1.0143e-03    2.0927e-04    9.8991e-04
   4.0000e-01   -3.0000e+00    0.0000e+00    2.3314e+00   -1.8880e+00    1.0529e-03    6.0373e-04    1.0984e-03    1.3024e-03
   4.0000e-01   -3.0000e+00    0.0000e+00    2.4271e+00   -1.7634e+00    1.2019e-03    1.2507e-04    1.2982e-03    4.7957e-04
   4.0000e-01   -3.0000e+00    0.0000e+00    2.5160e+00   -1.6339e+00    1.1556e-03   -3.3655e-04    1.4779e-03    1.0098e-03
   4.0000e-01   -3.0000e+00    0.0000e+00    2.5981e+00   -1.5000e+00    9.5855e-04   -7.2032e-04    1.5067e-03    -5.1094e-04
   4.0000e-01   -3.0000e+00    0.0000e+00    2.6730e+00   -1.3620e+00    6.7571e-04   -9.8563e-04    1.9703e-03   -5.5746e-04
   4.0000e-01   -3.0000e+00    0.0000e+00    2.7406e+00   -1.2202e+00    3.6684e-04   -1.1338e-03    5.3135e-05    6.1968e-05
   4.0000e-01   -3.0000e+00    0.0000e+00    2.8007e+00   -1.0751e+00    6.7580e-05   -1.1866e-03    2.2945e-04    1.4561e-04
   4.0000e-01   -3.0000e+00    0.0000e+00    2.8532e+00   -9.2705e-01   -1.9547e-04   -1.1695e-03    5.3918e-04    4.9090e-04
   4.0000e-01   -3.0000e+00    0.0000e+00    2.8978e+00   -7.7646e-01   -4.1515e-04   -1.1082e-03   -5.3846e-04    2.9841e-04
   4.0000e-01   -3.0000e+00    0.0000e+00    2.9344e+00   -6.2374e-01   -5.7669e-04   -1.0315e-03    4.7665e-05    8.3255e-04
   4.0000e-01   -3.0000e+00    0.0000e+00    2.9631e+00   -4.6930e-01   -6.9606e-04   -9.5308e-04   -3.7390e-05    8.6497e-04
   4.0000e-01   -3.0000e+00    0.0000e+00    2.9836e+00   -3.1359e-01   -7.7087e-04   -8.9239e-04   -3.0253e-04    4.2363e-04
   4.0000e-01   -3.0000e+00    0.0000e+00    2.9959e+00   -1.5701e-01   -8.1703e-04   -8.4967e-04   -1.1725e-03    8.3446e-04
   4.0000e-01   -2.6000e+00   -1.5000e+00    3.0000e+00    0.0000e+00    9.4572e-04   -7.3696e-04    8.6590e-04    5.8154e-04
   4.0000e-01   -2.6000e+00   -1.5000e+00    2.9959e+00    1.5701e-01    6.6621e-04   -9.9212e-04    5.1201e-04   -2.1106e-04
   4.0000e-01   -2.6000e+00   -1.5000e+00    2.9836e+00    3.1359e-01    3.5608e-04   -1.1370e-03    4.6537e-04    2.7087e-04
   4.0000e-01   -2.6000e+00   -1.5000e+00    2.9631e+00    4.6930e-01    4.9619e-05   -1.1873e-03    7.1109e-04   -7.4514e-05
   4.0000e-01   -2.6000e+00   -1.5000e+00    2.9344e+00    6.2374e-01   -2.1394e-04   -1.1662e-03    3.3575e-04    6.4066e-04
   4.0000e-01   -2.6000e+00   -1.5000e+00    2.8978e+00    7.7646e-01   -4.3067e-04   -1.1021e-03    -6.3239e-04    4.0734e-04
   4.0000e-01   -2.6000e+00   -1.5000e+00    2.8532e+00    9.2705e-01   -5.8897e-04   -1.0243e-03    3.7344e-04    7.0148e-04
   4.0000e-01   -2.6000e+00   -1.5000e+00    2.8007e+00    1.0751e+00   -7.0843e-04   -9.4407e-04    1.7911e-04    6.1298e-06
   4.0000e-01   -2.6000e+00   -1.5000e+00    2.7406e+00    1.2202e+00   -7.8637e-04   -8.7892e-04   -4.0774e-04    6.3265e-04
   4.0000e-01   -2.6000e+00   -1.5000e+00    2.6730e+00    1.3620e+00   -8.3304e-04   -8.3365e-04   -4.5979e-04    3.1168e-04
   4.0000e-01   -2.6000e+00   -1.5000e+00    2.5981e+00    1.5000e+00   -8.4487e-04   -8.2143e-04   -8.3651e-04    -1.0636e-04
   4.0000e-01   -2.6000e+00   -1.5000e+00    2.5160e+00    1.6339e+00   -8.2731e-04   -8.3950e-04   -9.8705e-05    1.2892e-04
   4.0000e-01   -2.6000e+00   -1.5000e+00    2.4271e+00    1.7634e+00   -7.8645e-04   -8.7864e-04   -5.0527e-04    1.1787e-04
   4.0000e-01   -2.6000e+00   -1.5000e+00    2.3314e+00    1.8880e+00   -7.1412e-04   -9.3963e-04   -2.7481e-05    -4.7655e-05
   4.0000e-01   -2.6000e+00   -1.5000e+00    2.2294e+00    2.0074e+00   -5.8980e-04   -1.0240e-03    1.5578e-05   -6.7311e-05
   4.0000e-01   -2.6000e+00   -1.5000e+00    2.1213e+00    2.1213e+00   -4.1965e-04   -1.1066e-03    -1.2064e-05   -2.6788e-04
   4.0000e-01   -2.6000e+00   -1.5000e+00    2.0074e+00    2.2294e+00   -2.0979e-04   -1.1670e-03    -7.6648e-05   -6.0641e-04
   4.0000e-01   -2.6000e+00   -1.5000e+00    1.8880e+00    2.3314e+00    4.5286e-05   -1.1875e-03    -2.1989e-04   -9.7274e-04
   4.0000e-01   -2.6000e+00   -1.5000e+00    1.7634e+00    2.4271e+00    3.5316e-04   -1.1380e-03    3.1418e-04   -6.9252e-04
   4.0000e-01   -2.6000e+00   -1.5000e+00    1.6339e+00    2.5160e+00    6.7109e-04   -9.8895e-04    1.5207e-03   -4.5810e-04
   4.0000e-01   -2.6000e+00   -1.5000e+00    1.5000e+00    2.5981e+00    9.5167e-04   -7.2950e-04    1.3909e-03   -6.3358e-04
   4.0000e-01   -2.6000e+00   -1.5000e+00    1.3620e+00    2.6730e+00    1.1496e-03   -3.5574e-04    1.6206e-03    7.2596e-04
   4.0000e-01   -2.6000e+00   -1.5000e+00    1.2202e+00    2.7406e+00    1.2031e-03    1.1482e-04    1.5021e-03    1.5084e-04
   4.0000e-01   -2.6000e+00   -1.5000e+00    1.0751e+00    2.8007e+00    1.0544e-03    6.0144e-04    9.0513e-04    1.0249e-03
   4.0000e-01   -2.6000e+00   -1.5000e+00    9.2705e-01    2.8532e+00    6.8221e-04    1.0111e-03    6.0031e-04    1.5762e-03
   4.0000e-01   -2.6000e+00   -1.5000e+00    7.7646e-01    2.8978e+00    1.3649e-04    1.2184e-03    7.0067e-06    8.1370e-04
   4.0000e-01   -2.6000e+00   -1.5000e+00    6.2374e-01    2.9344e+00   -4.9114e-04    1.1310e-03   -5.1979e-05    8.4336e-04
   4.0000e-01   -2.6000e+00   -1.5000e+00    4.6930e-01    2.9631e+00   -1.0180e-03    7.0874e-04   -5.5054e-04    1.3189e-03
   4.0000e-01   -2.6000e+00   -1.5000e+00    3.1359e-01    2.9836e+00   -1.2483e-03    2.5146e-05   -1.2784e-03    2.8576e-04
   4.0000e-01   -2.6000e+00   -1.5000e+00    1.5701e-01    2.9959e+00   -1.0448e-03   -6.9934e-04   -3.1302e-04   -7.2733e-04
   4.0000e-01   -2.6000e+00   -1.5000e+00    0.0000e+00    3.0000e+00   -4.2502e-04   -1.1930e-03    3.6402e-04   -1.1909e-03
   4.0000e-01   -2.6000e+00   -1.5000e+00   -1.5701e-01    2.9959e+00    4.1838e-04   -1.2058e-03    1.7648e-04   -1.0578e-03
   4.0000e-01   -2.6000e+00   -1.5000e+00   -3.1359e-01    2.9836e+00    1.1074e-03   -6.5540e-04    1.2967e-03   -1.2308e-04
   4.0000e-01   -2.6000e+00   -1.5000e+00   -4.6930e-01    2.9631e+00    1.2735e-03    2.5155e-04    1.6940e-03    4.5236e-04
   4.0000e-01   -2.6000e+00   -1.5000e+00   -6.2374e-01    2.9344e+00    7.5414e-04    1.0715e-03    1.0514e-03    1.1665e-03
   4.0000e-01   -2.6000e+00   -1.5000e+00   -7.7646e-01    2.8978e+00   -2.2398e-04    1.3038e-03    9.3536e-05    1.0886e-03
   4.0000e-01   -2.6000e+00   -1.5000e+00   -9.2705e-01    2.8532e+00   -1.1146e-03    7.3777e-04   -1.5724e-03    7.7448e-04
   4.0000e-01   -2.6000e+00   -1.5000e+00   -1.0751e+00    2.8007e+00   -1.3063e-03   -3.4671e-04   -3.0777e-04   -1.1074e-04
   4.0000e-01   -2.6000e+00   -1.5000e+00   -1.2202e+00    2.7406e+00   -5.8815e-04   -1.2341e-03   -9.6499e-04   -8.0482e-04
   4.0000e-01   -2.6000e+00   -1.5000e+00   -1.3620e+00    2.6730e+00    6.0104e-04   -1.2461e-03    -2.7073e-04   -1.5066e-03
   4.0000e-01   -2.6000e+00   -1.5000e+00   -1.5000e+00    2.5981e+00    1.3722e-03   -2.8374e-04    1.3639e-03   -7.4974e-04
   4.0000e-01   -2.6000e+00   -1.5000e+00   -1.6339e+00    2.5160e+00    1.0470e-03    9.5984e-04    6.1838e-04    6.5478e-04
   4.0000e-01   -2.6000e+00   -1.5000e+00   -1.7634e+00    2.4271e+00   -1.9660e-04    1.4270e-03   -6.3103e-04    8.4452e-04
   4.0000e-01   -2.6000e+00   -1.5000e+00   -1.8880e+00    2.3314e+00   -1.3172e-03    6.3451e-04   -1.9884e-03    -2.8583e-04
   4.0000e-01   -2.6000e+00   -1.5000e+00   -2.0074e+00    2.2294e+00   -1.2538e-03   -7.9658e-04   -1.8919e-03   -1.1707e-03
   4.0000e-01   -2.6000e+00   -1.5000e+00   -2.1213e+00    2.1213e+00    5.1079e-05   -1.5095e-03    1.8536e-04   -2.1321e-03
   4.0000e-01   -2.6000e+00   -1.5000e+00   -2.2294e+00    2.0074e+00    1.3609e-03   -7.1419e-04    6.1230e-04   -4.5835e-04
   4.0000e-01   -2.6000e+00   -1.5000e+00   -2.3314e+00    1.8880e+00    1.3043e-03    8.6592e-04    5.8237e-04    5.1060e-04
   4.0000e-01   -2.6000e+00   -1.5000e+00   -2.4271e+00    1.7634e+00   -1.7921e-04    1.5865e-03   -8.0878e-04    8.9732e-04
   4.0000e-01   -2.6000e+00   -1.5000e+00   -2.5160e+00    1.6339e+00   -1.5366e-03    5.4454e-04   -1.6278e-03    3.1600e-04
   4.0000e-01   -2.6000e+00   -1.5000e+00   -2.5981e+00    1.5000e+00   -1.1741e-03   -1.1830e-03   -8.9914e-04   -1.3283e-03
   4.0000e-01   -2.6000e+00   -1.5000e+00   -2.6730e+00    1.3620e+00    6.0446e-04   -1.5949e-03    4.5780e-04   -1.7519e-03
   4.0000e-01   -2.6000e+00   -1.5000e+00   -2.7406e+00    1.2202e+00    1.7479e-03   -6.5610e-05    1.1579e-03    1.8445e-05
   4.0000e-01   -2.6000e+00   -1.5000e+00   -2.8007e+00    1.0751e+00    7.4655e-04    1.6336e-03    7.9941e-04    1.4471e-03
   4.0000e-01   -2.6000e+00   -1.5000e+00   -2.8532e+00    9.2705e-01   -1.2896e-03    1.3234e-03   -1.1860e-03    3.7639e-04
   4.0000e-01   -2.6000e+00   -1.5000e+00   -2.8978e+00    7.7646e-01   -1.7501e-03   -7.5174e-04   -2.3109e-03   -1.0385e-03
   4.0000e-01   -2.6000e+00   -1.5000e+00   -2.9344e+00    6.2374e-01    1.1054e-04   -1.9652e-03    7.6273e-05   -2.0524e-03
   4.0000e-01   -2.6000e+00   -1.5000e+00   -2.9631e+00    4.6930e-01    1.9630e-03   -5.5393e-04    1.9295e-03   -9.1481e-04
   4.0000e-01   -2.6000e+00   -1.5000e+00   -2.9836e+00    3.1359e-01    1.1865e-03    1.7569e-03    1.6208e-03    1.6348e-03
   4.0000e-01   -2.6000e+00   -1.5000e+00   -2.9959e+00    1.5701e-01   -1.3564e-03    1.7461e-03   -1.1187e-03    1.9866e-03
   4.0000e-01   -2.6000e+00   -1.5000e+00   -3.0000e+00    0.0000e+00   -2.1688e-03   -8.1403e-04   -1.7269e-03   -8.9283e-04
   4.0000e-01   -2.6000e+00   -1.5000e+00   -1.5000e+00   -2.5981e+00   -2.1833e-03   -7.6948e-04   -1.9381e-03   -7.8468e-04
   4.0000e-01   -2.6000e+00   -1.5000e+00   -1.3620e+00   -2.6730e+00   -1.3295e-03    1.7655e-03   -9.1515e-04    2.5583e-03
   4.0000e-01   -2.6000e+00   -1.5000e+00   -1.2202e+00   -2.7406e+00    1.2236e-03    1.7301e-03    8.3278e-04    1.3355e-03
   4.0000e-01   -2.6000e+00   -1.5000e+00   -1.0751e+00   -2.8007e+00    1.9540e-03   -5.8306e-04    2.6332e-03   -5.9308e-04
   4.0000e-01   -2.6000e+00   -1.5000e+00   -9.2705e-01   -2.8532e+00    8.0721e-05   -1.9659e-03    -8.4730e-06   -2.3112e-03
   4.0000e-01   -2.6000e+00   -1.5000e+00   -7.7646e-01   -2.8978e+00   -1.7603e-03   -7.2619e-04   -1.2847e-03   -5.6436e-04
   4.0000e-01   -2.6000e+00   -1.5000e+00   -6.2374e-01   -2.9344e+00   -1.2680e-03    1.3436e-03   -3.4891e-04    1.2568e-03
   4.0000e-01   -2.6000e+00   -1.5000e+00   -4.6930e-01   -2.9631e+00    7.6992e-04    1.6221e-03    1.2661e-03    2.2311e-03
   4.0000e-01   -2.6000e+00   -1.5000e+00   -3.1359e-01   -2.9836e+00    1.7458e-03   -9.4569e-05    1.3271e-03   -5.5446e-04
   4.0000e-01   -2.6000e+00   -1.5000e+00   -1.5701e-01   -2.9959e+00    5.9040e-04   -1.6001e-03    8.4827e-04   -1.8738e-03
   4.0000e-01   -2.6000e+00   -1.5000e+00    0.0000e+00   -3.0000e+00   -1.1872e-03   -1.1693e-03   -1.2089e-03   -1.4880e-03
   4.0000e-01   -2.6000e+00   -1.5000e+00    1.5701e-01   -2.9959e+00   -1.5295e-03    5.6347e-04   -1.4551e-03    1.3497e-04
   4.0000e-01   -2.6000e+00   -1.5000e+00    3.1359e-01   -2.9836e+00   -1.7212e-04    1.5873e-03   -5.6566e-04    1.6487e-03
   4.0000e-01   -2.6000e+00   -1.5000e+00    4.6930e-01   -2.9631e+00    1.3105e-03    8.5643e-04    1.4437e-03    1.1266e-03
   4.0000e-01   -2.6000e+00   -1.5000e+00    6.2374e-01   -2.9344e+00    1.3489e-03   -7.3627e-04    1.6029e-03   -7.1602e-04
   4.0000e-01   -2.6000e+00   -1.5000e+00    7.7646e-01   -2.8978e+00    2.5923e-05   -1.5097e-03    3.2704e-04   -2.0532e-03
   4.0000e-01   -2.6000e+00   -1.5000e+00    9.2705e-01   -2.8532e+00   -1.2580e-03   -7.8959e-04   -1.5016e-03   -8.9947e-04
   4.0000e-01   -2.6000e+00   -1.5000e+00    1.0751e+00   -2.8007e+00   -1.3125e-03    6.4443e-04   -1.0466e-03    6.4263e-04
   4.0000e-01   -2.6000e+00   -1.5000e+00    1.2202e+00   -2.7406e+00   -1.8055e-04    1.4292e-03   -4.3064e-04    1.0590e-03
   4.0000e-01   -2.6000e+00   -1.5000e+00    1.3620e+00   -2.6730e+00    1.0637e-03    9.4059e-04    9.2858e-04    1.4971e-04
   4.0000e-01   -2.6000e+00   -1.5000e+00    1.5000e+00   -2.5981e+00    1.3693e-03   -2.9762e-04    1.4033e-03   -3.6095e-04
   4.0000e-01   -2.6000e+00   -1.5000e+00    1.6339e+00   -2.5160e+00    5.9038e-04   -1.2511e-03    5.8812e-04   -1.2588e-03
   4.0000e-01   -2.6000e+00   -1.5000e+00    1.7634e+00   -2.4271e+00   -6.0332e-04   -1.2263e-03   -6.4837e-04   -2.3951e-03
   4.0000e-01   -2.6000e+00   -1.5000e+00    1.8880e+00   -2.3314e+00   -1.3117e-03   -3.2360e-04   -1.7298e-03   -1.3263e-03
   4.0000e-01   -2.6000e+00   -1.5000e+00    2.0074e+00   -2.2294e+00   -1.1082e-03    7.4689e-04   -2.0488e-03    2.4586e-04
   4.0000e-01   -2.6000e+00   -1.5000e+00    2.1213e+00   -2.1213e+00   -2.1792e-04    1.3048e-03   -3.6345e-04    9.8657e-04
   4.0000e-01   -2.6000e+00   -1.5000e+00    2.2294e+00   -2.0074e+00    7.6883e-04    1.0606e-03    2.0263e-04    1.3345e-03
   4.0000e-01   -2.6000e+00   -1.5000e+00    2.3314e+00   -1.8880e+00    1.2768e-03    2.3187e-04    6.8146e-04   -5.4569e-04
   4.0000e-01   -2.6000e+00   -1.5000e+00    2.4271e+00   -1.7634e+00    1.0995e-03   -6.6784e-04    -1.5710e-04   -1.3809e-03
   4.0000e-01   -2.6000e+00   -1.5000e+00    2.5160e+00   -1.6339e+00    4.0737e-04   -1.2093e-03   -2.5488e-04   -2.1380e-03
   4.0000e-01   -2.6000e+00   -1.5000e+00    2.5981e+00   -1.5000e+00   -4.3574e-04   -1.1886e-03   -9.5695e-04   -1.3188e-03
   4.0000e-01   -2.6000e+00   -1.5000e+00    2.6730e+00   -1.3620e+00   -1.0538e-03   -6.8481e-04   -2.0049e-03   -8.1807e-04
   4.0000e-01   -2.6000e+00   -1.5000e+00    2.7406e+00   -1.2202e+00   -1.2475e-03    4.4210e-05   -1.6646e-03   -2.9415e-04
   4.0000e-01   -2.6000e+00   -1.5000e+00    2.8007e+00   -1.0751e+00   -1.0121e-03    7.1689e-04   -1.2848e-03    4.4327e-04
   4.0000e-01   -2.6000e+00   -1.5000e+00    2.8532e+00   -9.2705e-01   -4.8304e-04    1.1341e-03   -7.4074e-04    1.8280e-03
   4.0000e-01   -2.6000e+00   -1.5000e+00    2.8978e+00   -7.7646e-01    1.4582e-04    1.2170e-03   -1.3237e-04    9.4687e-04
   4.0000e-01   -2.6000e+00   -1.5000e+00    2.9344e+00   -6.2374e-01    6.9145e-04    1.0045e-03    4.1301e-04    1.3883e-03
   4.0000e-01   -2.6000e+00   -1.5000e+00    2.9631e+00   -4.6930e-01    1.0585e-03    5.9339e-04    5.0443e-04    5.6919e-04
   4.0000e-01   -2.6000e+00   -1.5000e+00    2.9836e+00   -3.1359e-01    1.2032e-03    1.1026e-04    9.3974e-04    1.0493e-03
   4.0000e-01   -2.6000e+00   -1.5000e+00    2.9959e+00   -1.5701e-01    1.1499e-03   -3.5504e-04    1.4657e-03    8.3411e-04
   4.0000e-01   -1.5000e+00   -2.6000e+00    3.0000e+00    0.0000e+00   -4.2502e-04   -1.1930e-03   -1.0372e-03   -4.8497e-04
   4.0000e-01   -1.5000e+00   -2.6000e+00    2.9959e+00    1.5701e-01   -1.0448e-03   -6.9934e-04   -1.9730e-03   -5.1513e-04
   4.0000e-01   -1.5000e+00   -2.6000e+00    2.9836e+00    3.1359e-01   -1.2483e-03    2.5146e-05   -1.9290e-03    7.1232e-04
   4.0000e-01   -1.5000e+00   -2.6000e+00    2.9631e+00    4.6930e-01   -1.0180e-03    7.0874e-04   -1.5724e-03    4.9273e-04
   4.0000e-01   -1.5000e+00   -2.6000e+00    2.9344e+00    6.2374e-01   -4.9114e-04    1.1310e-03   -9.3654e-04    9.7308e-04
   4.0000e-01   -1.5000e+00   -2.6000e+00    2.8978e+00    7.7646e-01    1.3649e-04    1.2184e-03   -7.1353e-04    1.9644e-03
   4.0000e-01   -1.5000e+00   -2.6000e+00    2.8532e+00    9.2705e-01    6.8221e-04    1.0111e-03    2.1081e-04    1.8158e-03
   4.0000e-01   -1.5000e+00   -2.6000e+00    2.8007e+00    1.0751e+00    1.0544e-03    6.0144e-04    2.9850e-04    1.6659e-03
   4.0000e-01   -1.5000e+00   -2.6000e+00    2.7406e+00    1.2202e+00    1.2031e-03    1.1482e-04    7.8395e-04    -3.0969e-05
   4.0000e-01   -1.5000e+00   -2.6000e+00    2.6730e+00    1.3620e+00    1.1496e-03   -3.5574e-04    5.1619e-04    -2.1074e-04
   4.0000e-01   -1.5000e+00   -2.6000e+00    2.5981e+00    1.5000e+00    9.5167e-04   -7.2950e-04    1.6601e-04    2.2757e-04
   4.0000e-01   -1.5000e+00   -2.6000e+00    2.5160e+00    1.6339e+00    6.7109e-04   -9.8895e-04    6.8598e-04    4.6752e-05
   4.0000e-01   -1.5000e+00   -2.6000e+00    2.4271e+00    1.7634e+00    3.5316e-04   -1.1380e-03    1.9419e-05   -8.9377e-05
   4.0000e-01   -1.5000e+00   -2.6000e+00    2.3314e+00    1.8880e+00    4.5286e-05   -1.1875e-03    -4.8546e-04   -5.1619e-04
   4.0000e-01   -1.5000e+00   -2.6000e+00    2.2294e+00    2.0074e+00   -2.0979e-04   -1.1670e-03   -1.4079e-04   -5.1644e-04
   4.0000e-01   -1.5000e+00   -2.6000e+00    2.1213e+00    2.1213e+00   -4.1965e-04   -1.1066e-03   -1.6511e-04   -2.3543e-04
   4.0000e-01   -1.5000e+00   -2.6000e+00    2.0074e+00    2.2294e+00   -5.8980e-04   -1.0240e-03   -9.9634e-05   -3.1659e-05
   4.0000e-01   -1.5000e+00   -2.6000e+00    1.8880e+00    2.3314e+00   -7.1412e-04   -9.3963e-04    5.3212e-05   -2.7526e-04
   4.0000e-01   -1.5000e+00   -2.6000e+00    1.7634e+00    2.4271e+00   -7.8645e-04   -8.7864e-04   -7.1056e-05    6.5625e-05
   4.0000e-01   -1.5000e+00   -2.6000e+00    1.6339e+00    2.5160e+00   -8.2731e-04   -8.3950e-04   -2.1144e-04    2.2059e-05
   4.0000e-01   -1.5000e+00   -2.6000e+00    1.5000e+00    2.5981e+00   -8.4487e-04   -8.2143e-04   -1.1199e-03    7.1124e-04
   4.0000e-01   -1.5000e+00   -2.6000e+00    1.3620e+00    2.6730e+00   -8.3304e-04   -8.3365e-04   -5.7175e-04   -4.1131e-04
   4.0000e-01   -1.5000e+00   -2.6000e+00    1.2202e+00    2.7406e+00   -7.8637e-04   -8.7892e-04   -2.6179e-04   -6.9444e-04
   4.0000e-01   -1.5000e+00   -2.6000e+00    1.0751e+00    2.8007e+00   -7.0843e-04   -9.4407e-04    6.5151e-04   -5.2369e-04
   4.0000e-01   -1.5000e+00   -2.6000e+00    9.2705e-01    2.8532e+00   -5.8897e-04   -1.0243e-03    -1.8747e-04   -7.2338e-04
   4.0000e-01   -1.5000e+00   -2.6000e+00    7.7646e-01    2.8978e+00   -4.3067e-04   -1.1021e-03    4.0626e-04    4.0300e-05
   4.0000e-01   -1.5000e+00   -2.6000e+00    6.2374e-01    2.9344e+00   -2.1394e-04   -1.1662e-03    5.3165e-04   -9.1382e-04
   4.0000e-01   -1.5000e+00   -2.6000e+00    4.6930e-01    2.9631e+00    4.9619e-05   -1.1873e-03    1.1723e-03   -5.4797e-04
   4.0000e-01   -1.5000e+00   -2.6000e+00    3.1359e-01    2.9836e+00    3.5608e-04   -1.1370e-03    6.1665e-04   -6.6431e-04
   4.0000e-01   -1.5000e+00   -2.6000e+00    1.5701e-01    2.9959e+00    6.6621e-04   -9.9212e-04    1.2038e-03   -4.2363e-04
   4.0000e-01   -1.5000e+00   -2.6000e+00    0.0000e+00    3.0000e+00    9.4572e-04   -7.3696e-04    1.3636e-03   -2.7841e-04
   4.0000e-01   -1.5000e+00   -2.6000e+00   -1.5701e-01    2.9959e+00    1.1499e-03   -3.5504e-04    2.2219e-03    1.1989e-03
   4.0000e-01   -1.5000e+00   -2.6000e+00   -3.1359e-01    2.9836e+00    1.2032e-03    1.1026e-04    1.5211e-03    1.6464e-04
   4.0000e-01   -1.5000e+00   -2.6000e+00   -4.6930e-01    2.9631e+00    1.0585e-03    5.9339e-04    8.0577e-04    1.3176e-03
   4.0000e-01   -1.5000e+00   -2.6000e+00   -6.2374e-01    2.9344e+00    6.9145e-04    1.0045e-03    1.2147e-04    1.3241e-03
   4.0000e-01   -1.5000e+00   -2.6000e+00   -7.7646e-01    2.8978e+00    1.4582e-04    1.2170e-03    2.8708e-04    1.6712e-03
   4.0000e-01   -1.5000e+00   -2.6000e+00   -9.2705e-01    2.8532e+00   -4.8304e-04    1.1341e-03   -7.4501e-04    2.2352e-03
   4.0000e-01   -1.5000e+00   -2.6000e+00   -1.0751e+00    2.8007e+00   -1.0121e-03    7.1689e-04   -8.7873e-04    8.9735e-04
   4.0000e-01   -1.5000e+00   -2.6000e+00   -1.2202e+00    2.7406e+00   -1.2475e-03    4.4210e-05   -1.1913e-03    3.3060e-04
   4.0000e-01   -1.5000e+00   -2.6000e+00   -1.3620e+00    2.6730e+00   -1.0538e-03   -6.8481e-04   -1.5732e-03   -4.9458e-04
   4.0000e-01   -1.5000e+00   -2.6000e+00   -1.5000e+00    2.5981e+00   -4.3574e-04   -1.1886e-03   -3.3560e-04   -1.0696e-03
   4.0000e-01   -1.5000e+00   -2.6000e+00   -1.6339e+00    2.5160e+00    4.0737e-04   -1.2093e-03   -2.9176e-05   -4.8051e-04
   4.0000e-01   -1.5000e+00   -2.6000e+00   -1.7634e+00    2.4271e+00    1.0995e-03   -6.6784e-04    7.8665e-04   -2.6276e-04
   4.0000e-01   -1.5000e+00   -2.6000e+00   -1.8880e+00    2.3314e+00    1.2768e-03    2.3187e-04    5.6971e-04    1.4454e-03
   4.0000e-01   -1.5000e+00   -2.6000e+00   -2.0074e+00    2.2294e+00    7.6883e-04    1.0606e-03    6.4763e-04    3.8639e-04
   4.0000e-01   -1.5000e+00   -2.6000e+00   -2.1213e+00    2.1213e+00   -2.1792e-04    1.3048e-03   -1.3370e-04    1.0256e-03
   4.0000e-01   -1.5000e+00   -2.6000e+00   -2.2294e+00    2.0074e+00   -1.1082e-03    7.4689e-04   -2.0546e-03    6.6607e-04
   4.0000e-01   -1.5000e+00   -2.6000e+00   -2.3314e+00    1.8880e+00   -1.3117e-03   -3.2360e-04   -1.1787e-03   -2.7476e-04
   4.0000e-01   -1.5000e+00   -2.6000e+00   -2.4271e+00    1.7634e+00   -6.0332e-04   -1.2263e-03   -8.3828e-04   -1.7782e-03
   4.0000e-01   -1.5000e+00   -2.6000e+00   -2.5160e+00    1.6339e+00    5.9038e-04   -1.2511e-03    7.5230e-04   -1.2987e-03
   4.0000e-01   -1.5000e+00   -2.6000e+00   -2.5981e+00    1.5000e+00    1.3693e-03   -2.9762e-04    6.5641e-04   -1.6218e-04
   4.0000e-01   -1.5000e+00   -2.6000e+00   -2.6730e+00    1.3620e+00    1.0637e-03    9.4059e-04    1.1176e-03    9.2825e-04
   4.0000e-01   -1.5000e+00   -2.6000e+00   -2.7406e+00    1.2202e+00   -1.8055e-04    1.4292e-03    2.5483e-04    1.5602e-03
   4.0000e-01   -1.5000e+00   -2.6000e+00   -2.8007e+00    1.0751e+00   -1.3125e-03    6.4443e-04   -7.3148e-04    4.7133e-04
   4.0000e-01   -1.5000e+00   -2.6000e+00   -2.8532e+00    9.2705e-01   -1.2580e-03   -7.8959e-04   -1.1690e-03   -6.4750e-04
   4.0000e-01   -1.5000e+00   -2.6000e+00   -2.8978e+00    7.7646e-01    2.5923e-05   -1.5097e-03    5.8118e-04   -1.8848e-03
   4.0000e-01   -1.5000e+00   -2.6000e+00   -2.9344e+00    6.2374e-01    1.3489e-03   -7.3627e-04    2.2373e-03   -9.7067e-04
   4.0000e-01   -1.5000e+00   -2.6000e+00   -2.9631e+00    4.6930e-01    1.3105e-03    8.5643e-04    1.4908e-03    7.2134e-04
   4.0000e-01   -1.5000e+00   -2.6000e+00   -2.9836e+00    3.1359e-01   -1.7212e-04    1.5873e-03    -3.0466e-04    6.0571e-04
   4.0000e-01   -1.5000e+00   -2.6000e+00   -2.9959e+00    1.5701e-01   -1.5295e-03    5.6347e-04   -4.9522e-04    6.4089e-04
   4.0000e-01   -1.5000e+00   -2.6000e+00   -3.0000e+00    0.0000e+00   -1.1872e-03   -1.1693e-03   -1.3287e-03   -1.4643e-03
   4.0000e-01   -1.5000e+00   -2.6000e+00   -2.9959e+00   -1.5701e-01    5.9040e-04   -1.6001e-03    1.0592e-03   -2.1362e-03
   4.0000e-01   -1.5000e+00   -2.6000e+00   -2.9836e+00   -3.1359e-01    1.7458e-03   -9.4569e-05    2.5221e-03   -6.2078e-04
   4.0000e-01   -1.5000e+00   -2.6000e+00   -2.9631e+00   -4.6930e-01    7.6992e-04    1.6221e-03    1.3492e-03    1.0600e-03
   4.0000e-01   -1.5000e+00   -2.6000e+00   -2.9344e+00   -6.2374e-01   -1.2680e-03    1.3436e-03   -9.0818e-04    1.6682e-03
   4.0000e-01   -1.5000e+00   -2.6000e+00   -2.8978e+00   -7.7646e-01   -1.7603e-03   -7.2619e-04   -1.4462e-03   -1.1803e-03
   4.0000e-01   -1.5000e+00   -2.6000e+00   -2.8532e+00   -9.2705e-01    8.0721e-05   -1.9659e-03    2.6117e-04   -1.9099e-03
   4.0000e-01   -1.5000e+00   -2.6000e+00   -2.8007e+00   -1.0751e+00    1.9540e-03   -5.8306e-04    1.8410e-03   -9.3949e-04
   4.0000e-01   -1.5000e+00   -2.6000e+00   -2.7406e+00   -1.2202e+00    1.2236e-03    1.7301e-03    1.9415e-03    2.1119e-03
   4.0000e-01   -1.5000e+00   -2.6000e+00   -2.6730e+00   -1.3620e+00   -1.3295e-03    1.7655e-03   -1.6047e-03    1.1004e-03
   4.0000e-01   -1.5000e+00   -2.6000e+00   -2.5981e+00   -1.5000e+00   -2.1833e-03   -7.6948e-04   -2.7328e-03   -1.3307e-03
   4.0000e-01   -1.5000e+00   -2.6000e+00    0.0000e+00   -3.0000e+00   -2.1688e-03   -8.1403e-04   -2.1259e-03   -8.6981e-04
   4.0000e-01   -1.5000e+00   -2.6000e+00    1.5701e-01   -2.9959e+00   -1.3564e-03    1.7461e-03   -1.7450e-03    1.7965e-03
   4.0000e-01   -1.5000e+00   -2.6000e+00    3.1359e-01   -2.9836e+00    1.1865e-03    1.7569e-03    1.9690e-04    1.8138e-03
   4.0000e-01   -1.5000e+00   -2.6000e+00    4.6930e-01   -2.9631e+00    1.9630e-03   -5.5393e-04    2.7545e-03   -1.0239e-03
   4.0000e-01   -1.5000e+00   -2.6000e+00    6.2374e-01   -2.9344e+00    1.1054e-04   -1.9652e-03    -8.7935e-04   -1.8821e-03
   4.0000e-01   -1.5000e+00   -2.6000e+00    7.7646e-01   -2.8978e+00   -1.7501e-03   -7.5174e-04   -1.3330e-03   -8.9418e-04
   4.0000e-01   -1.5000e+00   -2.6000e+00    9.2705e-01   -2.8532e+00   -1.2896e-03    1.3234e-03   -1.0715e-03    1.8517e-03
   4.0000e-01   -1.5000e+00   -2.6000e+00    1.0751e+00   -2.8007e+00    7.4655e-04    1.6336e-03    1.5274e-03    1.8806e-03
   4.0000e-01   -1.5000e+00   -2.6000e+00    1.2202e+00   -2.7406e+00    1.7479e-03   -6.5610e-05    1.3539e-03   -5.1365e-07
   4.0000e-01   -1.5000e+00   -2.6000e+00    1.3620e+00   -2.6730e+00    6.0446e-04   -1.5949e-03    2.8322e-04   -1.6208e-03
   4.0000e-01   -1.5000e+00   -2.6000e+00    1.5000e+00   -2.5981e+00   -1.1741e-03   -1.1830e-03   -1.2179e-03   -1.4506e-03
   4.0000e-01   -1.5000e+00   -2.6000e+00    1.6339e+00   -2.5160e+00   -1.5366e-03    5.4454e-04   -9.0443e-04    3.8565e-04
   4.0000e-01   -1.5000e+00   -2.6000e+00    1.7634e+00   -2.4271e+00   -1.7921e-04    1.5865e-03   -7.6683e-04    1.6365e-03
   4.0000e-01   -1.5000e+00   -2.6000e+00    1.8880e+00   -2.3314e+00    1.3043e-03    8.6592e-04    1.5426e-03    7.5190e-04
   4.0000e-01   -1.5000e+00   -2.6000e+00    2.0074e+00   -2.2294e+00    1.3609e-03   -7.1419e-04    9.8950e-04   -1.0563e-03
   4.0000e-01   -1.5000e+00   -2.6000e+00    2.1213e+00   -2.1213e+00    5.1079e-05   -1.5095e-03   -2.8090e-04   -1.9187e-03
   4.0000e-01   -1.5000e+00   -2.6000e+00    2.2294e+00   -2.0074e+00   -1.2538e-03   -7.9658e-04   -1.6688e-03   -1.1309e-03
   4.0000e-01   -1.5000e+00   -2.6000e+00    2.3314e+00   -1.8880e+00   -1.3172e-03    6.3451e-04   -2.0318e-03    4.5027e-04
   4.0000e-01   -1.5000e+00   -2.6000e+00    2.4271e+00   -1.7634e+00   -1.9660e-04    1.4270e-03   -7.2325e-04    1.4576e-03
   4.0000e-01   -1.5000e+00   -2.6000e+00    2.5160e+00   -1.6339e+00    1.0470e-03    9.5984e-04    9.4026e-04    1.2090e-03
   4.0000e-01   -1.5000e+00   -2.6000e+00    2.5981e+00   -1.5000e+00    1.3722e-03   -2.8374e-04    5.3144e-04   -9.4032e-05
   4.0000e-01   -1.5000e+00   -2.6000e+00    2.6730e+00   -1.3620e+00    6.0104e-04   -1.2461e-03    2.1086e-04   -1.3848e-03
   4.0000e-01   -1.5000e+00   -2.6000e+00    2.7406e+00   -1.2202e+00   -5.8815e-04   -1.2341e-03   -6.2056e-04   -1.2460e-03
   4.0000e-01   -1.5000e+00   -2.6000e+00    2.8007e+00   -1.0751e+00   -1.3063e-03   -3.4671e-04   -1.7060e-03   -5.5703e-04
   4.0000e-01   -1.5000e+00   -2.6000e+00    2.8532e+00   -9.2705e-01   -1.1146e-03    7.3777e-04   -1.6123e-03    6.4769e-04
   4.0000e-01   -1.5000e+00   -2.6000e+00    2.8978e+00   -7.7646e-01   -2.2398e-04    1.3038e-03   -1.0742e-03    1.1120e-03
   4.0000e-01   -1.5000e+00   -2.6000e+00    2.9344e+00   -6.2374e-01    7.5414e-04    1.0715e-03    8.3597e-04    1.5467e-03
   4.0000e-01   -1.5000e+00   -2.6000e+00    2.9631e+00   -4.6930e-01    1.2735e-03    2.5155e-04    1.1429e-03    5.5779e-04
   4.0000e-01   -1.5000e+00   -2.6000e+00    2.9836e+00   -3.1359e-01    1.1074e-03   -6.5540e-04    7.4205e-04   -4.5566e-04
   4.0000e-01   -1.5000e+00   -2.6000e+00    2.9959e+00   -1.5701e-01    4.1838e-04   -1.2058e-03    6.0082e-04   -1.3764e-03
   4.0000e-01    0.0000e+00   -3.0000e+00    3.0000e+00    0.0000e+00    1.3746e-03   -2.7437e-04    2.8420e-04   -5.3527e-04
   4.0000e-01    0.0000e+00   -3.0000e+00    2.9959e+00    1.5701e-01    6.1213e-04   -1.2412e-03    1.6226e-04   -1.7706e-03
   4.0000e-01    0.0000e+00   -3.0000e+00    2.9836e+00    3.1359e-01   -5.7218e-04   -1.2418e-03   -1.6248e-03   -1.6444e-03
   4.0000e-01    0.0000e+00   -3.0000e+00    2.9631e+00    4.6930e-01   -1.3042e-03   -3.5471e-04   -2.4186e-03   -1.9761e-04
   4.0000e-01    0.0000e+00   -3.0000e+00    2.9344e+00    6.2374e-01   -1.1193e-03    7.3117e-04   -1.1118e-03    7.9982e-04
   4.0000e-01    0.0000e+00   -3.0000e+00    2.8978e+00    7.7646e-01   -2.3299e-04    1.3025e-03   -1.4800e-03    1.1983e-03
   4.0000e-01    0.0000e+00   -3.0000e+00    2.8532e+00    9.2705e-01    7.4433e-04    1.0785e-03    -3.0656e-04    1.0152e-03
   4.0000e-01    0.0000e+00   -3.0000e+00    2.8007e+00    1.0751e+00    1.2718e-03    2.6183e-04    2.2979e-04    4.9875e-04
   4.0000e-01    0.0000e+00   -3.0000e+00    2.7406e+00    1.2202e+00    1.1121e-03   -6.4803e-04    6.8142e-04   -8.9960e-04
   4.0000e-01    0.0000e+00   -3.0000e+00    2.6730e+00    1.3620e+00    4.2008e-04   -1.2051e-03   -6.8232e-05   -1.2696e-03
   4.0000e-01    0.0000e+00   -3.0000e+00    2.5981e+00    1.5000e+00   -4.1423e-04   -1.1969e-03   -3.8540e-04   -2.0018e-03
   4.0000e-01    0.0000e+00   -3.0000e+00    2.5160e+00    1.6339e+00   -1.0392e-03   -7.0757e-04   -1.4847e-03   -2.2665e-04
   4.0000e-01    0.0000e+00   -3.0000e+00    2.4271e+00    1.7634e+00   -1.2482e-03    2.4710e-05   -1.9449e-03    -1.3100e-04
   4.0000e-01    0.0000e+00   -3.0000e+00    2.3314e+00    1.8880e+00   -1.0189e-03    7.0739e-04   -1.4320e-03    4.4328e-04
   4.0000e-01    0.0000e+00   -3.0000e+00    2.2294e+00    2.0074e+00   -5.0287e-04    1.1258e-03   -1.1222e-03    8.7687e-04
   4.0000e-01    0.0000e+00   -3.0000e+00    2.1213e+00    2.1213e+00    1.1730e-04    1.2206e-03   -2.7601e-04    6.1180e-04
   4.0000e-01    0.0000e+00   -3.0000e+00    2.0074e+00    2.2294e+00    6.7754e-04    1.0143e-03    2.0862e-04    1.5229e-03
   4.0000e-01    0.0000e+00   -3.0000e+00    1.8880e+00    2.3314e+00    1.0529e-03    6.0373e-04    7.7091e-04    7.9897e-04
   4.0000e-01    0.0000e+00   -3.0000e+00    1.7634e+00    2.4271e+00    1.2019e-03    1.2507e-04    1.5217e-03    1.1776e-03
   4.0000e-01    0.0000e+00   -3.0000e+00    1.6339e+00    2.5160e+00    1.1556e-03   -3.3655e-04    9.2588e-04    6.4043e-04
   4.0000e-01    0.0000e+00   -3.0000e+00    1.5000e+00    2.5981e+00    9.5855e-04   -7.2032e-04    4.2847e-04   -4.8422e-04
   4.0000e-01    0.0000e+00   -3.0000e+00    1.3620e+00    2.6730e+00    6.7571e-04   -9.8563e-04    1.1468e-03   -2.4533e-04
   4.0000e-01    0.0000e+00   -3.0000e+00    1.2202e+00    2.7406e+00    3.6684e-04   -1.1338e-03    7.6197e-04   -8.6556e-05
   4.0000e-01    0.0000e+00   -3.0000e+00    1.0751e+00    2.8007e+00    6.7580e-05   -1.1866e-03    4.1931e-04   -1.1874e-04
   4.0000e-01    0.0000e+00   -3.0000e+00    9.2705e-01    2.8532e+00   -1.9547e-04   -1.1695e-03    1.1860e-04   -5.9517e-04
   4.0000e-01    0.0000e+00   -3.0000e+00    7.7646e-01    2.8978e+00   -4.1515e-04   -1.1082e-03    -5.7855e-04    2.7901e-05
   4.0000e-01    0.0000e+00   -3.0000e+00    6.2374e-01    2.9344e+00   -5.7669e-04   -1.0315e-03    -2.8784e-04    2.7875e-04
   4.0000e-01    0.0000e+00   -3.0000e+00    4.6930e-01    2.9631e+00   -6.9606e-04   -9.5308e-04    3.8068e-04   -9.6351e-05
   4.0000e-01    0.0000e+00   -3.0000e+00    3.1359e-01    2.9836e+00   -7.7087e-04   -8.9239e-04   -3.0610e-05    1.5787e-04
   4.0000e-01    0.0000e+00   -3.0000e+00    1.5701e-01    2.9959e+00   -8.1703e-04   -8.4967e-04   -1.7078e-04    -4.4122e-04
   4.0000e-01    0.0000e+00   -3.0000e+00    0.0000e+00    3.0000e+00   -8.3757e-04   -8.2903e-04    4.7558e-04    -6.8968e-05
   4.0000e-01    0.0000e+00   -3.0000e+00   -1.5701e-01    2.9959e+00   -8.1703e-04   -8.4967e-04    1.1976e-04    2.5099e-04
   4.0000e-01    0.0000e+00   -3.0000e+00   -3.1359e-01    2.9836e+00   -7.7087e-04   -8.9239e-04    4.9455e-05    1.6623e-04
   4.0000e-01    0.0000e+00   -3.0000e+00   -4.6930e-01    2.9631e+00   -6.9606e-04   -9.5308e-04    3.4207e-04   -3.5289e-04
   4.0000e-01    0.0000e+00   -3.0000e+00   -6.2374e-01    2.9344e+00   -5.7669e-04   -1.0315e-03    4.4786e-04   -5.4181e-05
   4.0000e-01    0.0000e+00   -3.0000e+00   -7.7646e-01    2.8978e+00   -4.1515e-04   -1.1082e-03    1.7861e-04   -4.0384e-04
   4.0000e-01    0.0000e+00   -3.0000e+00   -9.2705e-01    2.8532e+00   -1.9547e-04   -1.1695e-03    2.9406e-04   -1.1787e-04
   4.0000e-01    0.0000e+00   -3.0000e+00   -1.0751e+00    2.8007e+00    6.7580e-05   -1.1866e-03    3.5922e-05   -1.1010e-03
   4.0000e-01    0.0000e+00   -3.0000e+00   -1.2202e+00    2.7406e+00    3.6684e-04   -1.1338e-03    6.0616e-04   -1.5094e-04
   4.0000e-01    0.0000e+00   -3.0000e+00   -1.3620e+00    2.6730e+00    6.7571e-04   -9.8563e-04    8.1658e-04    1.9513e-04
   4.0000e-01    0.0000e+00   -3.0000e+00   -1.5000e+00    2.5981e+00    9.5855e-04   -7.2032e-04    1.6336e-03    4.0514e-04
   4.0000e-01    0.0000e+00   -3.0000e+00   -1.6339e+00    2.5160e+00    1.1556e-03   -3.3655e-04    1.7920e-03    2.6805e-04
   4.0000e-01    0.0000e+00   -3.0000e+00   -1.7634e+00    2.4271e+00    1.2019e-03    1.2507e-04    1.3904e-03    2.8369e-04
   4.0000e-01    0.0000e+00   -3.0000e+00   -1.8880e+00    2.3314e+00    1.0529e-03    6.0373e-04    -1.4163e-04    1.1223e-03
   4.0000e-01    0.0000e+00   -3.0000e+00   -2.0074e+00    2.2294e+00    6.7754e-04    1.0143e-03    1.4178e-04    1.2224e-03
   4.0000e-01    0.0000e+00   -3.0000e+00   -2.1213e+00    2.1213e+00    1.1730e-04    1.2206e-03   -1.1889e-03    1.7943e-03
   4.0000e-01    0.0000e+00   -3.0000e+00   -2.2294e+00    2.0074e+00   -5.0287e-04    1.1258e-03   -9.8974e-04    1.0483e-03
   4.0000e-01    0.0000e+00   -3.0000e+00   -2.3314e+00    1.8880e+00   -1.0189e-03    7.0739e-04   -1.9589e-03    4.8565e-04
   4.0000e-01    0.0000e+00   -3.0000e+00   -2.4271e+00    1.7634e+00   -1.2482e-03    2.4710e-05   -2.1348e-03    -3.1768e-04
   4.0000e-01    0.0000e+00   -3.0000e+00   -2.5160e+00    1.6339e+00   -1.0392e-03   -7.0757e-04   -2.2069e-03   -8.0133e-04
   4.0000e-01    0.0000e+00   -3.0000e+00   -2.5981e+00    1.5000e+00   -4.1423e-04   -1.1969e-03   -1.2025e-03   -9.0966e-04
   4.0000e-01    0.0000e+00   -3.0000e+00   -2.6730e+00    1.3620e+00    4.2008e-04   -1.2051e-03   -9.6061e-04   -1.4709e-03
   4.0000e-01    0.0000e+00   -3.0000e+00   -2.7406e+00    1.2202e+00    1.1121e-03   -6.4803e-04    5.1026e-05   -6.3793e-04
   4.0000e-01    0.0000e+00   -3.0000e+00   -2.8007e+00    1.0751e+00    1.2718e-03    2.6183e-04    5.3467e-04    4.4581e-04
   4.0000e-01    0.0000e+00   -3.0000e+00   -2.8532e+00    9.2705e-01    7.4433e-04    1.0785e-03    7.6005e-04    9.0501e-04
   4.0000e-01    0.0000e+00   -3.0000e+00   -2.8978e+00    7.7646e-01   -2.3299e-04    1.3025e-03   -7.1874e-04    8.1988e-04
   4.0000e-01    0.0000e+00   -3.0000e+00   -2.9344e+00    6.2374e-01   -1.1193e-03    7.3117e-04   -1.8363e-03    5.4250e-04
   4.0000e-01    0.0000e+00   -3.0000e+00   -2.9631e+00    4.6930e-01   -1.3042e-03   -3.5471e-04   -1.0860e-03   -1.0094e-03
   4.0000e-01    0.0000e+00   -3.0000e+00   -2.9836e+00    3.1359e-01   -5.7218e-04   -1.2418e-03   -1.2040e-03   -1.4417e-03
   4.0000e-01    0.0000e+00   -3.0000e+00   -2.9959e+00    1.5701e-01    6.1213e-04   -1.2412e-03    -2.0969e-04   -1.3053e-03
   4.0000e-01    0.0000e+00   -3.0000e+00   -3.0000e+00    0.0000e+00    1.3746e-03   -2.7437e-04    9.1786e-04   -4.2062e-04
   4.0000e-01    0.0000e+00   -3.0000e+00   -2.9959e+00   -1.5701e-01    1.0432e-03    9.6430e-04    3.6318e-04    1.0673e-03
   4.0000e-01    0.0000e+00   -3.0000e+00   -2.9836e+00   -3.1359e-01   -2.0201e-04    1.4265e-03   -8.9434e-04    1.1029e-03
   4.0000e-01    0.0000e+00   -3.0000e+00   -2.9631e+00   -4.6930e-01   -1.3224e-03    6.2450e-04   -1.2410e-03    1.0161e-03
   4.0000e-01    0.0000e+00   -3.0000e+00   -2.9344e+00   -6.2374e-01   -1.2476e-03   -8.0684e-04   -1.7275e-03   -7.0690e-04
   4.0000e-01    0.0000e+00   -3.0000e+00   -2.8978e+00   -7.7646e-01    4.8948e-05   -1.5096e-03   -1.0023e-04   -1.2270e-03
   4.0000e-01    0.0000e+00   -3.0000e+00   -2.8532e+00   -9.2705e-01    1.3601e-03   -7.1613e-04    1.3536e-03   -1.5954e-04
   4.0000e-01    0.0000e+00   -3.0000e+00   -2.8007e+00   -1.0751e+00    1.2982e-03    8.7598e-04    1.9133e-03    3.9254e-04
   4.0000e-01    0.0000e+00   -3.0000e+00   -2.7406e+00   -1.2202e+00   -1.8388e-04    1.5864e-03   -2.5129e-04    1.2067e-03
   4.0000e-01    0.0000e+00   -3.0000e+00   -2.6730e+00   -1.3620e+00   -1.5368e-03    5.4430e-04   -1.4610e-03    -2.4298e-04
   4.0000e-01    0.0000e+00   -3.0000e+00   -2.5981e+00   -1.5000e+00   -1.1750e-03   -1.1819e-03   -1.6908e-03   -8.3321e-04
   4.0000e-01    0.0000e+00   -3.0000e+00   -2.5160e+00   -1.6339e+00    6.1360e-04   -1.5920e-03    9.2519e-04   -1.3359e-03
   4.0000e-01    0.0000e+00   -3.0000e+00   -2.4271e+00   -1.7634e+00    1.7477e-03   -6.6354e-05    1.5888e-03   -5.1446e-04
   4.0000e-01    0.0000e+00   -3.0000e+00   -2.3314e+00   -1.8880e+00    7.5192e-04    1.6308e-03    8.8878e-04    2.1526e-03
   4.0000e-01    0.0000e+00   -3.0000e+00   -2.2294e+00   -2.0074e+00   -1.2785e-03    1.3340e-03   -1.0277e-03    1.3890e-03
   4.0000e-01    0.0000e+00   -3.0000e+00   -2.1213e+00   -2.1213e+00   -1.7497e-03   -7.5343e-04   -1.0621e-03   -6.1540e-04
   4.0000e-01    0.0000e+00   -3.0000e+00   -2.0074e+00   -2.2294e+00    1.1527e-04   -1.9650e-03    4.0353e-04   -1.8071e-03
   4.0000e-01    0.0000e+00   -3.0000e+00   -1.8880e+00   -2.3314e+00    1.9588e-03   -5.6680e-04    2.0894e-03    4.2801e-05
   4.0000e-01    0.0000e+00   -3.0000e+00   -1.7634e+00   -2.4271e+00    1.2053e-03    1.7432e-03    1.3559e-03    1.4446e-03
   4.0000e-01    0.0000e+00   -3.0000e+00   -1.6339e+00   -2.5160e+00   -1.3484e-03    1.7520e-03   -9.0388e-04    2.1096e-03
   4.0000e-01    0.0000e+00   -3.0000e+00   -1.5000e+00   -2.5981e+00   -2.1743e-03   -7.9775e-04   -2.2051e-03   -5.3438e-04
   4.0000e-01    0.0000e+00   -3.0000e+00    1.5000e+00   -2.5981e+00   -2.1743e-03   -7.9775e-04   -1.5927e-03   -2.1466e-03
   4.0000e-01    0.0000e+00   -3.0000e+00    1.6339e+00   -2.5160e+00   -1.3484e-03    1.7520e-03   -1.8557e-03    1.8935e-03
   4.0000e-01    0.0000e+00   -3.0000e+00    1.7634e+00   -2.4271e+00    1.2053e-03    1.7432e-03    1.0291e-03    2.3967e-03
   4.0000e-01    0.0000e+00   -3.0000e+00    1.8880e+00   -2.3314e+00    1.9588e-03   -5.6680e-04    2.2930e-03   -6.1976e-04
   4.0000e-01    0.0000e+00   -3.0000e+00    2.0074e+00   -2.2294e+00    1.1527e-04   -1.9650e-03    3.5598e-04   -2.1265e-03
   4.0000e-01    0.0000e+00   -3.0000e+00    2.1213e+00   -2.1213e+00   -1.7497e-03   -7.5343e-04   -1.7819e-03   -7.1739e-04
   4.0000e-01    0.0000e+00   -3.0000e+00    2.2294e+00   -2.0074e+00   -1.2785e-03    1.3340e-03   -6.6078e-04    7.0464e-04
   4.0000e-01    0.0000e+00   -3.0000e+00    2.3314e+00   -1.8880e+00    7.5192e-04    1.6308e-03    1.0606e-03    1.4278e-03
   4.0000e-01    0.0000e+00   -3.0000e+00    2.4271e+00   -1.7634e+00    1.7477e-03   -6.6354e-05    1.9808e-03   -3.9606e-04
   4.0000e-01    0.0000e+00   -3.0000e+00    2.5160e+00   -1.6339e+00    6.1360e-04   -1.5920e-03    8.4731e-04   -2.0580e-03
   4.0000e-01    0.0000e+00   -3.0000e+00    2.5981e+00   -1.5000e+00   -1.1750e-03   -1.1819e-03   -1.0368e-03   -1.3396e-03
   4.0000e-01    0.0000e+00   -3.0000e+00    2.6730e+00   -1.3620e+00   -1.5368e-03    5.4430e-04   -2.0877e-03    6.4131e-04
   4.0000e-01    0.0000e+00   -3.0000e+00    2.7406e+00   -1.2202e+00   -1.8388e-04    1.5864e-03   -1.2343e-03    1.3550e-03
   4.0000e-01    0.0000e+00   -3.0000e+00    2.8007e+00   -1.0751e+00    1.2982e-03    8.7598e-04    7.1748e-04    8.7918e-04
   4.0000e-01    0.0000e+00   -3.0000e+00    2.8532e+00   -9.2705e-01    1.3601e-03   -7.1613e-04    1.1766e-03   -5.0767e-04
   4.0000e-01    0.0000e+00   -3.0000e+00    2.8978e+00   -7.7646e-01    4.8948e-05   -1.5096e-03   -1.4643e-04   -1.7242e-03
   4.0000e-01    0.0000e+00   -3.0000e+00    2.9344e+00   -6.2374e-01   -1.2476e-03   -8.0684e-04   -9.8743e-04   -1.1371e-03
   4.0000e-01    0.0000e+00   -3.0000e+00    2.9631e+00   -4.6930e-01   -1.3224e-03    6.2450e-04   -1.5879e-03    1.0274e-03
   4.0000e-01    0.0000e+00   -3.0000e+00    2.9836e+00   -3.1359e-01   -2.0201e-04    1.4265e-03   -2.6447e-04    2.0345e-03
   4.0000e-01    0.0000e+00   -3.0000e+00    2.9959e+00   -1.5701e-01    1.0432e-03    9.6430e-04    8.3043e-04    5.6717e-04
   4.0000e-01    1.5000e+00   -2.6000e+00    3.0000e+00    0.0000e+00   -1.1872e-03   -1.1693e-03   -5.3842e-04   -1.1537e-03
   4.0000e-01    1.5000e+00   -2.6000e+00    2.9959e+00    1.5701e-01   -1.5295e-03    5.6347e-04   -1.4164e-03    4.3355e-04
   4.0000e-01    1.5000e+00   -2.6000e+00    2.9836e+00    3.1359e-01   -1.7212e-04    1.5873e-03    1.2299e-06    1.4538e-03
   4.0000e-01    1.5000e+00   -2.6000e+00    2.9631e+00    4.6930e-01    1.3105e-03    8.5643e-04    1.5018e-03    4.9518e-04
   4.0000e-01    1.5000e+00   -2.6000e+00    2.9344e+00    6.2374e-01    1.3489e-03   -7.3627e-04    2.1593e-03   -8.3584e-04
   4.0000e-01    1.5000e+00   -2.6000e+00    2.8978e+00    7.7646e-01    2.5923e-05   -1.5097e-03    -4.0344e-04   -1.6706e-03
   4.0000e-01    1.5000e+00   -2.6000e+00    2.8532e+00    9.2705e-01   -1.2580e-03   -7.8959e-04   -1.3306e-03   -8.6552e-04
   4.0000e-01    1.5000e+00   -2.6000e+00    2.8007e+00    1.0751e+00   -1.3125e-03    6.4443e-04   -1.2308e-03    6.3787e-04
   4.0000e-01    1.5000e+00   -2.6000e+00    2.7406e+00    1.2202e+00   -1.8055e-04    1.4292e-03   -9.2783e-04    7.0910e-04
   4.0000e-01    1.5000e+00   -2.6000e+00    2.6730e+00    1.3620e+00    1.0637e-03    9.4059e-04    1.4778e-03    8.8408e-04
   4.0000e-01    1.5000e+00   -2.6000e+00    2.5981e+00    1.5000e+00    1.3693e-03   -2.9762e-04    1.6957e-03   -8.1970e-05
   4.0000e-01    1.5000e+00   -2.6000e+00    2.5160e+00    1.6339e+00    5.9038e-04   -1.2511e-03    1.1600e-04   -1.8609e-03
   4.0000e-01    1.5000e+00   -2.6000e+00    2.4271e+00    1.7634e+00   -6.0332e-04   -1.2263e-03   -7.1908e-04   -9.1298e-04
   4.0000e-01    1.5000e+00   -2.6000e+00    2.3314e+00    1.8880e+00   -1.3117e-03   -3.2360e-04   -9.8360e-04   -2.4711e-04
   4.0000e-01    1.5000e+00   -2.6000e+00    2.2294e+00    2.0074e+00   -1.1082e-03    7.4689e-04   -1.4818e-03    2.2695e-04
   4.0000e-01    1.5000e+00   -2.6000e+00    2.1213e+00    2.1213e+00   -2.1792e-04    1.3048e-03   -8.8963e-04    1.6316e-03
   4.0000e-01    1.5000e+00   -2.6000e+00    2.0074e+00    2.2294e+00    7.6883e-04    1.0606e-03    1.8518e-04    9.7760e-04
   4.0000e-01    1.5000e+00   -2.6000e+00    1.8880e+00    2.3314e+00    1.2768e-03    2.3187e-04    1.3937e-03    1.1573e-03
   4.0000e-01    1.5000e+00   -2.6000e+00    1.7634e+00    2.4271e+00    1.0995e-03   -6.6784e-04    2.4384e-04   -3.1873e-04
   4.0000e-01    1.5000e+00   -2.6000e+00    1.6339e+00    2.5160e+00    4.0737e-04   -1.2093e-03   -1.7047e-04   -2.9666e-04
   4.0000e-01    1.5000e+00   -2.6000e+00    1.5000e+00    2.5981e+00   -4.3574e-04   -1.1886e-03   -7.0943e-04   -6.1221e-04
   4.0000e-01    1.5000e+00   -2.6000e+00    1.3620e+00    2.6730e+00   -1.0538e-03   -6.8481e-04   -1.7389e-03    1.9175e-04
   4.0000e-01    1.5000e+00   -2.6000e+00    1.2202e+00    2.7406e+00   -1.2475e-03    4.4210e-05   -1.6194e-03    1.1403e-03
   4.0000e-01    1.5000e+00   -2.6000e+00    1.0751e+00    2.8007e+00   -1.0121e-03    7.1689e-04   -7.6157e-04    8.2611e-04
   4.0000e-01    1.5000e+00   -2.6000e+00    9.2705e-01    2.8532e+00   -4.8304e-04    1.1341e-03   -3.7651e-04    1.6045e-03
   4.0000e-01    1.5000e+00   -2.6000e+00    7.7646e-01    2.8978e+00    1.4582e-04    1.2170e-03    4.3323e-05    1.8959e-03
   4.0000e-01    1.5000e+00   -2.6000e+00    6.2374e-01    2.9344e+00    6.9145e-04    1.0045e-03    7.5381e-04    1.4071e-03
   4.0000e-01    1.5000e+00   -2.6000e+00    4.6930e-01    2.9631e+00    1.0585e-03    5.9339e-04    9.7139e-04    7.0149e-04
   4.0000e-01    1.5000e+00   -2.6000e+00    3.1359e-01    2.9836e+00    1.2032e-03    1.1026e-04    1.4830e-03    5.9813e-04
   4.0000e-01    1.5000e+00   -2.6000e+00    1.5701e-01    2.9959e+00    1.1499e-03   -3.5504e-04    1.9106e-03    -4.5778e-04
   4.0000e-01    1.5000e+00   -2.6000e+00    0.0000e+00    3.0000e+00    9.4369e-04   -7.3949e-04    1.4061e-03    3.4024e-04
   4.0000e-01    1.5000e+00   -2.6000e+00   -1.5701e-01    2.9959e+00    6.6621e-04   -9.9212e-04    8.8360e-04   -9.3016e-04
   4.0000e-01    1.5000e+00   -2.6000e+00   -3.1359e-01    2.9836e+00    3.5608e-04   -1.1370e-03    5.3589e-04   -3.2275e-04
   4.0000e-01    1.5000e+00   -2.6000e+00   -4.6930e-01    2.9631e+00    4.9619e-05   -1.1873e-03    1.4819e-04   -6.5243e-04
   4.0000e-01    1.5000e+00   -2.6000e+00   -6.2374e-01    2.9344e+00   -2.1394e-04   -1.1662e-03    1.5905e-04   -8.3522e-04
   4.0000e-01    1.5000e+00   -2.6000e+00   -7.7646e-01    2.8978e+00   -4.3067e-04   -1.1021e-03    1.1222e-04   -6.6000e-04
   4.0000e-01    1.5000e+00   -2.6000e+00   -9.2705e-01    2.8532e+00   -5.8897e-04   -1.0243e-03    -6.2368e-05   -4.1654e-04
   4.0000e-01    1.5000e+00   -2.6000e+00   -1.0751e+00    2.8007e+00   -7.0843e-04   -9.4407e-04    6.7288e-05   -4.5795e-04
   4.0000e-01    1.5000e+00   -2.6000e+00   -1.2202e+00    2.7406e+00   -7.8637e-04   -8.7892e-04    5.1854e-05   -3.6596e-04
   4.0000e-01    1.5000e+00   -2.6000e+00   -1.3620e+00    2.6730e+00   -8.3304e-04   -8.3365e-04   -3.8931e-04   -7.9707e-05
   4.0000e-01    1.5000e+00   -2.6000e+00   -1.5000e+00    2.5981e+00   -8.4487e-04   -8.2143e-04   -9.4577e-04   -3.7198e-04
   4.0000e-01    1.5000e+00   -2.6000e+00   -1.6339e+00    2.5160e+00   -8.2731e-04   -8.3950e-04   -5.7183e-04   -4.3542e-04
   4.0000e-01    1.5000e+00   -2.6000e+00   -1.7634e+00    2.4271e+00   -7.8645e-04   -8.7864e-04   -4.2037e-04   -3.3418e-04
   4.0000e-01    1.5000e+00   -2.6000e+00   -1.8880e+00    2.3314e+00   -7.1412e-04   -9.3963e-04   -6.8510e-04    3.1660e-04
   4.0000e-01    1.5000e+00   -2.6000e+00   -2.0074e+00    2.2294e+00   -5.8980e-04   -1.0240e-03    5.3775e-04    2.4144e-04
   4.0000e-01    1.5000e+00   -2.6000e+00   -2.1213e+00    2.1213e+00   -4.1965e-04   -1.1066e-03   -8.6930e-05    2.1817e-04
   4.0000e-01    1.5000e+00   -2.6000e+00   -2.2294e+00    2.0074e+00   -2.0979e-04   -1.1670e-03    4.6282e-05   -3.9397e-04
   4.0000e-01    1.5000e+00   -2.6000e+00   -2.3314e+00    1.8880e+00    4.5286e-05   -1.1875e-03    1.3936e-04   -4.5804e-04
   4.0000e-01    1.5000e+00   -2.6000e+00   -2.4271e+00    1.7634e+00    3.5316e-04   -1.1380e-03    -5.6108e-04   -6.3251e-04
   4.0000e-01    1.5000e+00   -2.6000e+00   -2.5160e+00    1.6339e+00    6.7109e-04   -9.8895e-04    2.1342e-04    4.3415e-06
   4.0000e-01    1.5000e+00   -2.6000e+00   -2.5981e+00    1.5000e+00    9.5167e-04   -7.2950e-04    5.5477e-04    -6.8627e-04
   4.0000e-01    1.5000e+00   -2.6000e+00   -2.6730e+00    1.3620e+00    1.1496e-03   -3.5574e-04    8.5919e-04    4.5544e-04
   4.0000e-01    1.5000e+00   -2.6000e+00   -2.7406e+00    1.2202e+00    1.2031e-03    1.1482e-04    1.1576e-03    8.8739e-04
   4.0000e-01    1.5000e+00   -2.6000e+00   -2.8007e+00    1.0751e+00    1.0544e-03    6.0144e-04    1.5897e-03    8.0979e-04
   4.0000e-01    1.5000e+00   -2.6000e+00   -2.8532e+00    9.2705e-01    6.8221e-04    1.0111e-03    7.3986e-04    1.8417e-03
   4.0000e-01    1.5000e+00   -2.6000e+00   -2.8978e+00    7.7646e-01    1.3649e-04    1.2184e-03   -6.1983e-04    1.5473e-03
   4.0000e-01    1.5000e+00   -2.6000e+00   -2.9344e+00    6.2374e-01   -4.9114e-04    1.1310e-03   -1.3273e-03    1.3679e-03
   4.0000e-01    1.5000e+00   -2.6000e+00   -2.9631e+00    4.6930e-01   -1.0180e-03    7.0874e-04   -1.7605e-03    7.2501e-04
   4.0000e-01    1.5000e+00   -2.6000e+00   -2.9836e+00    3.1359e-01   -1.2483e-03    2.5146e-05   -1.8355e-03    -2.8734e-04
   4.0000e-01    1.5000e+00   -2.6000e+00   -2.9959e+00    1.5701e-01   -1.0448e-03   -6.9934e-04   -1.1935e-03   -3.4215e-04
   4.0000e-01    1.5000e+00   -2.6000e+00   -3.0000e+00    0.0000e+00   -4.2502e-04   -1.1930e-03   -1.2945e-03   -9.2085e-04
   4.0000e-01    1.5000e+00   -2.6000e+00   -2.9959e+00   -1.5701e-01    4.1838e-04   -1.2058e-03   -5.8445e-04   -2.0606e-03
   4.0000e-01    1.5000e+00   -2.6000e+00   -2.9836e+00   -3.1359e-01    1.1074e-03   -6.5540e-04    6.5949e-04   -6.5632e-04
   4.0000e-01    1.5000e+00   -2.6000e+00   -2.9631e+00   -4.6930e-01    1.2735e-03    2.5155e-04    4.2796e-04    1.8788e-04
   4.0000e-01    1.5000e+00   -2.6000e+00   -2.9344e+00   -6.2374e-01    7.5414e-04    1.0715e-03    1.0025e-03    1.9446e-03
   4.0000e-01    1.5000e+00   -2.6000e+00   -2.8978e+00   -7.7646e-01   -2.2398e-04    1.3038e-03   -1.0668e-03    1.0812e-03
   4.0000e-01    1.5000e+00   -2.6000e+00   -2.8532e+00   -9.2705e-01   -1.1146e-03    7.3777e-04   -2.0620e-03    1.4799e-03
   4.0000e-01    1.5000e+00   -2.6000e+00   -2.8007e+00   -1.0751e+00   -1.3063e-03   -3.4671e-04   -1.9028e-03   -3.9666e-04
   4.0000e-01    1.5000e+00   -2.6000e+00   -2.7406e+00   -1.2202e+00   -5.8815e-04   -1.2341e-03   -9.3515e-04   -2.0443e-03
   4.0000e-01    1.5000e+00   -2.6000e+00   -2.6730e+00   -1.3620e+00    6.0104e-04   -1.2461e-03    1.7515e-04   -2.1650e-03
   4.0000e-01    1.5000e+00   -2.6000e+00   -2.5981e+00   -1.5000e+00    1.3722e-03   -2.8374e-04    8.1796e-04   -7.5831e-04
   4.0000e-01    1.5000e+00   -2.6000e+00   -2.5160e+00   -1.6339e+00    1.0470e-03    9.5984e-04    8.7843e-04    -2.8522e-04
   4.0000e-01    1.5000e+00   -2.6000e+00   -2.4271e+00   -1.7634e+00   -1.9660e-04    1.4270e-03   -4.3973e-04    2.1206e-03
   4.0000e-01    1.5000e+00   -2.6000e+00   -2.3314e+00   -1.8880e+00   -1.3172e-03    6.3451e-04   -1.8720e-03    4.8155e-04
   4.0000e-01    1.5000e+00   -2.6000e+00   -2.2294e+00   -2.0074e+00   -1.2538e-03   -7.9658e-04   -1.5586e-03   -2.1599e-03
   4.0000e-01    1.5000e+00   -2.6000e+00   -2.1213e+00   -2.1213e+00    5.1079e-05   -1.5095e-03   -4.4173e-04   -1.9895e-03
   4.0000e-01    1.5000e+00   -2.6000e+00   -2.0074e+00   -2.2294e+00    1.3609e-03   -7.1419e-04    1.6310e-03   -8.9916e-04
   4.0000e-01    1.5000e+00   -2.6000e+00   -1.8880e+00   -2.3314e+00    1.3043e-03    8.6592e-04    1.1841e-03    9.9801e-04
   4.0000e-01    1.5000e+00   -2.6000e+00   -1.7634e+00   -2.4271e+00   -1.7921e-04    1.5865e-03   -1.2994e-04    1.4212e-03
   4.0000e-01    1.5000e+00   -2.6000e+00   -1.6339e+00   -2.5160e+00   -1.5366e-03    5.4454e-04   -1.2458e-03    -6.8677e-05
   4.0000e-01    1.5000e+00   -2.6000e+00   -1.5000e+00   -2.5981e+00   -1.1741e-03   -1.1830e-03   -1.2040e-03   -7.2903e-04
   4.0000e-01    1.5000e+00   -2.6000e+00   -1.3620e+00   -2.6730e+00    6.0446e-04   -1.5949e-03    -1.6766e-04   -1.9274e-03
   4.0000e-01    1.5000e+00   -2.6000e+00   -1.2202e+00   -2.7406e+00    1.7479e-03   -6.5610e-05    1.9046e-03    2.3106e-05
   4.0000e-01    1.5000e+00   -2.6000e+00   -1.0751e+00   -2.8007e+00    7.4655e-04    1.6336e-03    7.2607e-04    1.8141e-03
   4.0000e-01    1.5000e+00   -2.6000e+00   -9.2705e-01   -2.8532e+00   -1.2896e-03    1.3234e-03   -1.5127e-03    1.7284e-03
   4.0000e-01    1.5000e+00   -2.6000e+00   -7.7646e-01   -2.8978e+00   -1.7501e-03   -7.5174e-04   -1.5332e-03   -1.4613e-05
   4.0000e-01    1.5000e+00   -2.6000e+00   -6.2374e-01   -2.9344e+00    1.1054e-04   -1.9652e-03    5.9462e-04   -1.7298e-03
   4.0000e-01    1.5000e+00   -2.6000e+00   -4.6930e-01   -2.9631e+00    1.9630e-03   -5.5393e-04    2.6787e-03   -8.6097e-04
   4.0000e-01    1.5000e+00   -2.6000e+00   -3.1359e-01   -2.9836e+00    1.1865e-03    1.7569e-03    1.2293e-03    1.0662e-03
   4.0000e-01    1.5000e+00   -2.6000e+00   -1.5701e-01   -2.9959e+00   -1.3564e-03    1.7461e-03   -8.5327e-04    2.3896e-03
   4.0000e-01    1.5000e+00   -2.6000e+00    0.0000e+00   -3.0000e+00   -2.1761e-03   -7.9174e-04   -2.2129e-03   -1.2989e-03
   4.0000e-01    1.5000e+00   -2.6000e+00    2.5981e+00   -1.5000e+00   -2.1833e-03   -7.6948e-04   -1.7802e-03   -1.1814e-03
   4.0000e-01    1.5000e+00   -2.6000e+00    2.6730e+00   -1.3620e+00   -1.3295e-03    1.7655e-03   -1.5418e-03    2.2309e-03
   4.0000e-01    1.5000e+00   -2.6000e+00    2.7406e+00   -1.2202e+00    1.2236e-03    1.7301e-03    1.1026e-03    1.4855e-03
   4.0000e-01    1.5000e+00   -2.6000e+00    2.8007e+00   -1.0751e+00    1.9540e-03   -5.8306e-04    2.6479e-03   -5.4954e-04
   4.0000e-01    1.5000e+00   -2.6000e+00    2.8532e+00   -9.2705e-01    8.0721e-05   -1.9659e-03    -2.4740e-04   -1.6012e-03
   4.0000e-01    1.5000e+00   -2.6000e+00    2.8978e+00   -7.7646e-01   -1.7603e-03   -7.2619e-04   -2.3227e-03   -5.8870e-04
   4.0000e-01    1.5000e+00   -2.6000e+00    2.9344e+00   -6.2374e-01   -1.2680e-03    1.3436e-03   -9.1490e-04    8.4806e-04
   4.0000e-01    1.5000e+00   -2.6000e+00    2.9631e+00   -4.6930e-01    7.6992e-04    1.6221e-03    6.4856e-04    8.6938e-04
   4.0000e-01    1.5000e+00   -2.6000e+00    2.9836e+00   -3.1359e-01    1.7458e-03   -9.4569e-05    2.6391e-03   -3.7595e-04
   4.0000e-01    1.5000e+00   -2.6000e+00    2.9959e+00   -1.5701e-01    5.9040e-04   -1.6001e-03    5.6314e-04   -1.7162e-03
   4.0000e-01    2.6000e+00   -1.5000e+00    3.0000e+00    0.0000e+00   -2.1688e-03   -8.1403e-04   -1.7504e-03   -8.9238e-04
   4.0000e-01    2.6000e+00   -1.5000e+00    2.9959e+00    1.5701e-01   -1.3564e-03    1.7461e-03   -1.1383e-03    1.8912e-03
   4.0000e-01    2.6000e+00   -1.5000e+00    2.9836e+00    3.1359e-01    1.1865e-03    1.7569e-03    1.1465e-03    1.6217e-03
   4.0000e-01    2.6000e+00   -1.5000e+00    2.9631e+00    4.6930e-01    1.9630e-03   -5.5393e-04    1.8417e-03   -1.2344e-03
   4.0000e-01    2.6000e+00   -1.5000e+00    2.9344e+00    6.2374e-01    1.1054e-04   -1.9652e-03    -4.8224e-04   -2.1017e-03
   4.0000e-01    2.6000e+00   -1.5000e+00    2.8978e+00    7.7646e-01   -1.7501e-03   -7.5174e-04   -2.1426e-03   -1.0991e-03
   4.0000e-01    2.6000e+00   -1.5000e+00    2.8532e+00    9.2705e-01   -1.2896e-03    1.3234e-03   -1.5207e-03    1.3455e-03
   4.0000e-01    2.6000e+00   -1.5000e+00    2.8007e+00    1.0751e+00    7.4655e-04    1.6336e-03    6.9945e-04    1.3746e-03
   4.0000e-01    2.6000e+00   -1.5000e+00    2.7406e+00    1.2202e+00    1.7479e-03   -6.5610e-05    1.4521e-03   -5.1498e-04
   4.0000e-01    2.6000e+00   -1.5000e+00    2.6730e+00    1.3620e+00    6.0446e-04   -1.5949e-03    2.6242e-04   -1.9003e-03
   4.0000e-01    2.6000e+00   -1.5000e+00    2.5981e+00    1.5000e+00   -1.1741e-03   -1.1830e-03   -2.0839e-03   -1.6006e-03
   4.0000e-01    2.6000e+00   -1.5000e+00    2.5160e+00    1.6339e+00   -1.5366e-03    5.4454e-04   -1.6353e-03    2.8914e-04
   4.0000e-01    2.6000e+00   -1.5000e+00    2.4271e+00    1.7634e+00   -1.7921e-04    1.5865e-03   -8.6459e-04    1.0151e-03
   4.0000e-01    2.6000e+00   -1.5000e+00    2.3314e+00    1.8880e+00    1.3043e-03    8.6592e-04    8.8398e-04    2.5959e-04
   4.0000e-01    2.6000e+00   -1.5000e+00    2.2294e+00    2.0074e+00    1.3609e-03   -7.1419e-04    6.1026e-04   -1.5232e-03
   4.0000e-01    2.6000e+00   -1.5000e+00    2.1213e+00    2.1213e+00    5.1079e-05   -1.5095e-03   -2.0912e-04   -1.7172e-03
   4.0000e-01    2.6000e+00   -1.5000e+00    2.0074e+00    2.2294e+00   -1.2538e-03   -7.9658e-04   -1.4511e-03   -1.4752e-03
   4.0000e-01    2.6000e+00   -1.5000e+00    1.8880e+00    2.3314e+00   -1.3172e-03    6.3451e-04   -1.4072e-03    2.5264e-04
   4.0000e-01    2.6000e+00   -1.5000e+00    1.7634e+00    2.4271e+00   -1.9660e-04    1.4270e-03   -6.1245e-04    7.8869e-04
   4.0000e-01    2.6000e+00   -1.5000e+00    1.6339e+00    2.5160e+00    1.0470e-03    9.5984e-04    6.5194e-04    1.0056e-03
   4.0000e-01    2.6000e+00   -1.5000e+00    1.5000e+00    2.5981e+00    1.3722e-03   -2.8374e-04    1.1339e-03   -5.3214e-04
   4.0000e-01    2.6000e+00   -1.5000e+00    1.3620e+00    2.6730e+00    6.0104e-04   -1.2461e-03    7.0822e-05   -3.0322e-04
   4.0000e-01    2.6000e+00   -1.5000e+00    1.2202e+00    2.7406e+00   -5.8815e-04   -1.2341e-03   -1.5840e-03   -2.1584e-03
   4.0000e-01    2.6000e+00   -1.5000e+00    1.0751e+00    2.8007e+00   -1.3063e-03   -3.4671e-04   -1.5791e-03   -3.5135e-04
   4.0000e-01    2.6000e+00   -1.5000e+00    9.2705e-01    2.8532e+00   -1.1146e-03    7.3777e-04   -4.4316e-04    8.9521e-04
   4.0000e-01    2.6000e+00   -1.5000e+00    7.7646e-01    2.8978e+00   -2.2398e-04    1.3038e-03   -1.0080e-04    1.6576e-03
   4.0000e-01    2.6000e+00   -1.5000e+00    6.2374e-01    2.9344e+00    7.5414e-04    1.0715e-03    8.2945e-04    3.2164e-04
   4.0000e-01    2.6000e+00   -1.5000e+00    4.6930e-01    2.9631e+00    1.2735e-03    2.5155e-04    1.4442e-03    3.9215e-04
   4.0000e-01    2.6000e+00   -1.5000e+00    3.1359e-01    2.9836e+00    1.1074e-03   -6.5540e-04    2.0658e-03   -8.5697e-04
   4.0000e-01    2.6000e+00   -1.5000e+00    1.5701e-01    2.9959e+00    4.1838e-04   -1.2058e-03    1.0448e-03   -1.6344e-03
   4.0000e-01    2.6000e+00   -1.5000e+00    0.0000e+00    3.0000e+00   -4.3123e-04   -1.1906e-03    3.3204e-04   -1.0060e-03
   4.0000e-01    2.6000e+00   -1.5000e+00   -1.5701e-01    2.9959e+00   -1.0448e-03   -6.9934e-04   -5.3262e-04   -2.6506e-04
   4.0000e-01    2.6000e+00   -1.5000e+00   -3.1359e-01    2.9836e+00   -1.2483e-03    2.5146e-05   -7.7579e-04    2.4194e-04
   4.0000e-01    2.6000e+00   -1.5000e+00   -4.6930e-01    2.9631e+00   -1.0180e-03    7.0874e-04   -1.0498e-03    8.4536e-04
   4.0000e-01    2.6000e+00   -1.5000e+00   -6.2374e-01    2.9344e+00   -4.9114e-04    1.1310e-03   -5.4461e-04    1.3105e-03
   4.0000e-01    2.6000e+00   -1.5000e+00   -7.7646e-01    2.8978e+00    1.3649e-04    1.2184e-03    -2.2896e-04    1.5369e-03
   4.0000e-01    2.6000e+00   -1.5000e+00   -9.2705e-01    2.8532e+00    6.8221e-04    1.0111e-03    1.3592e-03    1.7694e-03
   4.0000e-01    2.6000e+00   -1.5000e+00   -1.0751e+00    2.8007e+00    1.0544e-03    6.0144e-04    1.8860e-03    9.8123e-04
   4.0000e-01    2.6000e+00   -1.5000e+00   -1.2202e+00    2.7406e+00    1.2031e-03    1.1482e-04    1.4756e-03    3.7611e-04
   4.0000e-01    2.6000e+00   -1.5000e+00   -1.3620e+00    2.6730e+00    1.1496e-03   -3.5574e-04    1.6622e-03    3.3884e-04
   4.0000e-01    2.6000e+00   -1.5000e+00   -1.5000e+00    2.5981e+00    9.5167e-04   -7.2950e-04    1.4652e-03   -7.9298e-04
   4.0000e-01    2.6000e+00   -1.5000e+00   -1.6339e+00    2.5160e+00    6.7109e-04   -9.8895e-04    1.6187e-03   -2.6566e-04
   4.0000e-01    2.6000e+00   -1.5000e+00   -1.7634e+00    2.4271e+00    3.5316e-04   -1.1380e-03    1.1756e-03   -5.1420e-04
   4.0000e-01    2.6000e+00   -1.5000e+00   -1.8880e+00    2.3314e+00    4.5286e-05   -1.1875e-03    4.0354e-04    2.5507e-04
   4.0000e-01    2.6000e+00   -1.5000e+00   -2.0074e+00    2.2294e+00   -2.0979e-04   -1.1670e-03    -1.4886e-04   -1.0758e-03
   4.0000e-01    2.6000e+00   -1.5000e+00   -2.1213e+00    2.1213e+00   -4.1965e-04   -1.1066e-03    8.7688e-04   -1.6830e-04
   4.0000e-01    2.6000e+00   -1.5000e+00   -2.2294e+00    2.0074e+00   -5.8980e-04   -1.0240e-03   -2.2213e-04   -3.3373e-04
   4.0000e-01    2.6000e+00   -1.5000e+00   -2.3314e+00    1.8880e+00   -7.1412e-04   -9.3963e-04   -9.4023e-04    7.9430e-04
   4.0000e-01    2.6000e+00   -1.5000e+00   -2.4271e+00    1.7634e+00   -7.8645e-04   -8.7864e-04    7.3980e-05    3.9389e-04
   4.0000e-01    2.6000e+00   -1.5000e+00   -2.5160e+00    1.6339e+00   -8.2731e-04   -8.3950e-04    9.0378e-05    -6.4376e-05
   4.0000e-01    2.6000e+00   -1.5000e+00   -2.5981e+00    1.5000e+00   -8.4487e-04   -8.2143e-04   -5.9767e-05    7.9480e-04
   4.0000e-01    2.6000e+00   -1.5000e+00   -2.6730e+00    1.3620e+00   -8.3304e-04   -8.3365e-04   -1.0989e-03    6.2588e-04
   4.0000e-01    2.6000e+00   -1.5000e+00   -2.7406e+00    1.2202e+00   -7.8637e-04   -8.7892e-04    1.0099e-04    4.1086e-04
   4.0000e-01    2.6000e+00   -1.5000e+00   -2.8007e+00    1.0751e+00   -7.0843e-04   -9.4407e-04   -4.8863e-04    2.4677e-04
   4.0000e-01    2.6000e+00   -1.5000e+00   -2.8532e+00    9.2705e-01   -5.8897e-04   -1.0243e-03   -2.3499e-04    3.6469e-04
   4.0000e-01    2.6000e+00   -1.5000e+00   -2.8978e+00    7.7646e-01   -4.3067e-04   -1.1021e-03    -1.4563e-04    4.1382e-04
   4.0000e-01    2.6000e+00   -1.5000e+00   -2.9344e+00    6.2374e-01   -2.1394e-04   -1.1662e-03    1.5206e-05    -2.0371e-04
   4.0000e-01    2.6000e+00   -1.5000e+00   -2.9631e+00    4.6930e-01    4.9619e-05   -1.1873e-03    8.7608e-04   -1.4712e-04
   4.0000e-01    2.6000e+00   -1.5000e+00   -2.9836e+00    3.1359e-01    3.5608e-04   -1.1370e-03    8.4500e-04   -6.2484e-04
   4.0000e-01    2.6000e+00   -1.5000e+00   -2.9959e+00    1.5701e-01    6.6621e-04   -9.9212e-04    1.4588e-03   -6.3470e-04
   4.0000e-01    2.6000e+00   -1.5000e+00   -3.0000e+00    0.0000e+00    9.4572e-04   -7.3696e-04    1.0838e-03    4.3391e-07
   4.0000e-01    2.6000e+00   -1.5000e+00   -2.9959e+00   -1.5701e-01    1.1499e-03   -3.5504e-04    8.4036e-04    2.5094e-04
   4.0000e-01    2.6000e+00   -1.5000e+00   -2.9836e+00   -3.1359e-01    1.2032e-03    1.1026e-04    1.5793e-03    1.3937e-03
   4.0000e-01    2.6000e+00   -1.5000e+00   -2.9631e+00   -4.6930e-01    1.0585e-03    5.9339e-04    7.5148e-04    9.2600e-04
   4.0000e-01    2.6000e+00   -1.5000e+00   -2.9344e+00   -6.2374e-01    6.9145e-04    1.0045e-03    -3.6492e-04    2.0346e-03
   4.0000e-01    2.6000e+00   -1.5000e+00   -2.8978e+00   -7.7646e-01    1.4582e-04    1.2170e-03   -6.8146e-04    1.0907e-03
   4.0000e-01    2.6000e+00   -1.5000e+00   -2.8532e+00   -9.2705e-01   -4.8304e-04    1.1341e-03   -9.3168e-04    1.5418e-03
   4.0000e-01    2.6000e+00   -1.5000e+00   -2.8007e+00   -1.0751e+00   -1.0121e-03    7.1689e-04   -9.7216e-04    1.5870e-03
   4.0000e-01    2.6000e+00   -1.5000e+00   -2.7406e+00   -1.2202e+00   -1.2475e-03    4.4210e-05   -1.5707e-03   -2.3411e-04
   4.0000e-01    2.6000e+00   -1.5000e+00   -2.6730e+00   -1.3620e+00   -1.0538e-03   -6.8481e-04   -1.9799e-03   -9.2987e-04
   4.0000e-01    2.6000e+00   -1.5000e+00   -2.5981e+00   -1.5000e+00   -4.3574e-04   -1.1886e-03   -8.1209e-04   -1.0633e-03
   4.0000e-01    2.6000e+00   -1.5000e+00   -2.5160e+00   -1.6339e+00    4.0737e-04   -1.2093e-03   -5.5108e-05   -2.2780e-03
   4.0000e-01    2.6000e+00   -1.5000e+00   -2.4271e+00   -1.7634e+00    1.0995e-03   -6.6784e-04    1.7031e-04   -4.5939e-04
   4.0000e-01    2.6000e+00   -1.5000e+00   -2.3314e+00   -1.8880e+00    1.2768e-03    2.3187e-04    3.7525e-04   -2.0180e-04
   4.0000e-01    2.6000e+00   -1.5000e+00   -2.2294e+00   -2.0074e+00    7.6883e-04    1.0606e-03    1.1897e-03    5.9894e-04
   4.0000e-01    2.6000e+00   -1.5000e+00   -2.1213e+00   -2.1213e+00   -2.1792e-04    1.3048e-03   -2.6837e-04    1.5829e-03
   4.0000e-01    2.6000e+00   -1.5000e+00   -2.0074e+00   -2.2294e+00   -1.1082e-03    7.4689e-04   -1.3721e-03    1.2636e-04
   4.0000e-01    2.6000e+00   -1.5000e+00   -1.8880e+00   -2.3314e+00   -1.3117e-03   -3.2360e-04   -2.7208e-03   -1.1004e-03
   4.0000e-01    2.6000e+00   -1.5000e+00   -1.7634e+00   -2.4271e+00   -6.0332e-04   -1.2263e-03   -7.8863e-04   -1.4156e-03
   4.0000e-01    2.6000e+00   -1.5000e+00   -1.6339e+00   -2.5160e+00    5.9038e-04   -1.2511e-03    6.8433e-04   -2.0892e-03
   4.0000e-01    2.6000e+00   -1.5000e+00   -1.5000e+00   -2.5981e+00    1.3693e-03   -2.9762e-04    1.1465e-03   -1.4774e-03
   4.0000e-01    2.6000e+00   -1.5000e+00   -1.3620e+00   -2.6730e+00    1.0637e-03    9.4059e-04    4.8054e-04    8.1650e-04
   4.0000e-01    2.6000e+00   -1.5000e+00   -1.2202e+00   -2.7406e+00   -1.8055e-04    1.4292e-03   -1.2100e-03    1.4558e-03
   4.0000e-01    2.6000e+00   -1.5000e+00   -1.0751e+00   -2.8007e+00   -1.3125e-03    6.4443e-04   -6.9227e-04    -1.8118e-04
   4.0000e-01    2.6000e+00   -1.5000e+00   -9.2705e-01   -2.8532e+00   -1.2580e-03   -7.8959e-04   -1.4068e-03   -3.2844e-04
   4.0000e-01    2.6000e+00   -1.5000e+00   -7.7646e-01   -2.8978e+00    2.5923e-05   -1.5097e-03    2.2726e-04   -1.5341e-03
   4.0000e-01    2.6000e+00   -1.5000e+00   -6.2374e-01   -2.9344e+00    1.3489e-03   -7.3627e-04    1.4389e-03   -1.4264e-03
   4.0000e-01    2.6000e+00   -1.5000e+00   -4.6930e-01   -2.9631e+00    1.3105e-03    8.5643e-04    1.3402e-03    1.2483e-03
   4.0000e-01    2.6000e+00   -1.5000e+00   -3.1359e-01   -2.9836e+00   -1.7212e-04    1.5873e-03   -2.5043e-05    1.7818e-03
   4.0000e-01    2.6000e+00   -1.5000e+00   -1.5701e-01   -2.9959e+00   -1.5295e-03    5.6347e-04   -1.5397e-03    1.4786e-04
   4.0000e-01    2.6000e+00   -1.5000e+00    0.0000e+00   -3.0000e+00   -1.1975e-03   -1.1583e-03   -1.2232e-03   -1.6321e-03
   4.0000e-01    2.6000e+00   -1.5000e+00    1.5701e-01   -2.9959e+00    5.9040e-04   -1.6001e-03    2.0203e-04   -1.6552e-03
   4.0000e-01    2.6000e+00   -1.5000e+00    3.1359e-01   -2.9836e+00    1.7458e-03   -9.4569e-05    1.8038e-03   -5.0976e-04
   4.0000e-01    2.6000e+00   -1.5000e+00    4.6930e-01   -2.9631e+00    7.6992e-04    1.6221e-03    1.1848e-03    1.2084e-03
   4.0000e-01    2.6000e+00   -1.5000e+00    6.2374e-01   -2.9344e+00   -1.2680e-03    1.3436e-03   -9.7475e-04    1.4900e-03
   4.0000e-01    2.6000e+00   -1.5000e+00    7.7646e-01   -2.8978e+00   -1.7603e-03   -7.2619e-04   -9.9651e-04   -6.5072e-04
   4.0000e-01    2.6000e+00   -1.5000e+00    9.2705e-01   -2.8532e+00    8.0721e-05   -1.9659e-03    4.7391e-04   -2.0070e-03
   4.0000e-01    2.6000e+00   -1.5000e+00    1.0751e+00   -2.8007e+00    1.9540e-03   -5.8306e-04    1.4502e-03   -3.2822e-04
   4.0000e-01    2.6000e+00   -1.5000e+00    1.2202e+00   -2.7406e+00    1.2236e-03    1.7301e-03    1.9104e-03    1.5841e-03
   4.0000e-01    2.6000e+00   -1.5000e+00    1.3620e+00   -2.6730e+00   -1.3295e-03    1.7655e-03   -5.1118e-04    2.0216e-03
   4.0000e-01    2.6000e+00   -1.5000e+00    1.5000e+00   -2.5981e+00   -2.1833e-03   -7.6948e-04   -1.4337e-03   -9.6157e-04
   5.0000e-01    3.0000e+00    0.0000e+00    2.5981e+00    1.5000e+00    2.5167e-03    6.1142e-04    2.3017e-03    5.5958e-04
   5.0000e-01    3.0000e+00    0.0000e+00    2.5160e+00    1.6339e+00    5.5481e-04   -2.4090e-03    4.4472e-04   -2.4296e-03
   5.0000e-01    3.0000e+00    0.0000e+00    2.4271e+00    1.7634e+00   -2.3119e-03   -5.2017e-04   -2.2201e-03   -5.7335e-04
   5.0000e-01    3.0000e+00    0.0000e+00    2.3314e+00    1.8880e+00   -5.2629e-04    2.2184e-03   -3.6731e-04    1.7433e-03
   5.0000e-01    3.0000e+00    0.0000e+00    2.2294e+00    2.0074e+00    2.1236e-03    5.7803e-04    2.1288e-03    8.7819e-04
   5.0000e-01    3.0000e+00    0.0000e+00    2.1213e+00    2.1213e+00    6.4626e-04   -2.0296e-03    8.0505e-04   -2.6632e-03
   5.0000e-01    3.0000e+00    0.0000e+00    2.0074e+00    2.2294e+00   -1.9317e-03   -7.3287e-04   -2.4825e-03   -1.0193e-03
   5.0000e-01    3.0000e+00    0.0000e+00    1.8880e+00    2.3314e+00   -8.5223e-04    1.8180e-03   -6.1907e-04    1.2219e-03
   5.0000e-01    3.0000e+00    0.0000e+00    1.7634e+00    2.4271e+00    1.6789e-03    1.0026e-03    1.1611e-03    1.0205e-03
   5.0000e-01    3.0000e+00    0.0000e+00    1.6339e+00    2.5160e+00    1.1592e-03   -1.5151e-03    2.3787e-03   -1.3821e-03
   5.0000e-01    3.0000e+00    0.0000e+00    1.5000e+00    2.5981e+00   -1.3169e-03   -1.3184e-03   -1.5889e-03   -1.5241e-03
   5.0000e-01    3.0000e+00    0.0000e+00    1.3620e+00    2.6730e+00   -1.4785e-03    1.0662e-03   -1.4454e-03    4.6950e-04
   5.0000e-01    3.0000e+00    0.0000e+00    1.2202e+00    2.7406e+00    7.7302e-04    1.6098e-03    3.6046e-04    1.4322e-03
   5.0000e-01    3.0000e+00    0.0000e+00    1.0751e+00    2.8007e+00    1.6999e-03   -4.2065e-04    2.0790e-03   -4.3465e-04
   5.0000e-01    3.0000e+00    0.0000e+00    9.2705e-01    2.8532e+00   -3.3507e-05   -1.7183e-03    -1.4504e-04   -1.6154e-03
   5.0000e-01    3.0000e+00    0.0000e+00    7.7646e-01    2.8978e+00   -1.6427e-03   -3.9189e-04   -1.2918e-03   -7.8950e-04
   5.0000e-01    3.0000e+00    0.0000e+00    6.2374e-01    2.9344e+00   -8.2346e-04    1.4429e-03   -1.0398e-03    1.6450e-03
   5.0000e-01    3.0000e+00    0.0000e+00    4.6930e-01    2.9631e+00    1.1151e-03    1.1960e-03    1.7798e-03    1.3357e-03
   5.0000e-01    3.0000e+00    0.0000e+00    3.1359e-01    2.9836e+00    1.4736e-03   -6.5058e-04    2.2069e-03   -1.1724e-04
   5.0000e-01    3.0000e+00    0.0000e+00    1.5701e-01    2.9959e+00   -8.1925e-05   -1.5863e-03    -2.5118e-04   -1.3905e-03
   5.0000e-01    3.0000e+00    0.0000e+00    0.0000e+00    3.0000e+00   -1.4821e-03   -5.0938e-04   -6.0013e-04   -8.2080e-05
   5.0000e-01    3.0000e+00    0.0000e+00   -1.5701e-01    2.9959e+00   -1.0734e-03    1.1146e-03   -1.1218e-04    9.3583e-04
   5.0000e-01    3.0000e+00    0.0000e+00   -3.1359e-01    2.9836e+00    5.1821e-04    1.4382e-03    1.2463e-03    1.7303e-03
   5.0000e-01    3.0000e+00    0.0000e+00   -4.6930e-01    2.9631e+00    1.4979e-03    2.0055e-04    1.7910e-03    2.6466e-04
   5.0000e-01    3.0000e+00    0.0000e+00   -6.2374e-01    2.9344e+00    9.0310e-04   -1.1913e-03    9.3797e-04   -1.5192e-03
   5.0000e-01    3.0000e+00    0.0000e+00   -7.7646e-01    2.8978e+00   -5.3535e-04   -1.3791e-03    6.6650e-05   -1.0694e-03
   5.0000e-01    3.0000e+00    0.0000e+00   -9.2705e-01    2.8532e+00   -1.4285e-03   -3.2559e-04   -9.7797e-04    1.2318e-04
   5.0000e-01    3.0000e+00    0.0000e+00   -1.0751e+00    2.8007e+00   -1.0814e-03    9.6874e-04   -1.6103e-04    4.9450e-04
   5.0000e-01    3.0000e+00    0.0000e+00   -1.2202e+00    2.7406e+00    1.0504e-04    1.4354e-03    3.9143e-04    1.0975e-03
   5.0000e-01    3.0000e+00    0.0000e+00   -1.3620e+00    2.6730e+00    1.1671e-03    8.2095e-04    1.6894e-03    8.8564e-04
   5.0000e-01    3.0000e+00    0.0000e+00   -1.5000e+00    2.5981e+00    1.3812e-03   -3.1295e-04    1.2332e-03   -1.9294e-04
   5.0000e-01    3.0000e+00    0.0000e+00   -1.6339e+00    2.5160e+00    7.3251e-04   -1.1998e-03    2.9093e-04   -9.9602e-04
   5.0000e-01    3.0000e+00    0.0000e+00   -1.7634e+00    2.4271e+00   -3.0993e-04   -1.3611e-03   -1.2577e-03   -1.6263e-03
   5.0000e-01    3.0000e+00    0.0000e+00   -1.8880e+00    2.3314e+00   -1.1343e-03   -7.9780e-04   -1.5787e-03   -7.3263e-04
   5.0000e-01    3.0000e+00    0.0000e+00   -2.0074e+00    2.2294e+00   -1.3755e-03    9.2131e-05   -1.5735e-03   -8.0866e-04
   5.0000e-01    3.0000e+00    0.0000e+00   -2.1213e+00    2.1213e+00   -1.0381e-03    8.9551e-04   -1.8739e-03    6.2539e-04
   5.0000e-01    3.0000e+00    0.0000e+00   -2.2294e+00    2.0074e+00   -3.2758e-04    1.3239e-03   -3.2041e-04    1.9253e-03
   5.0000e-01    3.0000e+00    0.0000e+00   -2.3314e+00    1.8880e+00    4.4494e-04    1.2819e-03    2.6028e-04    1.9186e-03
   5.0000e-01    3.0000e+00    0.0000e+00   -2.4271e+00    1.7634e+00    1.0197e-03    8.8620e-04    3.4848e-04    1.2853e-03
   5.0000e-01    3.0000e+00    0.0000e+00   -2.5160e+00    1.6339e+00    1.3098e-03    3.0879e-04    1.0069e-03    3.1064e-04
   5.0000e-01    3.0000e+00    0.0000e+00   -2.5981e+00    1.5000e+00    1.3083e-03   -2.9235e-04    9.3866e-04    1.0408e-04
   5.0000e-01    3.0000e+00    0.0000e+00   -2.6730e+00    1.3620e+00    1.0822e-03   -7.8348e-04    1.1358e-03    5.1973e-05
   5.0000e-01    3.0000e+00    0.0000e+00   -2.7406e+00    1.2202e+00    7.3465e-04   -1.1115e-03    6.0182e-04   -5.0433e-04
   5.0000e-01    3.0000e+00    0.0000e+00   -2.8007e+00    1.0751e+00    3.4670e-04   -1.2829e-03    -6.7462e-05   -1.8733e-04
   5.0000e-01    3.0000e+00    0.0000e+00   -2.8532e+00    9.2705e-01   -1.8838e-05   -1.3255e-03    4.1286e-04   -3.1095e-04
   5.0000e-01    3.0000e+00    0.0000e+00   -2.8978e+00    7.7646e-01   -3.3409e-04   -1.2802e-03    5.5141e-04   -3.4864e-04
   5.0000e-01    3.0000e+00    0.0000e+00   -2.9344e+00    6.2374e-01   -5.6819e-04   -1.1928e-03    -5.2022e-06   -2.3493e-04
   5.0000e-01    3.0000e+00    0.0000e+00   -2.9631e+00    4.6930e-01   -7.4048e-04   -1.0921e-03    2.3938e-04    1.8967e-04
   5.0000e-01    3.0000e+00    0.0000e+00   -2.9836e+00    3.1359e-01   -8.4724e-04   -1.0101e-03    2.0346e-04    5.5258e-05
   5.0000e-01    3.0000e+00    0.0000e+00   -2.9959e+00    1.5701e-01   -9.1235e-04   -9.5109e-04    1.8271e-05    1.0646e-04
   5.0000e-01    3.0000e+00    0.0000e+00   -3.0000e+00    0.0000e+00   -9.4103e-04   -9.2224e-04    -5.9388e-05    -8.4701e-06
   5.0000e-01    3.0000e+00    0.0000e+00   -2.9959e+00   -1.5701e-01   -9.1235e-04   -9.5109e-04    8.0229e-04    2.1019e-04
   5.0000e-01    3.0000e+00    0.0000e+00   -2.9836e+00   -3.1359e-01   -8.4724e-04   -1.0101e-03    6.0462e-04    -6.0916e-05
   5.0000e-01    3.0000e+00    0.0000e+00   -2.9631e+00   -4.6930e-01   -7.4048e-04   -1.0921e-03    1.0228e-03   -5.7479e-04
   5.0000e-01    3.0000e+00    0.0000e+00   -2.9344e+00   -6.2374e-01   -5.6819e-04   -1.1928e-03    9.1828e-04   -6.0511e-04
   5.0000e-01    3.0000e+00    0.0000e+00   -2.8978e+00   -7.7646e-01   -3.3409e-04   -1.2802e-03    9.4045e-04   -5.9141e-04
   5.0000e-01    3.0000e+00    0.0000e+00   -2.8532e+00   -9.2705e-01   -1.8838e-05   -1.3255e-03    7.7173e-04   -5.5665e-04
   5.0000e-01    3.0000e+00    0.0000e+00   -2.8007e+00   -1.0751e+00    3.4670e-04   -1.2829e-03    8.8606e-04   -1.1375e-03
   5.0000e-01    3.0000e+00    0.0000e+00   -2.7406e+00   -1.2202e+00    7.3465e-04   -1.1115e-03    1.1031e-03   -1.0558e-03
   5.0000e-01    3.0000e+00    0.0000e+00   -2.6730e+00   -1.3620e+00    1.0822e-03   -7.8348e-04    1.4409e-03   -5.6507e-04
   5.0000e-01    3.0000e+00    0.0000e+00   -2.5981e+00   -1.5000e+00    1.3083e-03   -2.9235e-04    9.4419e-04    2.1824e-04
   5.0000e-01    3.0000e+00    0.0000e+00   -2.5160e+00   -1.6339e+00    1.3098e-03    3.0879e-04    1.3221e-03    5.8502e-04
   5.0000e-01    3.0000e+00    0.0000e+00   -2.4271e+00   -1.7634e+00    1.0197e-03    8.8620e-04    6.0315e-04    1.5202e-03
   5.0000e-01    3.0000e+00    0.0000e+00   -2.3314e+00   -1.8880e+00    4.4494e-04    1.2819e-03   -1.1768e-04    1.6678e-03
   5.0000e-01    3.0000e+00    0.0000e+00   -2.2294e+00   -2.0074e+00   -3.2758e-04    1.3239e-03   -1.3198e-03    1.7980e-03
   5.0000e-01    3.0000e+00    0.0000e+00   -2.1213e+00   -2.1213e+00   -1.0381e-03    8.9551e-04   -1.7698e-03    1.3433e-03
   5.0000e-01    3.0000e+00    0.0000e+00   -2.0074e+00   -2.2294e+00   -1.3755e-03    9.2131e-05   -2.2035e-03    9.1041e-05
   5.0000e-01    3.0000e+00    0.0000e+00   -1.8880e+00   -2.3314e+00   -1.1343e-03   -7.9780e-04   -2.3059e-03   -6.0315e-04
   5.0000e-01    3.0000e+00    0.0000e+00   -1.7634e+00   -2.4271e+00   -3.0993e-04   -1.3611e-03   -1.2102e-03   -1.5603e-03
   5.0000e-01    3.0000e+00    0.0000e+00   -1.6339e+00   -2.5160e+00    7.3251e-04   -1.1998e-03    4.7139e-04   -5.8866e-04
   5.0000e-01    3.0000e+00    0.0000e+00   -1.5000e+00   -2.5981e+00    1.3812e-03   -3.1295e-04    2.1303e-05   -8.2192e-04
   5.0000e-01    3.0000e+00    0.0000e+00   -1.3620e+00   -2.6730e+00    1.1671e-03    8.2095e-04    6.2706e-05    1.1122e-03
   5.0000e-01    3.0000e+00    0.0000e+00   -1.2202e+00   -2.7406e+00    1.0504e-04    1.4354e-03    5.6299e-04    1.2377e-03
   5.0000e-01    3.0000e+00    0.0000e+00   -1.0751e+00   -2.8007e+00   -1.0814e-03    9.6874e-04   -1.5940e-03    1.6394e-03
   5.0000e-01    3.0000e+00    0.0000e+00   -9.2705e-01   -2.8532e+00   -1.4285e-03   -3.2559e-04   -1.9191e-03    2.4639e-04
   5.0000e-01    3.0000e+00    0.0000e+00   -7.7646e-01   -2.8978e+00   -5.3535e-04   -1.3791e-03   -4.4310e-04   -1.2337e-03
   5.0000e-01    3.0000e+00    0.0000e+00   -6.2374e-01   -2.9344e+00    9.0310e-04   -1.1913e-03    1.0440e-03   -7.3292e-04
   5.0000e-01    3.0000e+00    0.0000e+00   -4.6930e-01   -2.9631e+00    1.4979e-03    2.0055e-04    8.8778e-04    2.3965e-04
   5.0000e-01    3.0000e+00    0.0000e+00   -3.1359e-01   -2.9836e+00    5.1821e-04    1.4382e-03    2.1945e-04    1.5212e-03
   5.0000e-01    3.0000e+00    0.0000e+00   -1.5701e-01   -2.9959e+00   -1.0734e-03    1.1146e-03   -1.5557e-03    8.0977e-04
   5.0000e-01    3.0000e+00    0.0000e+00    0.0000e+00   -3.0000e+00   -1.4821e-03   -5.0938e-04   -1.5106e-03   -4.8845e-04
   5.0000e-01    3.0000e+00    0.0000e+00    1.5701e-01   -2.9959e+00   -8.1925e-05   -1.5863e-03    3.4884e-04   -1.5088e-03
   5.0000e-01    3.0000e+00    0.0000e+00    3.1359e-01   -2.9836e+00    1.4736e-03   -6.5058e-04    1.8984e-03   -1.9988e-04
   5.0000e-01    3.0000e+00    0.0000e+00    4.6930e-01   -2.9631e+00    1.1151e-03    1.1960e-03    1.4031e-03    -6.9189e-05
   5.0000e-01    3.0000e+00    0.0000e+00    6.2374e-01   -2.9344e+00   -8.2346e-04    1.4429e-03   -1.2490e-03    1.5864e-03
   5.0000e-01    3.0000e+00    0.0000e+00    7.7646e-01   -2.8978e+00   -1.6427e-03   -3.9189e-04   -2.3044e-03   -5.9051e-04
   5.0000e-01    3.0000e+00    0.0000e+00    9.2705e-01   -2.8532e+00   -3.3507e-05   -1.7183e-03   -3.3666e-05   -1.7010e-03
   5.0000e-01    3.0000e+00    0.0000e+00    1.0751e+00   -2.8007e+00    1.6999e-03   -4.2065e-04    1.3055e-03    2.1265e-04
   5.0000e-01    3.0000e+00    0.0000e+00    1.2202e+00   -2.7406e+00    7.7302e-04    1.6098e-03    3.2661e-04    2.0522e-03
   5.0000e-01    3.0000e+00    0.0000e+00    1.3620e+00   -2.6730e+00   -1.4785e-03    1.0662e-03   -1.8075e-03    1.1867e-03
   5.0000e-01    3.0000e+00    0.0000e+00    1.5000e+00   -2.5981e+00   -1.3169e-03   -1.3184e-03   -1.7557e-03   -1.4935e-03
   5.0000e-01    3.0000e+00    0.0000e+00    1.6339e+00   -2.5160e+00    1.1592e-03   -1.5151e-03    7.8151e-04   -1.8377e-03
   5.0000e-01    3.0000e+00    0.0000e+00    1.7634e+00   -2.4271e+00    1.6789e-03    1.0026e-03    1.6229e-03    1.2420e-03
   5.0000e-01    3.0000e+00    0.0000e+00    1.8880e+00   -2.3314e+00   -8.5223e-04    1.8180e-03   -1.2387e-03    2.3364e-03
   5.0000e-01    3.0000e+00    0.0000e+00    2.0074e+00   -2.2294e+00   -1.9317e-03   -7.3287e-04   -2.4862e-03   -1.1568e-03
   5.0000e-01    3.0000e+00    0.0000e+00    2.1213e+00   -2.1213e+00    6.4626e-04   -2.0296e-03    6.5611e-04   -2.2178e-03
   5.0000e-01    3.0000e+00    0.0000e+00    2.2294e+00   -2.0074e+00    2.1236e-03    5.7803e-04    1.5436e-03    9.5601e-04
   5.0000e-01    3.0000e+00    0.0000e+00    2.3314e+00   -1.8880e+00   -5.2629e-04    2.2184e-03   -2.2865e-04    2.2798e-03
   5.0000e-01    3.0000e+00    0.0000e+00    2.4271e+00   -1.7634e+00   -2.3119e-03   -5.2017e-04   -2.6412e-03    3.5417e-04
   5.0000e-01    3.0000e+00    0.0000e+00    2.5160e+00   -1.6339e+00    5.5481e-04   -2.4090e-03    5.5751e-05   -1.7662e-03
   5.0000e-01    3.0000e+00    0.0000e+00    2.5981e+00   -1.5000e+00    2.5167e-03    6.1142e-04    2.6661e-03    6.9277e-04
   5.0000e-01    2.6000e+00    1.5000e+00    3.0000e+00    0.0000e+00    2.5182e-03    6.0279e-04    2.5653e-03    2.2617e-04
   5.0000e-01    2.6000e+00    1.5000e+00    1.5000e+00    2.5981e+00    2.5249e-03    5.7145e-04    2.7878e-03    4.5547e-04
   5.0000e-01    2.6000e+00    1.5000e+00    1.3620e+00    2.6730e+00    5.2353e-04   -2.4153e-03    7.2760e-04   -3.0437e-03
   5.0000e-01    2.6000e+00    1.5000e+00    1.2202e+00    2.7406e+00   -2.3185e-03   -4.8996e-04   -1.6699e-03   -7.2668e-04
   5.0000e-01    2.6000e+00    1.5000e+00    1.0751e+00    2.8007e+00   -5.0382e-04    2.2239e-03    1.1042e-04    2.1728e-03
   5.0000e-01    2.6000e+00    1.5000e+00    9.2705e-01    2.8532e+00    2.1349e-03    5.3161e-04    3.3912e-03    7.6260e-04
   5.0000e-01    2.6000e+00    1.5000e+00    7.7646e-01    2.8978e+00    6.0739e-04   -2.0407e-03    3.2898e-04   -2.4589e-03
   5.0000e-01    2.6000e+00    1.5000e+00    6.2374e-01    2.9344e+00   -1.9382e-03   -7.1461e-04   -2.1238e-03   -7.6606e-04
   5.0000e-01    2.6000e+00    1.5000e+00    4.6930e-01    2.9631e+00   -8.2701e-04    1.8294e-03   -1.3391e-03    1.5643e-03
   5.0000e-01    2.6000e+00    1.5000e+00    3.1359e-01    2.9836e+00    1.6981e-03    9.6838e-04    1.7221e-03    5.7861e-04
   5.0000e-01    2.6000e+00    1.5000e+00    1.5701e-01    2.9959e+00    1.1314e-03   -1.5352e-03    1.0749e-03   -1.2675e-03
   5.0000e-01    2.6000e+00    1.5000e+00    0.0000e+00    3.0000e+00   -1.3483e-03   -1.2855e-03   -1.7506e-03   -8.6856e-04
   5.0000e-01    2.6000e+00    1.5000e+00   -1.5701e-01    2.9959e+00   -1.4612e-03    1.0892e-03   -1.4973e-03    1.6886e-03
   5.0000e-01    2.6000e+00    1.5000e+00   -3.1359e-01    2.9836e+00    7.8773e-04    1.6019e-03    9.5116e-04    1.7420e-03
   5.0000e-01    2.6000e+00    1.5000e+00   -4.6930e-01    2.9631e+00    1.6911e-03   -4.5204e-04    1.5726e-03   -8.2186e-05
   5.0000e-01    2.6000e+00    1.5000e+00   -6.2374e-01    2.9344e+00   -6.6153e-05   -1.7170e-03    2.0228e-05   -2.1257e-03
   5.0000e-01    2.6000e+00    1.5000e+00   -7.7646e-01    2.8978e+00   -1.6494e-03   -3.5984e-04   -1.3455e-03   -3.9914e-04
   5.0000e-01    2.6000e+00    1.5000e+00   -9.2705e-01    2.8532e+00   -7.9794e-04    1.4563e-03   -3.9345e-04    1.6378e-03
   5.0000e-01    2.6000e+00    1.5000e+00   -1.0751e+00    2.8007e+00    1.1381e-03    1.1738e-03    9.4427e-04    1.2414e-03
   5.0000e-01    2.6000e+00    1.5000e+00   -1.2202e+00    2.7406e+00    1.4607e-03   -6.7889e-04    2.0327e-03   -9.3491e-04
   5.0000e-01    2.6000e+00    1.5000e+00   -1.3620e+00    2.6730e+00   -1.2656e-04   -1.5824e-03   -6.4113e-04   -1.7320e-03
   5.0000e-01    2.6000e+00    1.5000e+00   -1.5000e+00    2.5981e+00   -1.4881e-03   -4.9040e-04   -9.3927e-04   -6.2104e-05
   5.0000e-01    2.6000e+00    1.5000e+00   -1.6339e+00    2.5160e+00   -1.0478e-03    1.1377e-03   -5.7211e-04    1.8323e-04
   5.0000e-01    2.6000e+00    1.5000e+00   -1.7634e+00    2.4271e+00    5.6453e-04    1.4198e-03    5.8383e-04    9.6774e-04
   5.0000e-01    2.6000e+00    1.5000e+00   -1.8880e+00    2.3314e+00    1.5025e-03    1.5483e-04    1.5178e-03   -5.8792e-04
   5.0000e-01    2.6000e+00    1.5000e+00   -2.0074e+00    2.2294e+00    8.8005e-04   -1.2074e-03    8.2526e-04   -2.0470e-03
   5.0000e-01    2.6000e+00    1.5000e+00   -2.1213e+00    2.1213e+00   -5.5625e-04   -1.3704e-03    2.5227e-04   -1.8274e-03
   5.0000e-01    2.6000e+00    1.5000e+00   -2.2294e+00    2.0074e+00   -1.4371e-03   -2.8278e-04   -1.7015e-03   -1.2398e-03
   5.0000e-01    2.6000e+00    1.5000e+00   -2.3314e+00    1.8880e+00   -1.0509e-03    1.0002e-03   -8.8117e-04    6.6246e-04
   5.0000e-01    2.6000e+00    1.5000e+00   -2.4271e+00    1.7634e+00    1.3889e-04    1.4315e-03    2.9441e-04    1.0033e-03
   5.0000e-01    2.6000e+00    1.5000e+00   -2.5160e+00    1.6339e+00    1.1783e-03    8.0437e-04    6.6706e-04    1.0668e-05
   5.0000e-01    2.6000e+00    1.5000e+00   -2.5981e+00    1.5000e+00    1.3726e-03   -3.4526e-04    6.6142e-04   -9.8643e-04
   5.0000e-01    2.6000e+00    1.5000e+00   -2.6730e+00    1.3620e+00    6.9868e-04   -1.2190e-03    4.1188e-04   -1.8522e-03
   5.0000e-01    2.6000e+00    1.5000e+00   -2.7406e+00    1.2202e+00   -3.3739e-04   -1.3542e-03   -8.3641e-04   -1.4520e-03
   5.0000e-01    2.6000e+00    1.5000e+00   -2.8007e+00    1.0751e+00   -1.1440e-03   -7.8363e-04   -1.9564e-03   -7.0761e-04
   5.0000e-01    2.6000e+00    1.5000e+00   -2.8532e+00    9.2705e-01   -1.3726e-03    1.2285e-04   -1.9053e-03    9.6711e-05
   5.0000e-01    2.6000e+00    1.5000e+00   -2.8978e+00    7.7646e-01   -1.0105e-03    9.2567e-04   -1.7016e-03    9.4680e-04
   5.0000e-01    2.6000e+00    1.5000e+00   -2.9344e+00    6.2374e-01   -3.0380e-04    1.3292e-03   -1.2593e-03    1.1131e-03
   5.0000e-01    2.6000e+00    1.5000e+00   -2.9631e+00    4.6930e-01    4.6082e-04    1.2760e-03   -4.1436e-05    1.7936e-03
   5.0000e-01    2.6000e+00    1.5000e+00   -2.9836e+00    3.1359e-01    1.0333e-03    8.7002e-04    4.5175e-04    1.3645e-03
   5.0000e-01    2.6000e+00    1.5000e+00   -2.9959e+00    1.5701e-01    1.3156e-03    2.8222e-04    8.5346e-04    4.3427e-04
   5.0000e-01    2.6000e+00    1.5000e+00   -3.0000e+00    0.0000e+00    1.3004e-03   -3.2533e-04    1.0716e-03    3.3857e-04
   5.0000e-01    2.6000e+00    1.5000e+00   -2.9959e+00   -1.5701e-01    1.0729e-03   -7.9643e-04    7.5038e-04   -3.9589e-04
   5.0000e-01    2.6000e+00    1.5000e+00   -2.9836e+00   -3.1359e-01    7.2163e-04   -1.1196e-03    6.3483e-04   -3.7624e-04
   5.0000e-01    2.6000e+00    1.5000e+00   -2.9631e+00   -4.6930e-01    3.2275e-04   -1.2887e-03    6.6818e-05   -4.6059e-04
   5.0000e-01    2.6000e+00    1.5000e+00   -2.9344e+00   -6.2374e-01   -4.4490e-05   -1.3249e-03    4.7887e-04   -4.8257e-04
   5.0000e-01    2.6000e+00    1.5000e+00   -2.8978e+00   -7.7646e-01   -3.5589e-04   -1.2742e-03    3.2919e-05   -3.8291e-04
   5.0000e-01    2.6000e+00    1.5000e+00   -2.8532e+00   -9.2705e-01   -5.8517e-04   -1.1844e-03    -2.5888e-04   -6.4251e-04
   5.0000e-01    2.6000e+00    1.5000e+00   -2.8007e+00   -1.0751e+00   -7.5739e-04   -1.0808e-03    3.4876e-04   -7.3466e-04
   5.0000e-01    2.6000e+00    1.5000e+00   -2.7406e+00   -1.2202e+00   -8.6842e-04   -9.9226e-04    -1.9421e-04   -3.8295e-04
   5.0000e-01    2.6000e+00    1.5000e+00   -2.6730e+00   -1.3620e+00   -9.3393e-04   -9.2945e-04    2.4304e-04   -6.3370e-04
   5.0000e-01    2.6000e+00    1.5000e+00   -2.5981e+00   -1.5000e+00   -9.5032e-04   -9.1263e-04    -2.0449e-04   -4.9574e-04
   5.0000e-01    2.6000e+00    1.5000e+00   -2.5160e+00   -1.6339e+00   -9.2580e-04   -9.3803e-04    5.8108e-04   -2.3858e-04
   5.0000e-01    2.6000e+00    1.5000e+00   -2.4271e+00   -1.7634e+00   -8.6831e-04   -9.9206e-04   -1.8428e-04   -1.6645e-04
   5.0000e-01    2.6000e+00    1.5000e+00   -2.3314e+00   -1.8880e+00   -7.6520e-04   -1.0749e-03    3.2327e-04   -1.0314e-03
   5.0000e-01    2.6000e+00    1.5000e+00   -2.2294e+00   -2.0074e+00   -5.8581e-04   -1.1844e-03    -3.0371e-04   -3.3016e-04
   5.0000e-01    2.6000e+00    1.5000e+00   -2.1213e+00   -2.1213e+00   -3.3918e-04   -1.2793e-03    -3.6967e-05   -1.0104e-03
   5.0000e-01    2.6000e+00    1.5000e+00   -2.0074e+00   -2.2294e+00   -3.7765e-05   -1.3252e-03    9.3463e-05   -4.9909e-04
   5.0000e-01    2.6000e+00    1.5000e+00   -1.8880e+00   -2.3314e+00    3.1783e-04   -1.2901e-03    6.6589e-04    1.6551e-04
   5.0000e-01    2.6000e+00    1.5000e+00   -1.7634e+00   -2.4271e+00    7.1905e-04   -1.1216e-03    2.1302e-04   -8.8389e-04
   5.0000e-01    2.6000e+00    1.5000e+00   -1.6339e+00   -2.5160e+00    1.0785e-03   -7.8904e-04    5.7009e-04    3.0357e-04
   5.0000e-01    2.6000e+00    1.5000e+00   -1.5000e+00   -2.5981e+00    1.3052e-03   -3.0681e-04    7.7072e-04    -1.0743e-04
   5.0000e-01    2.6000e+00    1.5000e+00   -1.3620e+00   -2.6730e+00    1.3155e-03    2.8246e-04    1.2620e-03    7.3636e-04
   5.0000e-01    2.6000e+00    1.5000e+00   -1.2202e+00   -2.7406e+00    1.0287e-03    8.7632e-04    9.7346e-04    1.6372e-03
   5.0000e-01    2.6000e+00    1.5000e+00   -1.0751e+00   -2.8007e+00    4.4779e-04    1.2814e-03   -3.1726e-04    2.2453e-03
   5.0000e-01    2.6000e+00    1.5000e+00   -9.2705e-01   -2.8532e+00   -3.2064e-04    1.3256e-03   -6.2539e-04    2.4580e-03
   5.0000e-01    2.6000e+00    1.5000e+00   -7.7646e-01   -2.8978e+00   -1.0206e-03    9.1513e-04   -1.7914e-03    1.3560e-03
   5.0000e-01    2.6000e+00    1.5000e+00   -6.2374e-01   -2.9344e+00   -1.3743e-03    1.0938e-04   -1.4964e-03    9.9022e-04
   5.0000e-01    2.6000e+00    1.5000e+00   -4.6930e-01   -2.9631e+00   -1.1355e-03   -7.9642e-04   -1.6791e-03   -6.7807e-04
   5.0000e-01    2.6000e+00    1.5000e+00   -3.1359e-01   -2.9836e+00   -3.1029e-04   -1.3610e-03   -1.2918e-03   -1.5297e-03
   5.0000e-01    2.6000e+00    1.5000e+00   -1.5701e-01   -2.9959e+00    7.2073e-04   -1.2068e-03    -2.0231e-04   -1.0278e-03
   5.0000e-01    2.6000e+00    1.5000e+00    0.0000e+00   -3.0000e+00    1.3751e-03   -3.3753e-04    4.3019e-04    8.3081e-05
   5.0000e-01    2.6000e+00    1.5000e+00    1.5701e-01   -2.9959e+00    1.1688e-03    8.1876e-04    -2.1344e-04    6.0314e-04
   5.0000e-01    2.6000e+00    1.5000e+00    3.1359e-01   -2.9836e+00    1.1750e-04    1.4338e-03   -5.4098e-04    1.6187e-03
   5.0000e-01    2.6000e+00    1.5000e+00    4.6930e-01   -2.9631e+00   -1.0709e-03    9.7946e-04   -1.2534e-03    4.2297e-04
   5.0000e-01    2.6000e+00    1.5000e+00    6.2374e-01   -2.9344e+00   -1.4321e-03   -3.0858e-04   -1.6715e-03   -8.9071e-04
   5.0000e-01    2.6000e+00    1.5000e+00    7.7646e-01   -2.8978e+00   -5.4772e-04   -1.3739e-03   -7.2652e-04   -2.1006e-03
   5.0000e-01    2.6000e+00    1.5000e+00    9.2705e-01   -2.8532e+00    8.9316e-04   -1.1982e-03    6.8985e-04   -1.0523e-03
   5.0000e-01    2.6000e+00    1.5000e+00    1.0751e+00   -2.8007e+00    1.4993e-03    1.8826e-04    1.9929e-03    1.3842e-04
   5.0000e-01    2.6000e+00    1.5000e+00    1.2202e+00   -2.7406e+00    5.4229e-04    1.4291e-03    -3.1278e-05    7.6748e-04
   5.0000e-01    2.6000e+00    1.5000e+00    1.3620e+00   -2.6730e+00   -1.0600e-03    1.1265e-03   -1.5899e-03    4.0527e-04
   5.0000e-01    2.6000e+00    1.5000e+00    1.5000e+00   -2.5981e+00   -1.4816e-03   -5.0914e-04   -2.2886e-03   -1.2481e-03
   5.0000e-01    2.6000e+00    1.5000e+00    1.6339e+00   -2.5160e+00   -9.1230e-05   -1.5855e-03    1.2367e-04   -1.3066e-03
   5.0000e-01    2.6000e+00    1.5000e+00    1.7634e+00   -2.4271e+00    1.4697e-03   -6.5840e-04    1.4540e-03   -1.0677e-03
   5.0000e-01    2.6000e+00    1.5000e+00    1.8880e+00   -2.3314e+00    1.1270e-03    1.1839e-03    1.2109e-03    1.9006e-04
   5.0000e-01    2.6000e+00    1.5000e+00    2.0074e+00   -2.2294e+00   -8.0761e-04    1.4513e-03   -1.2286e-03    1.3541e-03
   5.0000e-01    2.6000e+00    1.5000e+00    2.1213e+00   -2.1213e+00   -1.6422e-03   -3.9365e-04   -1.8090e-03   -8.3787e-04
   5.0000e-01    2.6000e+00    1.5000e+00    2.2294e+00   -2.0074e+00   -3.1695e-05   -1.7180e-03    2.2826e-04   -2.6310e-03
   5.0000e-01    2.6000e+00    1.5000e+00    2.3314e+00   -1.8880e+00    1.6948e-03   -4.3737e-04    2.1166e-03   -8.9001e-04
   5.0000e-01    2.6000e+00    1.5000e+00    2.4271e+00   -1.7634e+00    7.7948e-04    1.6058e-03    1.0481e-03    1.5111e-03
   5.0000e-01    2.6000e+00    1.5000e+00    2.5160e+00   -1.6339e+00   -1.4775e-03    1.0672e-03   -1.0897e-03    1.3871e-03
   5.0000e-01    2.6000e+00    1.5000e+00    2.5981e+00   -1.5000e+00   -1.3162e-03   -1.3193e-03   -1.4835e-03   -1.0015e-03
   5.0000e-01    2.6000e+00    1.5000e+00    2.6730e+00   -1.3620e+00    1.1473e-03   -1.5231e-03    1.5681e-03   -9.5903e-04
   5.0000e-01    2.6000e+00    1.5000e+00    2.7406e+00   -1.2202e+00    1.6790e-03    1.0031e-03    1.7775e-03    1.5094e-03
   5.0000e-01    2.6000e+00    1.5000e+00    2.8007e+00   -1.0751e+00   -8.5948e-04    1.8151e-03   -2.8892e-04    1.7567e-03
   5.0000e-01    2.6000e+00    1.5000e+00    2.8532e+00   -9.2705e-01   -1.9241e-03   -7.5239e-04   -1.2445e-03   -7.9021e-04
   5.0000e-01    2.6000e+00    1.5000e+00    2.8978e+00   -7.7646e-01    6.4339e-04   -2.0301e-03    1.2881e-03   -1.9904e-03
   5.0000e-01    2.6000e+00    1.5000e+00    2.9344e+00   -6.2374e-01    2.1253e-03    5.7127e-04    2.4648e-03    6.4583e-04
   5.0000e-01    2.6000e+00    1.5000e+00    2.9631e+00   -4.6930e-01   -5.4452e-04    2.2146e-03    7.7416e-05    2.2031e-03
   5.0000e-01    2.6000e+00    1.5000e+00    2.9836e+00   -3.1359e-01   -2.3052e-03   -5.5173e-04   -1.8855e-03   -3.5329e-04
   5.0000e-01    2.6000e+00    1.5000e+00    2.9959e+00   -1.5701e-01    5.6829e-04   -2.4061e-03    4.2258e-04   -2.1255e-03
   5.0000e-01    1.5000e+00    2.6000e+00    3.0000e+00    0.0000e+00   -1.3483e-03   -1.2855e-03   -7.5338e-04   -1.2709e-03
   5.0000e-01    1.5000e+00    2.6000e+00    2.9959e+00    1.5701e-01    1.1314e-03   -1.5352e-03    1.3746e-03   -2.0619e-03
   5.0000e-01    1.5000e+00    2.6000e+00    2.9836e+00    3.1359e-01    1.6981e-03    9.6838e-04    2.2863e-03    1.5261e-04
   5.0000e-01    1.5000e+00    2.6000e+00    2.9631e+00    4.6930e-01   -8.2701e-04    1.8294e-03   -6.0231e-04    2.0669e-03
   5.0000e-01    1.5000e+00    2.6000e+00    2.9344e+00    6.2374e-01   -1.9382e-03   -7.1461e-04   -1.9580e-03   -8.4817e-04
   5.0000e-01    1.5000e+00    2.6000e+00    2.8978e+00    7.7646e-01    6.0739e-04   -2.0407e-03    6.2658e-04   -2.1287e-03
   5.0000e-01    1.5000e+00    2.6000e+00    2.8532e+00    9.2705e-01    2.1349e-03    5.3161e-04    1.9678e-03    9.1270e-05
   5.0000e-01    1.5000e+00    2.6000e+00    2.8007e+00    1.0751e+00   -5.0382e-04    2.2239e-03   -3.4405e-04    2.0053e-03
   5.0000e-01    1.5000e+00    2.6000e+00    2.7406e+00    1.2202e+00   -2.3185e-03   -4.8996e-04   -2.4865e-03   -1.5769e-04
   5.0000e-01    1.5000e+00    2.6000e+00    2.6730e+00    1.3620e+00    5.2353e-04   -2.4153e-03    1.1029e-03   -2.7227e-03
   5.0000e-01    1.5000e+00    2.6000e+00    2.5981e+00    1.5000e+00    2.5249e-03    5.7145e-04    3.5477e-03    5.0142e-04
   5.0000e-01    1.5000e+00    2.6000e+00    0.0000e+00    3.0000e+00    2.5182e-03    6.0279e-04    2.3912e-03    5.3806e-04
   5.0000e-01    1.5000e+00    2.6000e+00   -1.5701e-01    2.9959e+00    5.6829e-04   -2.4061e-03    8.9433e-04   -2.5104e-03
   5.0000e-01    1.5000e+00    2.6000e+00   -3.1359e-01    2.9836e+00   -2.3052e-03   -5.5173e-04   -2.9380e-03   -6.6524e-04
   5.0000e-01    1.5000e+00    2.6000e+00   -4.6930e-01    2.9631e+00   -5.4452e-04    2.2146e-03   -6.7880e-04    2.0822e-03
   5.0000e-01    1.5000e+00    2.6000e+00   -6.2374e-01    2.9344e+00    2.1253e-03    5.7127e-04    1.5860e-03    1.8545e-04
   5.0000e-01    1.5000e+00    2.6000e+00   -7.7646e-01    2.8978e+00    6.4339e-04   -2.0301e-03    -2.9483e-04   -1.9379e-03
   5.0000e-01    1.5000e+00    2.6000e+00   -9.2705e-01    2.8532e+00   -1.9241e-03   -7.5239e-04   -2.5871e-03   -1.0388e-03
   5.0000e-01    1.5000e+00    2.6000e+00   -1.0751e+00    2.8007e+00   -8.5948e-04    1.8151e-03   -1.0759e-03    2.1514e-03
   5.0000e-01    1.5000e+00    2.6000e+00   -1.2202e+00    2.7406e+00    1.6790e-03    1.0031e-03    8.9588e-04    8.4405e-04
   5.0000e-01    1.5000e+00    2.6000e+00   -1.3620e+00    2.6730e+00    1.1473e-03   -1.5231e-03    5.7589e-04   -1.3761e-03
   5.0000e-01    1.5000e+00    2.6000e+00   -1.5000e+00    2.5981e+00   -1.3162e-03   -1.3193e-03   -2.1199e-03   -1.6404e-03
   5.0000e-01    1.5000e+00    2.6000e+00   -1.6339e+00    2.5160e+00   -1.4775e-03    1.0672e-03   -1.7588e-03    8.0221e-04
   5.0000e-01    1.5000e+00    2.6000e+00   -1.7634e+00    2.4271e+00    7.7948e-04    1.6058e-03    7.7680e-06    1.5342e-03
   5.0000e-01    1.5000e+00    2.6000e+00   -1.8880e+00    2.3314e+00    1.6948e-03   -4.3737e-04    9.9622e-04   -6.1964e-04
   5.0000e-01    1.5000e+00    2.6000e+00   -2.0074e+00    2.2294e+00   -3.1695e-05   -1.7180e-03    9.3384e-05   -1.8913e-03
   5.0000e-01    1.5000e+00    2.6000e+00   -2.1213e+00    2.1213e+00   -1.6422e-03   -3.9365e-04   -1.9579e-03   -6.9245e-04
   5.0000e-01    1.5000e+00    2.6000e+00   -2.2294e+00    2.0074e+00   -8.0761e-04    1.4513e-03   -1.5433e-03    1.3668e-03
   5.0000e-01    1.5000e+00    2.6000e+00   -2.3314e+00    1.8880e+00    1.1270e-03    1.1839e-03    1.3600e-03    1.4741e-03
   5.0000e-01    1.5000e+00    2.6000e+00   -2.4271e+00    1.7634e+00    1.4697e-03   -6.5840e-04    2.4296e-03   -9.1926e-04
   5.0000e-01    1.5000e+00    2.6000e+00   -2.5160e+00    1.6339e+00   -9.1230e-05   -1.5855e-03    1.2089e-05   -2.1215e-03
   5.0000e-01    1.5000e+00    2.6000e+00   -2.5981e+00    1.5000e+00   -1.4816e-03   -5.0914e-04   -7.2434e-04   -2.9091e-04
   5.0000e-01    1.5000e+00    2.6000e+00   -2.6730e+00    1.3620e+00   -1.0600e-03    1.1265e-03   -5.5289e-04    1.2289e-03
   5.0000e-01    1.5000e+00    2.6000e+00   -2.7406e+00    1.2202e+00    5.4229e-04    1.4291e-03    7.1778e-04    4.5481e-04
   5.0000e-01    1.5000e+00    2.6000e+00   -2.8007e+00    1.0751e+00    1.4993e-03    1.8826e-04    2.2017e-03    3.7216e-04
   5.0000e-01    1.5000e+00    2.6000e+00   -2.8532e+00    9.2705e-01    8.9316e-04   -1.1982e-03    1.2696e-03   -1.5175e-03
   5.0000e-01    1.5000e+00    2.6000e+00   -2.8978e+00    7.7646e-01   -5.4772e-04   -1.3739e-03    5.1475e-05   -1.2848e-03
   5.0000e-01    1.5000e+00    2.6000e+00   -2.9344e+00    6.2374e-01   -1.4321e-03   -3.0858e-04   -1.0760e-03   -7.1457e-04
   5.0000e-01    1.5000e+00    2.6000e+00   -2.9631e+00    4.6930e-01   -1.0709e-03    9.7946e-04   -1.2040e-03    9.1380e-04
   5.0000e-01    1.5000e+00    2.6000e+00   -2.9836e+00    3.1359e-01    1.1750e-04    1.4338e-03    3.0747e-04    9.9601e-04
   5.0000e-01    1.5000e+00    2.6000e+00   -2.9959e+00    1.5701e-01    1.1688e-03    8.1876e-04    1.9624e-03    5.3389e-04
   5.0000e-01    1.5000e+00    2.6000e+00   -3.0000e+00    0.0000e+00    1.3751e-03   -3.3753e-04    1.4796e-03   -4.5466e-04
   5.0000e-01    1.5000e+00    2.6000e+00   -2.9959e+00   -1.5701e-01    7.2073e-04   -1.2068e-03    1.3142e-03   -1.7794e-03
   5.0000e-01    1.5000e+00    2.6000e+00   -2.9836e+00   -3.1359e-01   -3.1029e-04   -1.3610e-03   -3.5522e-04   -2.2105e-03
   5.0000e-01    1.5000e+00    2.6000e+00   -2.9631e+00   -4.6930e-01   -1.1355e-03   -7.9642e-04   -7.9889e-04   -1.1498e-03
   5.0000e-01    1.5000e+00    2.6000e+00   -2.9344e+00   -6.2374e-01   -1.3743e-03    1.0938e-04   -1.3958e-03   -3.9184e-04
   5.0000e-01    1.5000e+00    2.6000e+00   -2.8978e+00   -7.7646e-01   -1.0206e-03    9.1513e-04   -4.9453e-04    1.9194e-04
   5.0000e-01    1.5000e+00    2.6000e+00   -2.8532e+00   -9.2705e-01   -3.2064e-04    1.3256e-03   -6.5942e-04    3.7404e-04
   5.0000e-01    1.5000e+00    2.6000e+00   -2.8007e+00   -1.0751e+00    4.4779e-04    1.2814e-03    6.6681e-04    7.0619e-04
   5.0000e-01    1.5000e+00    2.6000e+00   -2.7406e+00   -1.2202e+00    1.0287e-03    8.7632e-04    1.0553e-03    -1.3814e-04
   5.0000e-01    1.5000e+00    2.6000e+00   -2.6730e+00   -1.3620e+00    1.3155e-03    2.8246e-04    1.3759e-03   -2.6017e-04
   5.0000e-01    1.5000e+00    2.6000e+00   -2.5981e+00   -1.5000e+00    1.3052e-03   -3.0681e-04    1.2360e-03   -1.0446e-03
   5.0000e-01    1.5000e+00    2.6000e+00   -2.5160e+00   -1.6339e+00    1.0785e-03   -7.8904e-04    1.1725e-03   -1.2454e-03
   5.0000e-01    1.5000e+00    2.6000e+00   -2.4271e+00   -1.7634e+00    7.1905e-04   -1.1216e-03    5.0890e-04   -1.7077e-03
   5.0000e-01    1.5000e+00    2.6000e+00   -2.3314e+00   -1.8880e+00    3.1783e-04   -1.2901e-03    -2.9429e-04   -1.4157e-03
   5.0000e-01    1.5000e+00    2.6000e+00   -2.2294e+00   -2.0074e+00   -3.7765e-05   -1.3252e-03   -4.6973e-05   -9.6347e-04
   5.0000e-01    1.5000e+00    2.6000e+00   -2.1213e+00   -2.1213e+00   -3.3918e-04   -1.2793e-03   -9.0931e-04   -1.2473e-03
   5.0000e-01    1.5000e+00    2.6000e+00   -2.0074e+00   -2.2294e+00   -5.8581e-04   -1.1844e-03   -2.9559e-04   -1.3059e-03
   5.0000e-01    1.5000e+00    2.6000e+00   -1.8880e+00   -2.3314e+00   -7.6520e-04   -1.0749e-03   -4.9763e-04   -7.0900e-04
   5.0000e-01    1.5000e+00    2.6000e+00   -1.7634e+00   -2.4271e+00   -8.6831e-04   -9.9206e-04   -5.8154e-04   -6.8134e-04
   5.0000e-01    1.5000e+00    2.6000e+00   -1.6339e+00   -2.5160e+00   -9.2580e-04   -9.3803e-04   -1.9527e-03   -4.0964e-04
   5.0000e-01    1.5000e+00    2.6000e+00   -1.5000e+00   -2.5981e+00   -9.5032e-04   -9.1263e-04   -8.3451e-04   -5.8773e-04
   5.0000e-01    1.5000e+00    2.6000e+00   -1.3620e+00   -2.6730e+00   -9.3393e-04   -9.2945e-04   -1.3366e-03   -1.0318e-04
   5.0000e-01    1.5000e+00    2.6000e+00   -1.2202e+00   -2.7406e+00   -8.6842e-04   -9.9226e-04   -6.9272e-04    2.4349e-04
   5.0000e-01    1.5000e+00    2.6000e+00   -1.0751e+00   -2.8007e+00   -7.5739e-04   -1.0808e-03   -1.0355e-03    3.1064e-05
   5.0000e-01    1.5000e+00    2.6000e+00   -9.2705e-01   -2.8532e+00   -5.8517e-04   -1.1844e-03   -6.0518e-04   -6.6965e-04
   5.0000e-01    1.5000e+00    2.6000e+00   -7.7646e-01   -2.8978e+00   -3.5589e-04   -1.2742e-03   -2.3295e-04   -2.9492e-04
   5.0000e-01    1.5000e+00    2.6000e+00   -6.2374e-01   -2.9344e+00   -4.4490e-05   -1.3249e-03   -3.1486e-04   -1.3308e-04
   5.0000e-01    1.5000e+00    2.6000e+00   -4.6930e-01   -2.9631e+00    3.2275e-04   -1.2887e-03    2.1715e-04   -1.1268e-03
   5.0000e-01    1.5000e+00    2.6000e+00   -3.1359e-01   -2.9836e+00    7.2163e-04   -1.1196e-03    1.8099e-04   -1.9353e-04
   5.0000e-01    1.5000e+00    2.6000e+00   -1.5701e-01   -2.9959e+00    1.0729e-03   -7.9643e-04    7.2026e-04   -2.6780e-04
   5.0000e-01    1.5000e+00    2.6000e+00    0.0000e+00   -3.0000e+00    1.3004e-03   -3.2533e-04    1.1685e-03    8.0848e-05
   5.0000e-01    1.5000e+00    2.6000e+00    1.5701e-01   -2.9959e+00    1.3156e-03    2.8222e-04    1.4752e-03    5.0292e-04
   5.0000e-01    1.5000e+00    2.6000e+00    3.1359e-01   -2.9836e+00    1.0333e-03    8.7002e-04    4.4692e-04    3.9608e-04
   5.0000e-01    1.5000e+00    2.6000e+00    4.6930e-01   -2.9631e+00    4.6082e-04    1.2760e-03    2.2048e-04    1.4703e-03
   5.0000e-01    1.5000e+00    2.6000e+00    6.2374e-01   -2.9344e+00   -3.0380e-04    1.3292e-03   -6.8102e-05    1.3193e-03
   5.0000e-01    1.5000e+00    2.6000e+00    7.7646e-01   -2.8978e+00   -1.0105e-03    9.2567e-04   -8.4894e-04    1.0167e-03
   5.0000e-01    1.5000e+00    2.6000e+00    9.2705e-01   -2.8532e+00   -1.3726e-03    1.2285e-04   -9.6213e-04    -7.1205e-05
   5.0000e-01    1.5000e+00    2.6000e+00    1.0751e+00   -2.8007e+00   -1.1440e-03   -7.8363e-04   -1.4738e-03   -4.3335e-04
   5.0000e-01    1.5000e+00    2.6000e+00    1.2202e+00   -2.7406e+00   -3.3739e-04   -1.3542e-03   -9.5528e-05   -9.7875e-04
   5.0000e-01    1.5000e+00    2.6000e+00    1.3620e+00   -2.6730e+00    6.9868e-04   -1.2190e-03    6.6231e-05   -7.8349e-04
   5.0000e-01    1.5000e+00    2.6000e+00    1.5000e+00   -2.5981e+00    1.3726e-03   -3.4526e-04    1.2265e-03   -8.8728e-04
   5.0000e-01    1.5000e+00    2.6000e+00    1.6339e+00   -2.5160e+00    1.1783e-03    8.0437e-04    8.6148e-04    7.0208e-04
   5.0000e-01    1.5000e+00    2.6000e+00    1.7634e+00   -2.4271e+00    1.3889e-04    1.4315e-03    -2.3575e-04    1.9113e-03
   5.0000e-01    1.5000e+00    2.6000e+00    1.8880e+00   -2.3314e+00   -1.0509e-03    1.0002e-03   -9.2451e-04    1.4294e-03
   5.0000e-01    1.5000e+00    2.6000e+00    2.0074e+00   -2.2294e+00   -1.4371e-03   -2.8278e-04   -1.7788e-03   -8.2782e-04
   5.0000e-01    1.5000e+00    2.6000e+00    2.1213e+00   -2.1213e+00   -5.5625e-04   -1.3704e-03   -3.9621e-04   -1.2898e-03
   5.0000e-01    1.5000e+00    2.6000e+00    2.2294e+00   -2.0074e+00    8.8005e-04   -1.2074e-03    1.2170e-03   -8.7505e-04
   5.0000e-01    1.5000e+00    2.6000e+00    2.3314e+00   -1.8880e+00    1.5025e-03    1.5483e-04    1.6199e-03    5.7098e-04
   5.0000e-01    1.5000e+00    2.6000e+00    2.4271e+00   -1.7634e+00    5.6453e-04    1.4198e-03    6.7764e-04    1.6614e-03
   5.0000e-01    1.5000e+00    2.6000e+00    2.5160e+00   -1.6339e+00   -1.0478e-03    1.1377e-03   -2.4612e-04    1.7946e-03
   5.0000e-01    1.5000e+00    2.6000e+00    2.5981e+00   -1.5000e+00   -1.4881e-03   -4.9040e-04   -1.7416e-03   -8.2077e-04
   5.0000e-01    1.5000e+00    2.6000e+00    2.6730e+00   -1.3620e+00   -1.2656e-04   -1.5824e-03    4.7545e-04   -1.4934e-03
   5.0000e-01    1.5000e+00    2.6000e+00    2.7406e+00   -1.2202e+00    1.4607e-03   -6.7889e-04    1.5353e-03   -6.0415e-04
   5.0000e-01    1.5000e+00    2.6000e+00    2.8007e+00   -1.0751e+00    1.1381e-03    1.1738e-03    1.3669e-03    1.2636e-03
   5.0000e-01    1.5000e+00    2.6000e+00    2.8532e+00   -9.2705e-01   -7.9794e-04    1.4563e-03   -1.1160e-03    1.0362e-03
   5.0000e-01    1.5000e+00    2.6000e+00    2.8978e+00   -7.7646e-01   -1.6494e-03   -3.5984e-04   -2.4036e-03   -5.6421e-04
   5.0000e-01    1.5000e+00    2.6000e+00    2.9344e+00   -6.2374e-01   -6.6153e-05   -1.7170e-03    4.4108e-04   -1.9343e-03
   5.0000e-01    1.5000e+00    2.6000e+00    2.9631e+00   -4.6930e-01    1.6911e-03   -4.5204e-04    1.7481e-03   -8.4400e-06
   5.0000e-01    1.5000e+00    2.6000e+00    2.9836e+00   -3.1359e-01    7.8773e-04    1.6019e-03    1.3119e-03    1.3827e-03
   5.0000e-01    1.5000e+00    2.6000e+00    2.9959e+00   -1.5701e-01   -1.4612e-03    1.0892e-03   -1.1460e-03    8.6125e-04
   5.0000e-01    0.0000e+00    3.0000e+00    3.0000e+00    0.0000e+00   -1.4821e-03   -5.0938e-04   -1.7476e-03   -1.4453e-04
   5.0000e-01    0.0000e+00    3.0000e+00    2.9959e+00    1.5701e-01   -8.1925e-05   -1.5863e-03    3.3594e-04   -1.7797e-03
   5.0000e-01    0.0000e+00    3.0000e+00    2.9836e+00    3.1359e-01    1.4736e-03   -6.5058e-04    1.8789e-03   -3.4401e-04
   5.0000e-01    0.0000e+00    3.0000e+00    2.9631e+00    4.6930e-01    1.1151e-03    1.1960e-03    1.4570e-03    1.0997e-03
   5.0000e-01    0.0000e+00    3.0000e+00    2.9344e+00    6.2374e-01   -8.2346e-04    1.4429e-03   -6.5470e-04    1.8373e-03
   5.0000e-01    0.0000e+00    3.0000e+00    2.8978e+00    7.7646e-01   -1.6427e-03   -3.9189e-04   -1.1982e-03   -1.5812e-04
   5.0000e-01    0.0000e+00    3.0000e+00    2.8532e+00    9.2705e-01   -3.3507e-05   -1.7183e-03    -2.9003e-04   -1.2511e-03
   5.0000e-01    0.0000e+00    3.0000e+00    2.8007e+00    1.0751e+00    1.6999e-03   -4.2065e-04    2.2124e-03   -3.2276e-04
   5.0000e-01    0.0000e+00    3.0000e+00    2.7406e+00    1.2202e+00    7.7302e-04    1.6098e-03    9.8144e-04    2.2633e-03
   5.0000e-01    0.0000e+00    3.0000e+00    2.6730e+00    1.3620e+00   -1.4785e-03    1.0662e-03   -1.1176e-03    1.7881e-03
   5.0000e-01    0.0000e+00    3.0000e+00    2.5981e+00    1.5000e+00   -1.3169e-03   -1.3184e-03   -1.2696e-03   -6.1948e-04
   5.0000e-01    0.0000e+00    3.0000e+00    2.5160e+00    1.6339e+00    1.1592e-03   -1.5151e-03    1.5465e-03   -1.6560e-03
   5.0000e-01    0.0000e+00    3.0000e+00    2.4271e+00    1.7634e+00    1.6789e-03    1.0026e-03    1.6670e-03    1.1822e-03
   5.0000e-01    0.0000e+00    3.0000e+00    2.3314e+00    1.8880e+00   -8.5223e-04    1.8180e-03   -1.2427e-03    1.7451e-03
   5.0000e-01    0.0000e+00    3.0000e+00    2.2294e+00    2.0074e+00   -1.9317e-03   -7.3287e-04   -2.8133e-03   -4.9250e-04
   5.0000e-01    0.0000e+00    3.0000e+00    2.1213e+00    2.1213e+00    6.4626e-04   -2.0296e-03    7.5285e-04   -1.6824e-03
   5.0000e-01    0.0000e+00    3.0000e+00    2.0074e+00    2.2294e+00    2.1236e-03    5.7803e-04    2.3916e-03    2.6708e-04
   5.0000e-01    0.0000e+00    3.0000e+00    1.8880e+00    2.3314e+00   -5.2629e-04    2.2184e-03   -8.0050e-04    2.6349e-03
   5.0000e-01    0.0000e+00    3.0000e+00    1.7634e+00    2.4271e+00   -2.3119e-03   -5.2017e-04   -2.1521e-03   -9.3262e-04
   5.0000e-01    0.0000e+00    3.0000e+00    1.6339e+00    2.5160e+00    5.5481e-04   -2.4090e-03    -4.9636e-04   -2.6570e-03
   5.0000e-01    0.0000e+00    3.0000e+00    1.5000e+00    2.5981e+00    2.5167e-03    6.1142e-04    1.9262e-03    4.6234e-04
   5.0000e-01    0.0000e+00    3.0000e+00   -1.5000e+00    2.5981e+00    2.5167e-03    6.1142e-04    2.6452e-03    -6.9971e-05
   5.0000e-01    0.0000e+00    3.0000e+00   -1.6339e+00    2.5160e+00    5.5481e-04   -2.4090e-03    4.3275e-04   -3.0049e-03
   5.0000e-01    0.0000e+00    3.0000e+00   -1.7634e+00    2.4271e+00   -2.3119e-03   -5.2017e-04   -1.6576e-03   -6.5439e-04
   5.0000e-01    0.0000e+00    3.0000e+00   -1.8880e+00    2.3314e+00   -5.2629e-04    2.2184e-03   -5.7656e-04    1.7226e-03
   5.0000e-01    0.0000e+00    3.0000e+00   -2.0074e+00    2.2294e+00    2.1236e-03    5.7803e-04    1.1641e-03    1.4230e-04
   5.0000e-01    0.0000e+00    3.0000e+00   -2.1213e+00    2.1213e+00    6.4626e-04   -2.0296e-03    1.1623e-04   -1.6748e-03
   5.0000e-01    0.0000e+00    3.0000e+00   -2.2294e+00    2.0074e+00   -1.9317e-03   -7.3287e-04   -2.5099e-03   -4.5138e-04
   5.0000e-01    0.0000e+00    3.0000e+00   -2.3314e+00    1.8880e+00   -8.5223e-04    1.8180e-03   -8.5280e-04    1.8219e-03
   5.0000e-01    0.0000e+00    3.0000e+00   -2.4271e+00    1.7634e+00    1.6789e-03    1.0026e-03    6.8104e-04    9.0550e-04
   5.0000e-01    0.0000e+00    3.0000e+00   -2.5160e+00    1.6339e+00    1.1592e-03   -1.5151e-03    1.4120e-03   -1.1749e-03
   5.0000e-01    0.0000e+00    3.0000e+00   -2.5981e+00    1.5000e+00   -1.3169e-03   -1.3184e-03   -1.3168e-03   -1.6224e-03
   5.0000e-01    0.0000e+00    3.0000e+00   -2.6730e+00    1.3620e+00   -1.4785e-03    1.0662e-03   -1.4463e-03    1.4034e-03
   5.0000e-01    0.0000e+00    3.0000e+00   -2.7406e+00    1.2202e+00    7.7302e-04    1.6098e-03    6.3169e-04    2.0464e-03
   5.0000e-01    0.0000e+00    3.0000e+00   -2.8007e+00    1.0751e+00    1.6999e-03   -4.2065e-04    1.5259e-03   -8.2066e-04
   5.0000e-01    0.0000e+00    3.0000e+00   -2.8532e+00    9.2705e-01   -3.3507e-05   -1.7183e-03    -1.3489e-04   -1.6441e-03
   5.0000e-01    0.0000e+00    3.0000e+00   -2.8978e+00    7.7646e-01   -1.6427e-03   -3.9189e-04   -1.0342e-03    1.7167e-04
   5.0000e-01    0.0000e+00    3.0000e+00   -2.9344e+00    6.2374e-01   -8.2346e-04    1.4429e-03   -6.1094e-04    1.5368e-03
   5.0000e-01    0.0000e+00    3.0000e+00   -2.9631e+00    4.6930e-01    1.1151e-03    1.1960e-03    1.5951e-03    1.9679e-03
   5.0000e-01    0.0000e+00    3.0000e+00   -2.9836e+00    3.1359e-01    1.4736e-03   -6.5058e-04    1.4653e-03   -6.8698e-04
   5.0000e-01    0.0000e+00    3.0000e+00   -2.9959e+00    1.5701e-01   -8.1925e-05   -1.5863e-03    7.0284e-04   -1.3010e-03
   5.0000e-01    0.0000e+00    3.0000e+00   -3.0000e+00    0.0000e+00   -1.4821e-03   -5.0938e-04   -1.2188e-03   -7.4783e-05
   5.0000e-01    0.0000e+00    3.0000e+00   -2.9959e+00   -1.5701e-01   -1.0734e-03    1.1146e-03   -4.3316e-04    7.2119e-04
   5.0000e-01    0.0000e+00    3.0000e+00   -2.9836e+00   -3.1359e-01    5.1821e-04    1.4382e-03    1.0761e-03    1.2796e-03
   5.0000e-01    0.0000e+00    3.0000e+00   -2.9631e+00   -4.6930e-01    1.4979e-03    2.0055e-04    2.5397e-03    1.6011e-04
   5.0000e-01    0.0000e+00    3.0000e+00   -2.9344e+00   -6.2374e-01    9.0310e-04   -1.1913e-03    1.5141e-03   -1.4890e-03
   5.0000e-01    0.0000e+00    3.0000e+00   -2.8978e+00   -7.7646e-01   -5.3535e-04   -1.3791e-03    5.0029e-05   -2.2943e-03
   5.0000e-01    0.0000e+00    3.0000e+00   -2.8532e+00   -9.2705e-01   -1.4285e-03   -3.2559e-04   -1.5923e-03   -6.7651e-04
   5.0000e-01    0.0000e+00    3.0000e+00   -2.8007e+00   -1.0751e+00   -1.0814e-03    9.6874e-04   -6.6518e-04    2.8986e-04
   5.0000e-01    0.0000e+00    3.0000e+00   -2.7406e+00   -1.2202e+00    1.0504e-04    1.4354e-03    -4.1157e-04    4.8733e-04
   5.0000e-01    0.0000e+00    3.0000e+00   -2.6730e+00   -1.3620e+00    1.1671e-03    8.2095e-04    1.4435e-03    2.9379e-04
   5.0000e-01    0.0000e+00    3.0000e+00   -2.5981e+00   -1.5000e+00    1.3812e-03   -3.1295e-04    1.1397e-03   -1.1988e-03
   5.0000e-01    0.0000e+00    3.0000e+00   -2.5160e+00   -1.6339e+00    7.3251e-04   -1.1998e-03    7.0829e-04   -1.7796e-03
   5.0000e-01    0.0000e+00    3.0000e+00   -2.4271e+00   -1.7634e+00   -3.0993e-04   -1.3611e-03   -5.8780e-04   -2.0158e-03
   5.0000e-01    0.0000e+00    3.0000e+00   -2.3314e+00   -1.8880e+00   -1.1343e-03   -7.9780e-04   -1.3966e-03   -1.1107e-03
   5.0000e-01    0.0000e+00    3.0000e+00   -2.2294e+00   -2.0074e+00   -1.3755e-03    9.2131e-05   -1.9834e-03    3.3431e-04
   5.0000e-01    0.0000e+00    3.0000e+00   -2.1213e+00   -2.1213e+00   -1.0381e-03    8.9551e-04   -1.6875e-03    6.8444e-04
   5.0000e-01    0.0000e+00    3.0000e+00   -2.0074e+00   -2.2294e+00   -3.2758e-04    1.3239e-03   -1.3518e-03    7.8349e-04
   5.0000e-01    0.0000e+00    3.0000e+00   -1.8880e+00   -2.3314e+00    4.4494e-04    1.2819e-03    2.8213e-04    1.4307e-03
   5.0000e-01    0.0000e+00    3.0000e+00   -1.7634e+00   -2.4271e+00    1.0197e-03    8.8620e-04    6.2422e-04    6.0995e-04
   5.0000e-01    0.0000e+00    3.0000e+00   -1.6339e+00   -2.5160e+00    1.3098e-03    3.0879e-04    1.0022e-03    -1.7596e-05
   5.0000e-01    0.0000e+00    3.0000e+00   -1.5000e+00   -2.5981e+00    1.3083e-03   -2.9235e-04    1.3138e-03   -1.1371e-03
   5.0000e-01    0.0000e+00    3.0000e+00   -1.3620e+00   -2.6730e+00    1.0822e-03   -7.8348e-04    6.5285e-04   -9.3469e-04
   5.0000e-01    0.0000e+00    3.0000e+00   -1.2202e+00   -2.7406e+00    7.3465e-04   -1.1115e-03    9.8829e-04   -1.0148e-03
   5.0000e-01    0.0000e+00    3.0000e+00   -1.0751e+00   -2.8007e+00    3.4670e-04   -1.2829e-03    6.7868e-04   -5.7780e-04
   5.0000e-01    0.0000e+00    3.0000e+00   -9.2705e-01   -2.8532e+00   -1.8838e-05   -1.3255e-03    1.3825e-04   -1.6864e-03
   5.0000e-01    0.0000e+00    3.0000e+00   -7.7646e-01   -2.8978e+00   -3.3409e-04   -1.2802e-03   -5.0477e-04   -1.2255e-03
   5.0000e-01    0.0000e+00    3.0000e+00   -6.2374e-01   -2.9344e+00   -5.6819e-04   -1.1928e-03   -2.4459e-04   -8.1856e-04
   5.0000e-01    0.0000e+00    3.0000e+00   -4.6930e-01   -2.9631e+00   -7.4048e-04   -1.0921e-03   -9.5226e-04   -5.6954e-04
   5.0000e-01    0.0000e+00    3.0000e+00   -3.1359e-01   -2.9836e+00   -8.4724e-04   -1.0101e-03   -8.9307e-04   -8.8414e-04
   5.0000e-01    0.0000e+00    3.0000e+00   -1.5701e-01   -2.9959e+00   -9.1235e-04   -9.5109e-04   -4.7414e-04   -7.4530e-04
   5.0000e-01    0.0000e+00    3.0000e+00    0.0000e+00   -3.0000e+00   -9.4103e-04   -9.2224e-04   -2.6272e-05   -2.7193e-04
   5.0000e-01    0.0000e+00    3.0000e+00    1.5701e-01   -2.9959e+00   -9.1235e-04   -9.5109e-04   -1.0299e-03   -1.0964e-03
   5.0000e-01    0.0000e+00    3.0000e+00    3.1359e-01   -2.9836e+00   -8.4724e-04   -1.0101e-03   -1.2993e-04   -7.1943e-04
   5.0000e-01    0.0000e+00    3.0000e+00    4.6930e-01   -2.9631e+00   -7.4048e-04   -1.0921e-03   -2.6193e-04   -8.3732e-04
   5.0000e-01    0.0000e+00    3.0000e+00    6.2374e-01   -2.9344e+00   -5.6819e-04   -1.1928e-03    4.8061e-05   -6.8035e-04
   5.0000e-01    0.0000e+00    3.0000e+00    7.7646e-01   -2.8978e+00   -3.3409e-04   -1.2802e-03    3.8307e-05   -1.2881e-03
   5.0000e-01    0.0000e+00    3.0000e+00    9.2705e-01   -2.8532e+00   -1.8838e-05   -1.3255e-03    1.9208e-04   -1.6766e-03
   5.0000e-01    0.0000e+00    3.0000e+00    1.0751e+00   -2.8007e+00    3.4670e-04   -1.2829e-03    1.5752e-04   -1.3115e-03
   5.0000e-01    0.0000e+00    3.0000e+00    1.2202e+00   -2.7406e+00    7.3465e-04   -1.1115e-03    2.5790e-04   -1.2753e-03
   5.0000e-01    0.0000e+00    3.0000e+00    1.3620e+00   -2.6730e+00    1.0822e-03   -7.8348e-04    8.0760e-05   -2.1697e-04
   5.0000e-01    0.0000e+00    3.0000e+00    1.5000e+00   -2.5981e+00    1.3083e-03   -2.9235e-04    8.6151e-04   -2.7272e-04
   5.0000e-01    0.0000e+00    3.0000e+00    1.6339e+00   -2.5160e+00    1.3098e-03    3.0879e-04    1.0543e-03    7.0805e-04
   5.0000e-01    0.0000e+00    3.0000e+00    1.7634e+00   -2.4271e+00    1.0197e-03    8.8620e-04    1.0199e-03    6.9490e-04
   5.0000e-01    0.0000e+00    3.0000e+00    1.8880e+00   -2.3314e+00    4.4494e-04    1.2819e-03    2.3879e-05    8.5540e-04
   5.0000e-01    0.0000e+00    3.0000e+00    2.0074e+00   -2.2294e+00   -3.2758e-04    1.3239e-03   -5.4639e-04    1.1431e-03
   5.0000e-01    0.0000e+00    3.0000e+00    2.1213e+00   -2.1213e+00   -1.0381e-03    8.9551e-04   -1.1594e-03    9.1749e-04
   5.0000e-01    0.0000e+00    3.0000e+00    2.2294e+00   -2.0074e+00   -1.3755e-03    9.2131e-05   -1.4870e-03   -6.2872e-05
   5.0000e-01    0.0000e+00    3.0000e+00    2.3314e+00   -1.8880e+00   -1.1343e-03   -7.9780e-04   -1.4189e-03   -1.6485e-03
   5.0000e-01    0.0000e+00    3.0000e+00    2.4271e+00   -1.7634e+00   -3.0993e-04   -1.3611e-03   -4.1560e-04   -1.2445e-03
   5.0000e-01    0.0000e+00    3.0000e+00    2.5160e+00   -1.6339e+00    7.3251e-04   -1.1998e-03    4.6136e-04   -1.9652e-03
   5.0000e-01    0.0000e+00    3.0000e+00    2.5981e+00   -1.5000e+00    1.3812e-03   -3.1295e-04    1.5837e-03   -2.8097e-04
   5.0000e-01    0.0000e+00    3.0000e+00    2.6730e+00   -1.3620e+00    1.1671e-03    8.2095e-04    8.8685e-04    -6.0272e-04
   5.0000e-01    0.0000e+00    3.0000e+00    2.7406e+00   -1.2202e+00    1.0504e-04    1.4354e-03    7.6127e-05    9.0601e-04
   5.0000e-01    0.0000e+00    3.0000e+00    2.8007e+00   -1.0751e+00   -1.0814e-03    9.6874e-04   -8.5646e-04    3.4035e-04
   5.0000e-01    0.0000e+00    3.0000e+00    2.8532e+00   -9.2705e-01   -1.4285e-03   -3.2559e-04   -1.2567e-03   -1.0419e-03
   5.0000e-01    0.0000e+00    3.0000e+00    2.8978e+00   -7.7646e-01   -5.3535e-04   -1.3791e-03   -4.2529e-04   -1.6776e-03
   5.0000e-01    0.0000e+00    3.0000e+00    2.9344e+00   -6.2374e-01    9.0310e-04   -1.1913e-03    1.5454e-03   -2.0949e-03
   5.0000e-01    0.0000e+00    3.0000e+00    2.9631e+00   -4.6930e-01    1.4979e-03    2.0055e-04    2.5147e-03    1.0162e-04
   5.0000e-01    0.0000e+00    3.0000e+00    2.9836e+00   -3.1359e-01    5.1821e-04    1.4382e-03    1.1746e-03    1.1824e-03
   5.0000e-01    0.0000e+00    3.0000e+00    2.9959e+00   -1.5701e-01   -1.0734e-03    1.1146e-03   -5.3780e-04    6.5745e-04
   5.0000e-01   -1.5000e+00    2.6000e+00    3.0000e+00    0.0000e+00    1.3751e-03   -3.3753e-04    2.0610e-03   -4.7513e-05
   5.0000e-01   -1.5000e+00    2.6000e+00    2.9959e+00    1.5701e-01    1.1688e-03    8.1876e-04    1.2663e-03    2.2359e-04
   5.0000e-01   -1.5000e+00    2.6000e+00    2.9836e+00    3.1359e-01    1.1750e-04    1.4338e-03    2.3706e-04    1.5712e-03
   5.0000e-01   -1.5000e+00    2.6000e+00    2.9631e+00    4.6930e-01   -1.0709e-03    9.7946e-04   -9.4721e-04    6.6482e-04
   5.0000e-01   -1.5000e+00    2.6000e+00    2.9344e+00    6.2374e-01   -1.4321e-03   -3.0858e-04   -1.0900e-03   -6.3239e-04
   5.0000e-01   -1.5000e+00    2.6000e+00    2.8978e+00    7.7646e-01   -5.4772e-04   -1.3739e-03    2.1639e-04   -1.0567e-03
   5.0000e-01   -1.5000e+00    2.6000e+00    2.8532e+00    9.2705e-01    8.9316e-04   -1.1982e-03    1.4128e-03   -1.4757e-03
   5.0000e-01   -1.5000e+00    2.6000e+00    2.8007e+00    1.0751e+00    1.4993e-03    1.8826e-04    1.8339e-03    5.2787e-04
   5.0000e-01   -1.5000e+00    2.6000e+00    2.7406e+00    1.2202e+00    5.4229e-04    1.4291e-03    2.6581e-05    1.4221e-03
   5.0000e-01   -1.5000e+00    2.6000e+00    2.6730e+00    1.3620e+00   -1.0600e-03    1.1265e-03   -3.9583e-04    1.6572e-03
   5.0000e-01   -1.5000e+00    2.6000e+00    2.5981e+00    1.5000e+00   -1.4816e-03   -5.0914e-04   -1.7124e-03   -5.4311e-04
   5.0000e-01   -1.5000e+00    2.6000e+00    2.5160e+00    1.6339e+00   -9.1230e-05   -1.5855e-03    3.0916e-04   -1.3086e-03
   5.0000e-01   -1.5000e+00    2.6000e+00    2.4271e+00    1.7634e+00    1.4697e-03   -6.5840e-04    7.7498e-04   -1.5236e-03
   5.0000e-01   -1.5000e+00    2.6000e+00    2.3314e+00    1.8880e+00    1.1270e-03    1.1839e-03    1.0559e-03    1.2046e-03
   5.0000e-01   -1.5000e+00    2.6000e+00    2.2294e+00    2.0074e+00   -8.0761e-04    1.4513e-03   -1.0509e-03    1.1887e-03
   5.0000e-01   -1.5000e+00    2.6000e+00    2.1213e+00    2.1213e+00   -1.6422e-03   -3.9365e-04   -1.4590e-03   -5.6190e-06
   5.0000e-01   -1.5000e+00    2.6000e+00    2.0074e+00    2.2294e+00   -3.1695e-05   -1.7180e-03   -5.6804e-04   -1.7734e-03
   5.0000e-01   -1.5000e+00    2.6000e+00    1.8880e+00    2.3314e+00    1.6948e-03   -4.3737e-04    9.1141e-04    8.8681e-05
   5.0000e-01   -1.5000e+00    2.6000e+00    1.7634e+00    2.4271e+00    7.7948e-04    1.6058e-03    -1.2468e-04    1.1608e-03
   5.0000e-01   -1.5000e+00    2.6000e+00    1.6339e+00    2.5160e+00   -1.4775e-03    1.0672e-03   -2.2206e-03    6.4523e-04
   5.0000e-01   -1.5000e+00    2.6000e+00    1.5000e+00    2.5981e+00   -1.3162e-03   -1.3193e-03   -1.3028e-03   -5.3895e-04
   5.0000e-01   -1.5000e+00    2.6000e+00    1.3620e+00    2.6730e+00    1.1473e-03   -1.5231e-03    8.0669e-04   -1.6729e-03
   5.0000e-01   -1.5000e+00    2.6000e+00    1.2202e+00    2.7406e+00    1.6790e-03    1.0031e-03    1.5155e-03    6.4812e-04
   5.0000e-01   -1.5000e+00    2.6000e+00    1.0751e+00    2.8007e+00   -8.5948e-04    1.8151e-03   -7.8384e-04    1.7580e-03
   5.0000e-01   -1.5000e+00    2.6000e+00    9.2705e-01    2.8532e+00   -1.9241e-03   -7.5239e-04   -2.1446e-03   -1.0560e-03
   5.0000e-01   -1.5000e+00    2.6000e+00    7.7646e-01    2.8978e+00    6.4339e-04   -2.0301e-03    2.3140e-04   -2.6785e-03
   5.0000e-01   -1.5000e+00    2.6000e+00    6.2374e-01    2.9344e+00    2.1253e-03    5.7127e-04    1.8216e-03    7.8428e-04
   5.0000e-01   -1.5000e+00    2.6000e+00    4.6930e-01    2.9631e+00   -5.4452e-04    2.2146e-03   -1.4796e-03    1.7353e-03
   5.0000e-01   -1.5000e+00    2.6000e+00    3.1359e-01    2.9836e+00   -2.3052e-03   -5.5173e-04   -2.7295e-03   -8.0595e-04
   5.0000e-01   -1.5000e+00    2.6000e+00    1.5701e-01    2.9959e+00    5.6829e-04   -2.4061e-03    3.0162e-04   -2.5818e-03
   5.0000e-01   -1.5000e+00    2.6000e+00    0.0000e+00    3.0000e+00    2.5114e-03    6.3483e-04    2.3941e-03    4.5590e-04
   5.0000e-01   -1.5000e+00    2.6000e+00   -2.5981e+00    1.5000e+00    2.5249e-03    5.7145e-04    2.4297e-03    6.2041e-04
   5.0000e-01   -1.5000e+00    2.6000e+00   -2.6730e+00    1.3620e+00    5.2353e-04   -2.4153e-03    1.4178e-03   -2.4593e-03
   5.0000e-01   -1.5000e+00    2.6000e+00   -2.7406e+00    1.2202e+00   -2.3185e-03   -4.8996e-04   -2.5120e-03   -6.0730e-04
   5.0000e-01   -1.5000e+00    2.6000e+00   -2.8007e+00    1.0751e+00   -5.0382e-04    2.2239e-03    4.8405e-05    1.6207e-03
   5.0000e-01   -1.5000e+00    2.6000e+00   -2.8532e+00    9.2705e-01    2.1349e-03    5.3161e-04    2.4936e-03    6.8666e-04
   5.0000e-01   -1.5000e+00    2.6000e+00   -2.8978e+00    7.7646e-01    6.0739e-04   -2.0407e-03    1.4529e-03   -2.3163e-03
   5.0000e-01   -1.5000e+00    2.6000e+00   -2.9344e+00    6.2374e-01   -1.9382e-03   -7.1461e-04   -1.5362e-03   -1.0966e-03
   5.0000e-01   -1.5000e+00    2.6000e+00   -2.9631e+00    4.6930e-01   -8.2701e-04    1.8294e-03   -7.9763e-04    2.0088e-03
   5.0000e-01   -1.5000e+00    2.6000e+00   -2.9836e+00    3.1359e-01    1.6981e-03    9.6838e-04    2.1710e-03    9.1095e-04
   5.0000e-01   -1.5000e+00    2.6000e+00   -2.9959e+00    1.5701e-01    1.1314e-03   -1.5352e-03    1.0459e-03   -1.2443e-03
   5.0000e-01   -1.5000e+00    2.6000e+00   -3.0000e+00    0.0000e+00   -1.3483e-03   -1.2855e-03   -9.0586e-04   -1.9064e-03
   5.0000e-01   -1.5000e+00    2.6000e+00   -2.9959e+00   -1.5701e-01   -1.4612e-03    1.0892e-03   -1.0130e-03    1.0530e-03
   5.0000e-01   -1.5000e+00    2.6000e+00   -2.9836e+00   -3.1359e-01    7.8773e-04    1.6019e-03    9.4684e-04    8.6793e-04
   5.0000e-01   -1.5000e+00    2.6000e+00   -2.9631e+00   -4.6930e-01    1.6911e-03   -4.5204e-04    1.2405e-03   -5.4971e-05
   5.0000e-01   -1.5000e+00    2.6000e+00   -2.9344e+00   -6.2374e-01   -6.6153e-05   -1.7170e-03    -2.6114e-04   -1.3173e-03
   5.0000e-01   -1.5000e+00    2.6000e+00   -2.8978e+00   -7.7646e-01   -1.6494e-03   -3.5984e-04   -2.0282e-03   -7.1266e-04
   5.0000e-01   -1.5000e+00    2.6000e+00   -2.8532e+00   -9.2705e-01   -7.9794e-04    1.4563e-03   -2.2587e-05    1.9861e-03
   5.0000e-01   -1.5000e+00    2.6000e+00   -2.8007e+00   -1.0751e+00    1.1381e-03    1.1738e-03    1.2063e-03    1.4884e-03
   5.0000e-01   -1.5000e+00    2.6000e+00   -2.7406e+00   -1.2202e+00    1.4607e-03   -6.7889e-04    1.3319e-03   -3.0652e-04
   5.0000e-01   -1.5000e+00    2.6000e+00   -2.6730e+00   -1.3620e+00   -1.2656e-04   -1.5824e-03    4.1274e-04   -1.4860e-03
   5.0000e-01   -1.5000e+00    2.6000e+00   -2.5981e+00   -1.5000e+00   -1.4881e-03   -4.9040e-04   -1.1995e-03   -8.5964e-04
   5.0000e-01   -1.5000e+00    2.6000e+00   -2.5160e+00   -1.6339e+00   -1.0478e-03    1.1377e-03   -3.0851e-04    1.6941e-03
   5.0000e-01   -1.5000e+00    2.6000e+00   -2.4271e+00   -1.7634e+00    5.6453e-04    1.4198e-03    6.4003e-04    1.4712e-03
   5.0000e-01   -1.5000e+00    2.6000e+00   -2.3314e+00   -1.8880e+00    1.5025e-03    1.5483e-04    2.0624e-03    1.1053e-04
   5.0000e-01   -1.5000e+00    2.6000e+00   -2.2294e+00   -2.0074e+00    8.8005e-04   -1.2074e-03    1.0430e-03   -1.2185e-03
   5.0000e-01   -1.5000e+00    2.6000e+00   -2.1213e+00   -2.1213e+00   -5.5625e-04   -1.3704e-03   -8.8096e-04   -9.3553e-04
   5.0000e-01   -1.5000e+00    2.6000e+00   -2.0074e+00   -2.2294e+00   -1.4371e-03   -2.8278e-04   -1.6138e-03   -7.5338e-05
   5.0000e-01   -1.5000e+00    2.6000e+00   -1.8880e+00   -2.3314e+00   -1.0509e-03    1.0002e-03   -1.2363e-03    9.8029e-04
   5.0000e-01   -1.5000e+00    2.6000e+00   -1.7634e+00   -2.4271e+00    1.3889e-04    1.4315e-03    -1.4276e-05    1.2200e-03
   5.0000e-01   -1.5000e+00    2.6000e+00   -1.6339e+00   -2.5160e+00    1.1783e-03    8.0437e-04    1.3170e-03    7.9431e-04
   5.0000e-01   -1.5000e+00    2.6000e+00   -1.5000e+00   -2.5981e+00    1.3726e-03   -3.4526e-04    1.5340e-03   -4.9929e-05
   5.0000e-01   -1.5000e+00    2.6000e+00   -1.3620e+00   -2.6730e+00    6.9868e-04   -1.2190e-03    9.6791e-04   -1.3405e-03
   5.0000e-01   -1.5000e+00    2.6000e+00   -1.2202e+00   -2.7406e+00   -3.3739e-04   -1.3542e-03   -2.8053e-04   -1.3378e-03
   5.0000e-01   -1.5000e+00    2.6000e+00   -1.0751e+00   -2.8007e+00   -1.1440e-03   -7.8363e-04   -1.3403e-03   -9.2451e-04
   5.0000e-01   -1.5000e+00    2.6000e+00   -9.2705e-01   -2.8532e+00   -1.3726e-03    1.2285e-04   -1.7361e-03    4.9428e-04
   5.0000e-01   -1.5000e+00    2.6000e+00   -7.7646e-01   -2.8978e+00   -1.0105e-03    9.2567e-04   -1.3303e-03    8.6141e-04
   5.0000e-01   -1.5000e+00    2.6000e+00   -6.2374e-01   -2.9344e+00   -3.0380e-04    1.3292e-03   -2.0559e-04    1.6933e-03
   5.0000e-01   -1.5000e+00    2.6000e+00   -4.6930e-01   -2.9631e+00    4.6082e-04    1.2760e-03    -1.6737e-04    1.6007e-03
   5.0000e-01   -1.5000e+00    2.6000e+00   -3.1359e-01   -2.9836e+00    1.0333e-03    8.7002e-04    1.2360e-03    1.5940e-03
   5.0000e-01   -1.5000e+00    2.6000e+00   -1.5701e-01   -2.9959e+00    1.3156e-03    2.8222e-04    9.4051e-04    2.8122e-04
   5.0000e-01   -1.5000e+00    2.6000e+00    0.0000e+00   -3.0000e+00    1.3015e-03   -3.2094e-04    1.0032e-03    5.9835e-04
   5.0000e-01   -1.5000e+00    2.6000e+00    1.5701e-01   -2.9959e+00    1.0729e-03   -7.9643e-04    1.1774e-03   -1.1079e-03
   5.0000e-01   -1.5000e+00    2.6000e+00    3.1359e-01   -2.9836e+00    7.2163e-04   -1.1196e-03    8.8523e-04   -1.3534e-03
   5.0000e-01   -1.5000e+00    2.6000e+00    4.6930e-01   -2.9631e+00    3.2275e-04   -1.2887e-03    8.9189e-04   -3.9405e-04
   5.0000e-01   -1.5000e+00    2.6000e+00    6.2374e-01   -2.9344e+00   -4.4490e-05   -1.3249e-03   -2.6880e-04   -6.4906e-04
   5.0000e-01   -1.5000e+00    2.6000e+00    7.7646e-01   -2.8978e+00   -3.5589e-04   -1.2742e-03   -1.7590e-04   -7.7792e-04
   5.0000e-01   -1.5000e+00    2.6000e+00    9.2705e-01   -2.8532e+00   -5.8517e-04   -1.1844e-03   -4.4778e-04   -5.4035e-04
   5.0000e-01   -1.5000e+00    2.6000e+00    1.0751e+00   -2.8007e+00   -7.5739e-04   -1.0808e-03   -8.3957e-04    1.5076e-04
   5.0000e-01   -1.5000e+00    2.6000e+00    1.2202e+00   -2.7406e+00   -8.6842e-04   -9.9226e-04   -1.5513e-03   -2.9674e-04
   5.0000e-01   -1.5000e+00    2.6000e+00    1.3620e+00   -2.6730e+00   -9.3393e-04   -9.2945e-04   -1.3605e-03   -3.5177e-04
   5.0000e-01   -1.5000e+00    2.6000e+00    1.5000e+00   -2.5981e+00   -9.5032e-04   -9.1263e-04   -1.1173e-03    5.6782e-04
   5.0000e-01   -1.5000e+00    2.6000e+00    1.6339e+00   -2.5160e+00   -9.2580e-04   -9.3803e-04   -1.0140e-03   -4.8646e-04
   5.0000e-01   -1.5000e+00    2.6000e+00    1.7634e+00   -2.4271e+00   -8.6831e-04   -9.9206e-04   -9.8627e-04   -2.8549e-04
   5.0000e-01   -1.5000e+00    2.6000e+00    1.8880e+00   -2.3314e+00   -7.6520e-04   -1.0749e-03   -8.4778e-04   -1.0398e-03
   5.0000e-01   -1.5000e+00    2.6000e+00    2.0074e+00   -2.2294e+00   -5.8581e-04   -1.1844e-03    1.5479e-04   -7.8426e-04
   5.0000e-01   -1.5000e+00    2.6000e+00    2.1213e+00   -2.1213e+00   -3.3918e-04   -1.2793e-03   -1.8537e-04   -4.5656e-04
   5.0000e-01   -1.5000e+00    2.6000e+00    2.2294e+00   -2.0074e+00   -3.7765e-05   -1.3252e-03   -2.3146e-04   -1.7963e-03
   5.0000e-01   -1.5000e+00    2.6000e+00    2.3314e+00   -1.8880e+00    3.1783e-04   -1.2901e-03    3.0675e-05   -1.2021e-03
   5.0000e-01   -1.5000e+00    2.6000e+00    2.4271e+00   -1.7634e+00    7.1905e-04   -1.1216e-03    4.5992e-04   -1.1780e-03
   5.0000e-01   -1.5000e+00    2.6000e+00    2.5160e+00   -1.6339e+00    1.0785e-03   -7.8904e-04    7.8368e-04   -2.0261e-03
   5.0000e-01   -1.5000e+00    2.6000e+00    2.5981e+00   -1.5000e+00    1.3052e-03   -3.0681e-04    9.1597e-04   -8.9690e-04
   5.0000e-01   -1.5000e+00    2.6000e+00    2.6730e+00   -1.3620e+00    1.3155e-03    2.8246e-04    1.6036e-03   -1.3200e-05
   5.0000e-01   -1.5000e+00    2.6000e+00    2.7406e+00   -1.2202e+00    1.0287e-03    8.7632e-04    1.0152e-03    3.3168e-04
   5.0000e-01   -1.5000e+00    2.6000e+00    2.8007e+00   -1.0751e+00    4.4779e-04    1.2814e-03    -6.2904e-04    5.9144e-04
   5.0000e-01   -1.5000e+00    2.6000e+00    2.8532e+00   -9.2705e-01   -3.2064e-04    1.3256e-03   -4.3997e-04    4.6920e-04
   5.0000e-01   -1.5000e+00    2.6000e+00    2.8978e+00   -7.7646e-01   -1.0206e-03    9.1513e-04   -1.3696e-03    5.4092e-04
   5.0000e-01   -1.5000e+00    2.6000e+00    2.9344e+00   -6.2374e-01   -1.3743e-03    1.0938e-04   -1.0500e-03    2.0055e-04
   5.0000e-01   -1.5000e+00    2.6000e+00    2.9631e+00   -4.6930e-01   -1.1355e-03   -7.9642e-04   -1.2374e-03   -1.5807e-03
   5.0000e-01   -1.5000e+00    2.6000e+00    2.9836e+00   -3.1359e-01   -3.1029e-04   -1.3610e-03    3.7495e-04   -1.8741e-03
   5.0000e-01   -1.5000e+00    2.6000e+00    2.9959e+00   -1.5701e-01    7.2073e-04   -1.2068e-03    6.1165e-04   -1.9952e-03
   5.0000e-01   -2.6000e+00    1.5000e+00    3.0000e+00    0.0000e+00    1.3004e-03   -3.2533e-04    1.2153e-03    4.1664e-04
   5.0000e-01   -2.6000e+00    1.5000e+00    2.9959e+00    1.5701e-01    1.3156e-03    2.8222e-04    1.2323e-03    7.8893e-04
   5.0000e-01   -2.6000e+00    1.5000e+00    2.9836e+00    3.1359e-01    1.0333e-03    8.7002e-04    7.2485e-04    1.3829e-03
   5.0000e-01   -2.6000e+00    1.5000e+00    2.9631e+00    4.6930e-01    4.6082e-04    1.2760e-03    5.1689e-05    1.8938e-03
   5.0000e-01   -2.6000e+00    1.5000e+00    2.9344e+00    6.2374e-01   -3.0380e-04    1.3292e-03   -6.5542e-04    1.4753e-03
   5.0000e-01   -2.6000e+00    1.5000e+00    2.8978e+00    7.7646e-01   -1.0105e-03    9.2567e-04   -1.8819e-03    1.1688e-03
   5.0000e-01   -2.6000e+00    1.5000e+00    2.8532e+00    9.2705e-01   -1.3726e-03    1.2285e-04   -2.2570e-03   -9.0444e-05
   5.0000e-01   -2.6000e+00    1.5000e+00    2.8007e+00    1.0751e+00   -1.1440e-03   -7.8363e-04   -2.0488e-03   -3.0058e-04
   5.0000e-01   -2.6000e+00    1.5000e+00    2.7406e+00    1.2202e+00   -3.3739e-04   -1.3542e-03   -1.2790e-03   -1.4834e-03
   5.0000e-01   -2.6000e+00    1.5000e+00    2.6730e+00    1.3620e+00    6.9868e-04   -1.2190e-03    4.0870e-04   -1.3488e-03
   5.0000e-01   -2.6000e+00    1.5000e+00    2.5981e+00    1.5000e+00    1.3726e-03   -3.4526e-04    9.1695e-04   -8.1403e-04
   5.0000e-01   -2.6000e+00    1.5000e+00    2.5160e+00    1.6339e+00    1.1783e-03    8.0437e-04    7.6284e-04    -6.9100e-04
   5.0000e-01   -2.6000e+00    1.5000e+00    2.4271e+00    1.7634e+00    1.3889e-04    1.4315e-03   -3.8472e-04    1.3620e-03
   5.0000e-01   -2.6000e+00    1.5000e+00    2.3314e+00    1.8880e+00   -1.0509e-03    1.0002e-03   -1.5067e-03    5.0434e-04
   5.0000e-01   -2.6000e+00    1.5000e+00    2.2294e+00    2.0074e+00   -1.4371e-03   -2.8278e-04   -5.8905e-04   -1.1441e-03
   5.0000e-01   -2.6000e+00    1.5000e+00    2.1213e+00    2.1213e+00   -5.5625e-04   -1.3704e-03   -7.4366e-04   -1.9374e-03
   5.0000e-01   -2.6000e+00    1.5000e+00    2.0074e+00    2.2294e+00    8.8005e-04   -1.2074e-03    2.1762e-04   -1.9356e-03
   5.0000e-01   -2.6000e+00    1.5000e+00    1.8880e+00    2.3314e+00    1.5025e-03    1.5483e-04    1.0763e-03   -1.0107e-05
   5.0000e-01   -2.6000e+00    1.5000e+00    1.7634e+00    2.4271e+00    5.6453e-04    1.4198e-03    5.8031e-04    3.8443e-04
   5.0000e-01   -2.6000e+00    1.5000e+00    1.6339e+00    2.5160e+00   -1.0478e-03    1.1377e-03   -6.5060e-04    1.2735e-03
   5.0000e-01   -2.6000e+00    1.5000e+00    1.5000e+00    2.5981e+00   -1.4881e-03   -4.9040e-04   -1.5108e-03   -2.8826e-04
   5.0000e-01   -2.6000e+00    1.5000e+00    1.3620e+00    2.6730e+00   -1.2656e-04   -1.5824e-03    1.6872e-04   -1.9643e-03
   5.0000e-01   -2.6000e+00    1.5000e+00    1.2202e+00    2.7406e+00    1.4607e-03   -6.7889e-04    1.6240e-03   -6.0551e-04
   5.0000e-01   -2.6000e+00    1.5000e+00    1.0751e+00    2.8007e+00    1.1381e-03    1.1738e-03    8.7885e-04    8.7954e-04
   5.0000e-01   -2.6000e+00    1.5000e+00    9.2705e-01    2.8532e+00   -7.9794e-04    1.4563e-03   -6.4946e-04    2.3879e-03
   5.0000e-01   -2.6000e+00    1.5000e+00    7.7646e-01    2.8978e+00   -1.6494e-03   -3.5984e-04   -1.6853e-03   -1.2722e-04
   5.0000e-01   -2.6000e+00    1.5000e+00    6.2374e-01    2.9344e+00   -6.6153e-05   -1.7170e-03   -4.8473e-04   -1.6204e-03
   5.0000e-01   -2.6000e+00    1.5000e+00    4.6930e-01    2.9631e+00    1.6911e-03   -4.5204e-04    1.5568e-03   -3.7784e-04
   5.0000e-01   -2.6000e+00    1.5000e+00    3.1359e-01    2.9836e+00    7.8773e-04    1.6019e-03    4.8558e-04    1.7998e-03
   5.0000e-01   -2.6000e+00    1.5000e+00    1.5701e-01    2.9959e+00   -1.4612e-03    1.0892e-03   -1.7258e-03    1.7408e-03
   5.0000e-01   -2.6000e+00    1.5000e+00    0.0000e+00    3.0000e+00   -1.3339e-03   -1.3009e-03   -6.5896e-04   -1.3654e-03
   5.0000e-01   -2.6000e+00    1.5000e+00   -1.5701e-01    2.9959e+00    1.1314e-03   -1.5352e-03    9.8190e-04   -1.1967e-03
   5.0000e-01   -2.6000e+00    1.5000e+00   -3.1359e-01    2.9836e+00    1.6981e-03    9.6838e-04    1.9224e-03    8.6051e-04
   5.0000e-01   -2.6000e+00    1.5000e+00   -4.6930e-01    2.9631e+00   -8.2701e-04    1.8294e-03   -9.5771e-04    2.1681e-03
   5.0000e-01   -2.6000e+00    1.5000e+00   -6.2374e-01    2.9344e+00   -1.9382e-03   -7.1461e-04   -2.3854e-03    1.6601e-04
   5.0000e-01   -2.6000e+00    1.5000e+00   -7.7646e-01    2.8978e+00    6.0739e-04   -2.0407e-03    9.0995e-04   -2.0823e-03
   5.0000e-01   -2.6000e+00    1.5000e+00   -9.2705e-01    2.8532e+00    2.1349e-03    5.3161e-04    2.3465e-03    1.8738e-04
   5.0000e-01   -2.6000e+00    1.5000e+00   -1.0751e+00    2.8007e+00   -5.0382e-04    2.2239e-03    4.6508e-04    2.1975e-03
   5.0000e-01   -2.6000e+00    1.5000e+00   -1.2202e+00    2.7406e+00   -2.3185e-03   -4.8996e-04   -2.0745e-03    1.0587e-04
   5.0000e-01   -2.6000e+00    1.5000e+00   -1.3620e+00    2.6730e+00    5.2353e-04   -2.4153e-03    1.3407e-03   -2.5314e-03
   5.0000e-01   -2.6000e+00    1.5000e+00   -1.5000e+00    2.5981e+00    2.5249e-03    5.7145e-04    3.1765e-03    3.9223e-04
   5.0000e-01   -2.6000e+00    1.5000e+00   -3.0000e+00    0.0000e+00    2.5182e-03    6.0279e-04    2.4857e-03    4.5146e-04
   5.0000e-01   -2.6000e+00    1.5000e+00   -2.9959e+00   -1.5701e-01    5.6829e-04   -2.4061e-03    8.3040e-04   -2.0653e-03
   5.0000e-01   -2.6000e+00    1.5000e+00   -2.9836e+00   -3.1359e-01   -2.3052e-03   -5.5173e-04   -1.3930e-03   -1.3307e-03
   5.0000e-01   -2.6000e+00    1.5000e+00   -2.9631e+00   -4.6930e-01   -5.4452e-04    2.2146e-03    5.3870e-04    2.5949e-03
   5.0000e-01   -2.6000e+00    1.5000e+00   -2.9344e+00   -6.2374e-01    2.1253e-03    5.7127e-04    2.4325e-03    4.7026e-04
   5.0000e-01   -2.6000e+00    1.5000e+00   -2.8978e+00   -7.7646e-01    6.4339e-04   -2.0301e-03    3.0754e-04   -1.5339e-03
   5.0000e-01   -2.6000e+00    1.5000e+00   -2.8532e+00   -9.2705e-01   -1.9241e-03   -7.5239e-04   -1.9834e-03   -4.2911e-04
   5.0000e-01   -2.6000e+00    1.5000e+00   -2.8007e+00   -1.0751e+00   -8.5948e-04    1.8151e-03   -6.9205e-04    1.3394e-03
   5.0000e-01   -2.6000e+00    1.5000e+00   -2.7406e+00   -1.2202e+00    1.6790e-03    1.0031e-03    2.1112e-03    1.2622e-03
   5.0000e-01   -2.6000e+00    1.5000e+00   -2.6730e+00   -1.3620e+00    1.1473e-03   -1.5231e-03    1.0596e-03   -1.1586e-03
   5.0000e-01   -2.6000e+00    1.5000e+00   -2.5981e+00   -1.5000e+00   -1.3162e-03   -1.3193e-03   -4.9016e-04   -1.1237e-03
   5.0000e-01   -2.6000e+00    1.5000e+00   -2.5160e+00   -1.6339e+00   -1.4775e-03    1.0672e-03   -1.1944e-03    7.7848e-04
   5.0000e-01   -2.6000e+00    1.5000e+00   -2.4271e+00   -1.7634e+00    7.7948e-04    1.6058e-03    4.8307e-04    1.3677e-03
   5.0000e-01   -2.6000e+00    1.5000e+00   -2.3314e+00   -1.8880e+00    1.6948e-03   -4.3737e-04    1.7294e-03   -5.9955e-04
   5.0000e-01   -2.6000e+00    1.5000e+00   -2.2294e+00   -2.0074e+00   -3.1695e-05   -1.7180e-03   -1.4304e-04   -1.0802e-03
   5.0000e-01   -2.6000e+00    1.5000e+00   -2.1213e+00   -2.1213e+00   -1.6422e-03   -3.9365e-04   -1.5254e-03   -1.0523e-03
   5.0000e-01   -2.6000e+00    1.5000e+00   -2.0074e+00   -2.2294e+00   -8.0761e-04    1.4513e-03   -1.3537e-03    4.5723e-04
   5.0000e-01   -2.6000e+00    1.5000e+00   -1.8880e+00   -2.3314e+00    1.1270e-03    1.1839e-03    6.1765e-04    9.5136e-04
   5.0000e-01   -2.6000e+00    1.5000e+00   -1.7634e+00   -2.4271e+00    1.4697e-03   -6.5840e-04    1.2001e-03   -1.3837e-03
   5.0000e-01   -2.6000e+00    1.5000e+00   -1.6339e+00   -2.5160e+00   -9.1230e-05   -1.5855e-03   -6.2543e-05   -1.9008e-03
   5.0000e-01   -2.6000e+00    1.5000e+00   -1.5000e+00   -2.5981e+00   -1.4816e-03   -5.0914e-04   -1.5415e-03   -1.0306e-03
   5.0000e-01   -2.6000e+00    1.5000e+00   -1.3620e+00   -2.6730e+00   -1.0600e-03    1.1265e-03   -1.2739e-03    1.5549e-04
   5.0000e-01   -2.6000e+00    1.5000e+00   -1.2202e+00   -2.7406e+00    5.4229e-04    1.4291e-03    -3.1815e-04    6.6615e-04
   5.0000e-01   -2.6000e+00    1.5000e+00   -1.0751e+00   -2.8007e+00    1.4993e-03    1.8826e-04    9.9553e-04   -5.3347e-04
   5.0000e-01   -2.6000e+00    1.5000e+00   -9.2705e-01   -2.8532e+00    8.9316e-04   -1.1982e-03    5.8362e-04   -1.7372e-03
   5.0000e-01   -2.6000e+00    1.5000e+00   -7.7646e-01   -2.8978e+00   -5.4772e-04   -1.3739e-03   -1.2892e-03   -1.7068e-03
   5.0000e-01   -2.6000e+00    1.5000e+00   -6.2374e-01   -2.9344e+00   -1.4321e-03   -3.0858e-04   -1.6336e-03   -6.9614e-04
   5.0000e-01   -2.6000e+00    1.5000e+00   -4.6930e-01   -2.9631e+00   -1.0709e-03    9.7946e-04   -1.1489e-03    9.6812e-04
   5.0000e-01   -2.6000e+00    1.5000e+00   -3.1359e-01   -2.9836e+00    1.1750e-04    1.4338e-03   -1.6385e-04    1.2724e-03
   5.0000e-01   -2.6000e+00    1.5000e+00   -1.5701e-01   -2.9959e+00    1.1688e-03    8.1876e-04    8.4148e-04    1.1263e-03
   5.0000e-01   -2.6000e+00    1.5000e+00    0.0000e+00   -3.0000e+00    1.3774e-03   -3.2854e-04    1.7286e-04    2.1388e-04
   5.0000e-01   -2.6000e+00    1.5000e+00    1.5701e-01   -2.9959e+00    7.2073e-04   -1.2068e-03    -3.3207e-05   -7.2547e-04
   5.0000e-01   -2.6000e+00    1.5000e+00    3.1359e-01   -2.9836e+00   -3.1029e-04   -1.3610e-03   -1.7358e-03   -1.1783e-03
   5.0000e-01   -2.6000e+00    1.5000e+00    4.6930e-01   -2.9631e+00   -1.1355e-03   -7.9642e-04   -2.3688e-03   -4.3070e-04
   5.0000e-01   -2.6000e+00    1.5000e+00    6.2374e-01   -2.9344e+00   -1.3743e-03    1.0938e-04   -1.9514e-03    7.4181e-04
   5.0000e-01   -2.6000e+00    1.5000e+00    7.7646e-01   -2.8978e+00   -1.0206e-03    9.1513e-04   -1.6383e-03    1.0267e-03
   5.0000e-01   -2.6000e+00    1.5000e+00    9.2705e-01   -2.8532e+00   -3.2064e-04    1.3256e-03   -4.5374e-04    1.4541e-03
   5.0000e-01   -2.6000e+00    1.5000e+00    1.0751e+00   -2.8007e+00    4.4779e-04    1.2814e-03   -2.0248e-04    1.6563e-03
   5.0000e-01   -2.6000e+00    1.5000e+00    1.2202e+00   -2.7406e+00    1.0287e-03    8.7632e-04    3.6779e-04    1.0668e-03
   5.0000e-01   -2.6000e+00    1.5000e+00    1.3620e+00   -2.6730e+00    1.3155e-03    2.8246e-04    1.3583e-03    1.2604e-03
   5.0000e-01   -2.6000e+00    1.5000e+00    1.5000e+00   -2.5981e+00    1.3052e-03   -3.0681e-04    1.1119e-03    3.7720e-04
   5.0000e-01   -2.6000e+00    1.5000e+00    1.6339e+00   -2.5160e+00    1.0785e-03   -7.8904e-04    6.5747e-04   -7.8269e-05
   5.0000e-01   -2.6000e+00    1.5000e+00    1.7634e+00   -2.4271e+00    7.1905e-04   -1.1216e-03    4.7081e-04   -3.3123e-04
   5.0000e-01   -2.6000e+00    1.5000e+00    1.8880e+00   -2.3314e+00    3.1783e-04   -1.2901e-03    6.8988e-04   -6.1270e-04
   5.0000e-01   -2.6000e+00    1.5000e+00    2.0074e+00   -2.2294e+00   -3.7765e-05   -1.3252e-03    4.8410e-04   -3.4855e-04
   5.0000e-01   -2.6000e+00    1.5000e+00    2.1213e+00   -2.1213e+00   -3.3918e-04   -1.2793e-03    4.6880e-04    1.9440e-04
   5.0000e-01   -2.6000e+00    1.5000e+00    2.2294e+00   -2.0074e+00   -5.8581e-04   -1.1844e-03    -4.2597e-04   -8.4217e-04
   5.0000e-01   -2.6000e+00    1.5000e+00    2.3314e+00   -1.8880e+00   -7.6520e-04   -1.0749e-03    -4.1026e-04   -3.7029e-04
   5.0000e-01   -2.6000e+00    1.5000e+00    2.4271e+00   -1.7634e+00   -8.6831e-04   -9.9206e-04   -5.6334e-04   -3.9356e-04
   5.0000e-01   -2.6000e+00    1.5000e+00    2.5160e+00   -1.6339e+00   -9.2580e-04   -9.3803e-04    2.9267e-04    1.1598e-04
   5.0000e-01   -2.6000e+00    1.5000e+00    2.5981e+00   -1.5000e+00   -9.5032e-04   -9.1263e-04    5.8123e-04    1.8790e-04
   5.0000e-01   -2.6000e+00    1.5000e+00    2.6730e+00   -1.3620e+00   -9.3393e-04   -9.2945e-04    3.7117e-04   -3.1246e-04
   5.0000e-01   -2.6000e+00    1.5000e+00    2.7406e+00   -1.2202e+00   -8.6842e-04   -9.9226e-04    -9.3212e-05    1.3062e-04
   5.0000e-01   -2.6000e+00    1.5000e+00    2.8007e+00   -1.0751e+00   -7.5739e-04   -1.0808e-03    3.6975e-04   -9.4188e-04
   5.0000e-01   -2.6000e+00    1.5000e+00    2.8532e+00   -9.2705e-01   -5.8517e-04   -1.1844e-03    -3.5947e-04   -7.1890e-04
   5.0000e-01   -2.6000e+00    1.5000e+00    2.8978e+00   -7.7646e-01   -3.5589e-04   -1.2742e-03    -7.2074e-05   -1.7138e-05
   5.0000e-01   -2.6000e+00    1.5000e+00    2.9344e+00   -6.2374e-01   -4.4490e-05   -1.3249e-03    1.0234e-03   -4.3865e-04
   5.0000e-01   -2.6000e+00    1.5000e+00    2.9631e+00   -4.6930e-01    3.2275e-04   -1.2887e-03    7.0700e-04    1.2737e-04
   5.0000e-01   -2.6000e+00    1.5000e+00    2.9836e+00   -3.1359e-01    7.2163e-04   -1.1196e-03    9.6761e-04   -2.4367e-04
   5.0000e-01   -2.6000e+00    1.5000e+00    2.9959e+00   -1.5701e-01    1.0729e-03   -7.9643e-04    1.1246e-03   -5.4484e-05
   5.0000e-01   -3.0000e+00    0.0000e+00    3.0000e+00    0.0000e+00   -9.4103e-04   -9.2224e-04    1.0322e-03    4.8059e-04
   5.0000e-01   -3.0000e+00    0.0000e+00    2.9959e+00    1.5701e-01   -9.1235e-04   -9.5109e-04    5.1715e-04    1.1155e-04
   5.0000e-01   -3.0000e+00    0.0000e+00    2.9836e+00    3.1359e-01   -8.4724e-04   -1.0101e-03    5.0875e-04    -3.7556e-04
   5.0000e-01   -3.0000e+00    0.0000e+00    2.9631e+00    4.6930e-01   -7.4048e-04   -1.0921e-03    5.2299e-04    1.5740e-04
   5.0000e-01   -3.0000e+00    0.0000e+00    2.9344e+00    6.2374e-01   -5.6819e-04   -1.1928e-03    4.4772e-04   -4.3050e-04
   5.0000e-01   -3.0000e+00    0.0000e+00    2.8978e+00    7.7646e-01   -3.3409e-04   -1.2802e-03    5.2423e-04   -1.0943e-04
   5.0000e-01   -3.0000e+00    0.0000e+00    2.8532e+00    9.2705e-01   -1.8838e-05   -1.3255e-03    4.4685e-04   -1.7021e-04
   5.0000e-01   -3.0000e+00    0.0000e+00    2.8007e+00    1.0751e+00    3.4670e-04   -1.2829e-03    3.1014e-04   -8.7897e-04
   5.0000e-01   -3.0000e+00    0.0000e+00    2.7406e+00    1.2202e+00    7.3465e-04   -1.1115e-03    9.5529e-04   -1.0931e-03
   5.0000e-01   -3.0000e+00    0.0000e+00    2.6730e+00    1.3620e+00    1.0822e-03   -7.8348e-04    1.1848e-03    6.0627e-04
   5.0000e-01   -3.0000e+00    0.0000e+00    2.5981e+00    1.5000e+00    1.3083e-03   -2.9235e-04    1.1929e-03    5.3089e-04
   5.0000e-01   -3.0000e+00    0.0000e+00    2.5160e+00    1.6339e+00    1.3098e-03    3.0879e-04    1.5360e-03    1.0595e-03
   5.0000e-01   -3.0000e+00    0.0000e+00    2.4271e+00    1.7634e+00    1.0197e-03    8.8620e-04    1.4168e-03    8.3126e-04
   5.0000e-01   -3.0000e+00    0.0000e+00    2.3314e+00    1.8880e+00    4.4494e-04    1.2819e-03    -1.0048e-04    1.5873e-03
   5.0000e-01   -3.0000e+00    0.0000e+00    2.2294e+00    2.0074e+00   -3.2758e-04    1.3239e-03   -1.3072e-03    1.3479e-03
   5.0000e-01   -3.0000e+00    0.0000e+00    2.1213e+00    2.1213e+00   -1.0381e-03    8.9551e-04   -1.3760e-03    1.2900e-03
   5.0000e-01   -3.0000e+00    0.0000e+00    2.0074e+00    2.2294e+00   -1.3755e-03    9.2131e-05   -1.2862e-03    2.3418e-04
   5.0000e-01   -3.0000e+00    0.0000e+00    1.8880e+00    2.3314e+00   -1.1343e-03   -7.9780e-04   -1.0834e-03   -9.4931e-04
   5.0000e-01   -3.0000e+00    0.0000e+00    1.7634e+00    2.4271e+00   -3.0993e-04   -1.3611e-03   -2.9471e-04   -1.2953e-03
   5.0000e-01   -3.0000e+00    0.0000e+00    1.6339e+00    2.5160e+00    7.3251e-04   -1.1998e-03    1.1133e-03   -1.6648e-03
   5.0000e-01   -3.0000e+00    0.0000e+00    1.5000e+00    2.5981e+00    1.3812e-03   -3.1295e-04    1.6715e-03   -5.4531e-04
   5.0000e-01   -3.0000e+00    0.0000e+00    1.3620e+00    2.6730e+00    1.1671e-03    8.2095e-04    1.4927e-03    1.0395e-03
   5.0000e-01   -3.0000e+00    0.0000e+00    1.2202e+00    2.7406e+00    1.0504e-04    1.4354e-03    3.3880e-04    9.4993e-04
   5.0000e-01   -3.0000e+00    0.0000e+00    1.0751e+00    2.8007e+00   -1.0814e-03    9.6874e-04   -1.0073e-03    6.3893e-04
   5.0000e-01   -3.0000e+00    0.0000e+00    9.2705e-01    2.8532e+00   -1.4285e-03   -3.2559e-04   -7.6279e-04   -4.7614e-04
   5.0000e-01   -3.0000e+00    0.0000e+00    7.7646e-01    2.8978e+00   -5.3535e-04   -1.3791e-03   -2.5970e-04   -1.1676e-03
   5.0000e-01   -3.0000e+00    0.0000e+00    6.2374e-01    2.9344e+00    9.0310e-04   -1.1913e-03    1.4639e-03   -9.7290e-04
   5.0000e-01   -3.0000e+00    0.0000e+00    4.6930e-01    2.9631e+00    1.4979e-03    2.0055e-04    2.7751e-03    8.6071e-04
   5.0000e-01   -3.0000e+00    0.0000e+00    3.1359e-01    2.9836e+00    5.1821e-04    1.4382e-03    1.1275e-03    1.5761e-03
   5.0000e-01   -3.0000e+00    0.0000e+00    1.5701e-01    2.9959e+00   -1.0734e-03    1.1146e-03   -2.2273e-04    1.5936e-03
   5.0000e-01   -3.0000e+00    0.0000e+00    0.0000e+00    3.0000e+00   -1.4775e-03   -5.2313e-04   -1.1862e-03   -9.2740e-04
   5.0000e-01   -3.0000e+00    0.0000e+00   -1.5701e-01    2.9959e+00   -8.1925e-05   -1.5863e-03    5.9193e-04   -1.4799e-03
   5.0000e-01   -3.0000e+00    0.0000e+00   -3.1359e-01    2.9836e+00    1.4736e-03   -6.5058e-04    2.0062e-03   -4.4306e-04
   5.0000e-01   -3.0000e+00    0.0000e+00   -4.6930e-01    2.9631e+00    1.1151e-03    1.1960e-03    1.1330e-03    1.0130e-03
   5.0000e-01   -3.0000e+00    0.0000e+00   -6.2374e-01    2.9344e+00   -8.2346e-04    1.4429e-03   -2.3270e-04    1.3605e-03
   5.0000e-01   -3.0000e+00    0.0000e+00   -7.7646e-01    2.8978e+00   -1.6427e-03   -3.9189e-04   -1.7512e-03   -5.4012e-04
   5.0000e-01   -3.0000e+00    0.0000e+00   -9.2705e-01    2.8532e+00   -3.3507e-05   -1.7183e-03    2.3607e-04   -1.9749e-03
   5.0000e-01   -3.0000e+00    0.0000e+00   -1.0751e+00    2.8007e+00    1.6999e-03   -4.2065e-04    2.4130e-03   -2.3740e-04
   5.0000e-01   -3.0000e+00    0.0000e+00   -1.2202e+00    2.7406e+00    7.7302e-04    1.6098e-03    3.3012e-04    1.5634e-03
   5.0000e-01   -3.0000e+00    0.0000e+00   -1.3620e+00    2.6730e+00   -1.4785e-03    1.0662e-03   -8.5034e-04    2.0801e-03
   5.0000e-01   -3.0000e+00    0.0000e+00   -1.5000e+00    2.5981e+00   -1.3169e-03   -1.3184e-03   -1.4035e-03   -1.4739e-03
   5.0000e-01   -3.0000e+00    0.0000e+00   -1.6339e+00    2.5160e+00    1.1592e-03   -1.5151e-03    7.7429e-04   -1.4934e-03
   5.0000e-01   -3.0000e+00    0.0000e+00   -1.7634e+00    2.4271e+00    1.6789e-03    1.0026e-03    1.9601e-03    9.2266e-04
   5.0000e-01   -3.0000e+00    0.0000e+00   -1.8880e+00    2.3314e+00   -8.5223e-04    1.8180e-03   -1.0996e-03    1.9135e-03
   5.0000e-01   -3.0000e+00    0.0000e+00   -2.0074e+00    2.2294e+00   -1.9317e-03   -7.3287e-04   -1.1268e-03   -4.2659e-04
   5.0000e-01   -3.0000e+00    0.0000e+00   -2.1213e+00    2.1213e+00    6.4626e-04   -2.0296e-03    9.5516e-04   -2.2084e-03
   5.0000e-01   -3.0000e+00    0.0000e+00   -2.2294e+00    2.0074e+00    2.1236e-03    5.7803e-04    2.6322e-03    3.8099e-04
   5.0000e-01   -3.0000e+00    0.0000e+00   -2.3314e+00    1.8880e+00   -5.2629e-04    2.2184e-03   -1.2272e-03    1.4811e-03
   5.0000e-01   -3.0000e+00    0.0000e+00   -2.4271e+00    1.7634e+00   -2.3119e-03   -5.2017e-04   -1.6525e-03   -1.6233e-04
   5.0000e-01   -3.0000e+00    0.0000e+00   -2.5160e+00    1.6339e+00    5.5481e-04   -2.4090e-03    6.5656e-04   -2.7810e-03
   5.0000e-01   -3.0000e+00    0.0000e+00   -2.5981e+00    1.5000e+00    2.5167e-03    6.1142e-04    2.5077e-03    8.6403e-05
   5.0000e-01   -3.0000e+00    0.0000e+00   -2.5981e+00   -1.5000e+00    2.5167e-03    6.1142e-04    2.4250e-03    1.5646e-03
   5.0000e-01   -3.0000e+00    0.0000e+00   -2.5160e+00   -1.6339e+00    5.5481e-04   -2.4090e-03    3.3319e-04   -2.3453e-03
   5.0000e-01   -3.0000e+00    0.0000e+00   -2.4271e+00   -1.7634e+00   -2.3119e-03   -5.2017e-04   -2.8004e-03   -1.0437e-04
   5.0000e-01   -3.0000e+00    0.0000e+00   -2.3314e+00   -1.8880e+00   -5.2629e-04    2.2184e-03   -9.0425e-04    2.7836e-03
   5.0000e-01   -3.0000e+00    0.0000e+00   -2.2294e+00   -2.0074e+00    2.1236e-03    5.7803e-04    1.9267e-03    1.4913e-03
   5.0000e-01   -3.0000e+00    0.0000e+00   -2.1213e+00   -2.1213e+00    6.4626e-04   -2.0296e-03    7.1600e-04   -1.5639e-03
   5.0000e-01   -3.0000e+00    0.0000e+00   -2.0074e+00   -2.2294e+00   -1.9317e-03   -7.3287e-04   -2.6147e-03   -4.5452e-04
   5.0000e-01   -3.0000e+00    0.0000e+00   -1.8880e+00   -2.3314e+00   -8.5223e-04    1.8180e-03   -9.7639e-04    2.1772e-03
   5.0000e-01   -3.0000e+00    0.0000e+00   -1.7634e+00   -2.4271e+00    1.6789e-03    1.0026e-03    1.5327e-03    1.2453e-03
   5.0000e-01   -3.0000e+00    0.0000e+00   -1.6339e+00   -2.5160e+00    1.1592e-03   -1.5151e-03    4.4793e-04   -2.2048e-03
   5.0000e-01   -3.0000e+00    0.0000e+00   -1.5000e+00   -2.5981e+00   -1.3169e-03   -1.3184e-03   -2.0228e-03   -8.3961e-04
   5.0000e-01   -3.0000e+00    0.0000e+00   -1.3620e+00   -2.6730e+00   -1.4785e-03    1.0662e-03   -1.5078e-03    1.5545e-03
   5.0000e-01   -3.0000e+00    0.0000e+00   -1.2202e+00   -2.7406e+00    7.7302e-04    1.6098e-03    5.9113e-04    1.7404e-03
   5.0000e-01   -3.0000e+00    0.0000e+00   -1.0751e+00   -2.8007e+00    1.6999e-03   -4.2065e-04    1.4346e-03   -1.0004e-03
   5.0000e-01   -3.0000e+00    0.0000e+00   -9.2705e-01   -2.8532e+00   -3.3507e-05   -1.7183e-03   -2.0657e-04   -1.9461e-03
   5.0000e-01   -3.0000e+00    0.0000e+00   -7.7646e-01   -2.8978e+00   -1.6427e-03   -3.9189e-04   -2.0527e-03   -7.5283e-04
   5.0000e-01   -3.0000e+00    0.0000e+00   -6.2374e-01   -2.9344e+00   -8.2346e-04    1.4429e-03   -1.0002e-03    1.7457e-03
   5.0000e-01   -3.0000e+00    0.0000e+00   -4.6930e-01   -2.9631e+00    1.1151e-03    1.1960e-03    1.2839e-03    8.3482e-04
   5.0000e-01   -3.0000e+00    0.0000e+00   -3.1359e-01   -2.9836e+00    1.4736e-03   -6.5058e-04    1.4788e-03   -6.8811e-04
   5.0000e-01   -3.0000e+00    0.0000e+00   -1.5701e-01   -2.9959e+00   -8.1925e-05   -1.5863e-03   -8.4878e-04   -1.2515e-03
   5.0000e-01   -3.0000e+00    0.0000e+00    0.0000e+00   -3.0000e+00   -1.4775e-03   -5.2313e-04   -1.7538e-03   -2.9516e-04
   5.0000e-01   -3.0000e+00    0.0000e+00    1.5701e-01   -2.9959e+00   -1.0734e-03    1.1146e-03   -1.4067e-03    1.4354e-03
   5.0000e-01   -3.0000e+00    0.0000e+00    3.1359e-01   -2.9836e+00    5.1821e-04    1.4382e-03    8.8141e-04    1.6029e-03
   5.0000e-01   -3.0000e+00    0.0000e+00    4.6930e-01   -2.9631e+00    1.4979e-03    2.0055e-04    1.5739e-03    7.0799e-05
   5.0000e-01   -3.0000e+00    0.0000e+00    6.2374e-01   -2.9344e+00    9.0310e-04   -1.1913e-03    6.2127e-04   -1.4574e-03
   5.0000e-01   -3.0000e+00    0.0000e+00    7.7646e-01   -2.8978e+00   -5.3535e-04   -1.3791e-03   -4.0129e-04   -8.0512e-04
   5.0000e-01   -3.0000e+00    0.0000e+00    9.2705e-01   -2.8532e+00   -1.4285e-03   -3.2559e-04   -1.9137e-03   -1.3368e-04
   5.0000e-01   -3.0000e+00    0.0000e+00    1.0751e+00   -2.8007e+00   -1.0814e-03    9.6874e-04   -1.7173e-03    7.0787e-04
   5.0000e-01   -3.0000e+00    0.0000e+00    1.2202e+00   -2.7406e+00    1.0504e-04    1.4354e-03   -5.6329e-04    1.2323e-03
   5.0000e-01   -3.0000e+00    0.0000e+00    1.3620e+00   -2.6730e+00    1.1671e-03    8.2095e-04    -8.5689e-05    1.1614e-03
   5.0000e-01   -3.0000e+00    0.0000e+00    1.5000e+00   -2.5981e+00    1.3812e-03   -3.1295e-04    3.8761e-04   -8.2526e-05
   5.0000e-01   -3.0000e+00    0.0000e+00    1.6339e+00   -2.5160e+00    7.3251e-04   -1.1998e-03    -9.0673e-04   -9.1900e-04
   5.0000e-01   -3.0000e+00    0.0000e+00    1.7634e+00   -2.4271e+00   -3.0993e-04   -1.3611e-03   -1.2922e-03   -1.3234e-03
   5.0000e-01   -3.0000e+00    0.0000e+00    1.8880e+00   -2.3314e+00   -1.1343e-03   -7.9780e-04   -1.5752e-03   -5.7353e-04
   5.0000e-01   -3.0000e+00    0.0000e+00    2.0074e+00   -2.2294e+00   -1.3755e-03    9.2131e-05   -2.0017e-03    3.7537e-04
   5.0000e-01   -3.0000e+00    0.0000e+00    2.1213e+00   -2.1213e+00   -1.0381e-03    8.9551e-04   -1.5497e-03    8.8152e-04
   5.0000e-01   -3.0000e+00    0.0000e+00    2.2294e+00   -2.0074e+00   -3.2758e-04    1.3239e-03   -9.2374e-04    1.5192e-03
   5.0000e-01   -3.0000e+00    0.0000e+00    2.3314e+00   -1.8880e+00    4.4494e-04    1.2819e-03    2.2787e-04    1.3736e-03
   5.0000e-01   -3.0000e+00    0.0000e+00    2.4271e+00   -1.7634e+00    1.0197e-03    8.8620e-04    9.7180e-04    1.3845e-03
   5.0000e-01   -3.0000e+00    0.0000e+00    2.5160e+00   -1.6339e+00    1.3098e-03    3.0879e-04    9.7553e-04    9.0624e-04
   5.0000e-01   -3.0000e+00    0.0000e+00    2.5981e+00   -1.5000e+00    1.3083e-03   -2.9235e-04    1.2490e-03    -1.3586e-04
   5.0000e-01   -3.0000e+00    0.0000e+00    2.6730e+00   -1.3620e+00    1.0822e-03   -7.8348e-04    1.1074e-03   -7.2959e-04
   5.0000e-01   -3.0000e+00    0.0000e+00    2.7406e+00   -1.2202e+00    7.3465e-04   -1.1115e-03    1.3831e-03   -6.8267e-04
   5.0000e-01   -3.0000e+00    0.0000e+00    2.8007e+00   -1.0751e+00    3.4670e-04   -1.2829e-03    1.0057e-03   -4.0872e-04
   5.0000e-01   -3.0000e+00    0.0000e+00    2.8532e+00   -9.2705e-01   -1.8838e-05   -1.3255e-03    1.2741e-03   -6.2806e-04
   5.0000e-01   -3.0000e+00    0.0000e+00    2.8978e+00   -7.7646e-01   -3.3409e-04   -1.2802e-03    1.6000e-04   -3.6674e-04
   5.0000e-01   -3.0000e+00    0.0000e+00    2.9344e+00   -6.2374e-01   -5.6819e-04   -1.1928e-03    7.1740e-05   -6.6720e-04
   5.0000e-01   -3.0000e+00    0.0000e+00    2.9631e+00   -4.6930e-01   -7.4048e-04   -1.0921e-03    6.4864e-04    3.8179e-04
   5.0000e-01   -3.0000e+00    0.0000e+00    2.9836e+00   -3.1359e-01   -8.4724e-04   -1.0101e-03    -2.1531e-04    -5.2165e-04
   5.0000e-01   -3.0000e+00    0.0000e+00    2.9959e+00   -1.5701e-01   -9.1235e-04   -9.5109e-04    3.5968e-04    3.9346e-04
   5.0000e-01   -2.6000e+00   -1.5000e+00    3.0000e+00    0.0000e+00    1.3015e-03   -3.2094e-04    8.1645e-04    -2.2301e-04
   5.0000e-01   -2.6000e+00   -1.5000e+00    2.9959e+00    1.5701e-01    1.0729e-03   -7.9643e-04    1.7830e-03   -6.1511e-06
   5.0000e-01   -2.6000e+00   -1.5000e+00    2.9836e+00    3.1359e-01    7.2163e-04   -1.1196e-03    9.7796e-04   -1.8091e-04
   5.0000e-01   -2.6000e+00   -1.5000e+00    2.9631e+00    4.6930e-01    3.2275e-04   -1.2887e-03    1.0027e-03   -9.3201e-04
   5.0000e-01   -2.6000e+00   -1.5000e+00    2.9344e+00    6.2374e-01   -4.4490e-05   -1.3249e-03    5.0626e-04   -7.8080e-04
   5.0000e-01   -2.6000e+00   -1.5000e+00    2.8978e+00    7.7646e-01   -3.5589e-04   -1.2742e-03    1.8965e-04   -2.7787e-04
   5.0000e-01   -2.6000e+00   -1.5000e+00    2.8532e+00    9.2705e-01   -5.8517e-04   -1.1844e-03    7.7603e-04   -8.0065e-04
   5.0000e-01   -2.6000e+00   -1.5000e+00    2.8007e+00    1.0751e+00   -7.5739e-04   -1.0808e-03    5.2906e-04   -5.3386e-04
   5.0000e-01   -2.6000e+00   -1.5000e+00    2.7406e+00    1.2202e+00   -8.6842e-04   -9.9226e-04    1.6208e-04    2.3942e-05
   5.0000e-01   -2.6000e+00   -1.5000e+00    2.6730e+00    1.3620e+00   -9.3393e-04   -9.2945e-04    4.4840e-04   -7.1637e-05
   5.0000e-01   -2.6000e+00   -1.5000e+00    2.5981e+00    1.5000e+00   -9.5032e-04   -9.1263e-04    9.0579e-05    4.6096e-04
   5.0000e-01   -2.6000e+00   -1.5000e+00    2.5160e+00    1.6339e+00   -9.2580e-04   -9.3803e-04    4.9561e-04    1.3499e-04
   5.0000e-01   -2.6000e+00   -1.5000e+00    2.4271e+00    1.7634e+00   -8.6831e-04   -9.9206e-04    1.3220e-04   -2.4519e-04
   5.0000e-01   -2.6000e+00   -1.5000e+00    2.3314e+00    1.8880e+00   -7.6520e-04   -1.0749e-03    4.1969e-04   -4.0345e-04
   5.0000e-01   -2.6000e+00   -1.5000e+00    2.2294e+00    2.0074e+00   -5.8581e-04   -1.1844e-03   -3.5776e-04   -8.9766e-04
   5.0000e-01   -2.6000e+00   -1.5000e+00    2.1213e+00    2.1213e+00   -3.3918e-04   -1.2793e-03    1.3856e-04   -1.6957e-03
   5.0000e-01   -2.6000e+00   -1.5000e+00    2.0074e+00    2.2294e+00   -3.7765e-05   -1.3252e-03    -3.1998e-05   -8.2754e-04
   5.0000e-01   -2.6000e+00   -1.5000e+00    1.8880e+00    2.3314e+00    3.1783e-04   -1.2901e-03    1.5778e-05   -1.3876e-03
   5.0000e-01   -2.6000e+00   -1.5000e+00    1.7634e+00    2.4271e+00    7.1905e-04   -1.1216e-03    8.4061e-04   -1.2160e-03
   5.0000e-01   -2.6000e+00   -1.5000e+00    1.6339e+00    2.5160e+00    1.0785e-03   -7.8904e-04    7.4929e-04   -1.6378e-03
   5.0000e-01   -2.6000e+00   -1.5000e+00    1.5000e+00    2.5981e+00    1.3052e-03   -3.0681e-04    1.2175e-03   -1.2197e-03
   5.0000e-01   -2.6000e+00   -1.5000e+00    1.3620e+00    2.6730e+00    1.3155e-03    2.8246e-04    1.7235e-03   -4.3459e-04
   5.0000e-01   -2.6000e+00   -1.5000e+00    1.2202e+00    2.7406e+00    1.0287e-03    8.7632e-04    1.1828e-03    -3.2070e-04
   5.0000e-01   -2.6000e+00   -1.5000e+00    1.0751e+00    2.8007e+00    4.4779e-04    1.2814e-03    5.1124e-04    1.2769e-03
   5.0000e-01   -2.6000e+00   -1.5000e+00    9.2705e-01    2.8532e+00   -3.2064e-04    1.3256e-03   -4.7165e-04    3.7547e-05
   5.0000e-01   -2.6000e+00   -1.5000e+00    7.7646e-01    2.8978e+00   -1.0206e-03    9.1513e-04   -7.3804e-04    -1.3077e-04
   5.0000e-01   -2.6000e+00   -1.5000e+00    6.2374e-01    2.9344e+00   -1.3743e-03    1.0938e-04   -1.9233e-03   -1.1331e-03
   5.0000e-01   -2.6000e+00   -1.5000e+00    4.6930e-01    2.9631e+00   -1.1355e-03   -7.9642e-04   -1.6256e-03   -1.4042e-03
   5.0000e-01   -2.6000e+00   -1.5000e+00    3.1359e-01    2.9836e+00   -3.1029e-04   -1.3610e-03   -6.5953e-04   -2.3922e-03
   5.0000e-01   -2.6000e+00   -1.5000e+00    1.5701e-01    2.9959e+00    7.2073e-04   -1.2068e-03    5.5472e-04   -1.7026e-03
   5.0000e-01   -2.6000e+00   -1.5000e+00    0.0000e+00    3.0000e+00    1.3774e-03   -3.2854e-04    1.6642e-03   -4.5135e-04
   5.0000e-01   -2.6000e+00   -1.5000e+00   -1.5701e-01    2.9959e+00    1.1688e-03    8.1876e-04    1.0398e-03    7.1252e-04
   5.0000e-01   -2.6000e+00   -1.5000e+00   -3.1359e-01    2.9836e+00    1.1750e-04    1.4338e-03    -1.6363e-04    1.6692e-03
   5.0000e-01   -2.6000e+00   -1.5000e+00   -4.6930e-01    2.9631e+00   -1.0709e-03    9.7946e-04   -8.5105e-04    8.0328e-04
   5.0000e-01   -2.6000e+00   -1.5000e+00   -6.2374e-01    2.9344e+00   -1.4321e-03   -3.0858e-04   -1.9835e-03   -1.3893e-04
   5.0000e-01   -2.6000e+00   -1.5000e+00   -7.7646e-01    2.8978e+00   -5.4772e-04   -1.3739e-03   -6.9527e-04   -1.6720e-03
   5.0000e-01   -2.6000e+00   -1.5000e+00   -9.2705e-01    2.8532e+00    8.9316e-04   -1.1982e-03    6.3357e-04   -1.4099e-03
   5.0000e-01   -2.6000e+00   -1.5000e+00   -1.0751e+00    2.8007e+00    1.4993e-03    1.8826e-04    1.7192e-03    4.1667e-04
   5.0000e-01   -2.6000e+00   -1.5000e+00   -1.2202e+00    2.7406e+00    5.4229e-04    1.4291e-03    6.2675e-04    2.2311e-03
   5.0000e-01   -2.6000e+00   -1.5000e+00   -1.3620e+00    2.6730e+00   -1.0600e-03    1.1265e-03   -1.4091e-03    1.4193e-03
   5.0000e-01   -2.6000e+00   -1.5000e+00   -1.5000e+00    2.5981e+00   -1.4816e-03   -5.0914e-04   -1.8323e-03   -8.2719e-05
   5.0000e-01   -2.6000e+00   -1.5000e+00   -1.6339e+00    2.5160e+00   -9.1230e-05   -1.5855e-03    2.5603e-04   -1.2892e-03
   5.0000e-01   -2.6000e+00   -1.5000e+00   -1.7634e+00    2.4271e+00    1.4697e-03   -6.5840e-04    1.8228e-03   -2.0031e-04
   5.0000e-01   -2.6000e+00   -1.5000e+00   -1.8880e+00    2.3314e+00    1.1270e-03    1.1839e-03    1.5000e-03    9.3622e-04
   5.0000e-01   -2.6000e+00   -1.5000e+00   -2.0074e+00    2.2294e+00   -8.0761e-04    1.4513e-03   -2.7651e-04    2.2875e-03
   5.0000e-01   -2.6000e+00   -1.5000e+00   -2.1213e+00    2.1213e+00   -1.6422e-03   -3.9365e-04   -1.0102e-03   -2.9650e-04
   5.0000e-01   -2.6000e+00   -1.5000e+00   -2.2294e+00    2.0074e+00   -3.1695e-05   -1.7180e-03    9.0563e-04   -1.4813e-03
   5.0000e-01   -2.6000e+00   -1.5000e+00   -2.3314e+00    1.8880e+00    1.6948e-03   -4.3737e-04    2.3518e-03   -8.8784e-05
   5.0000e-01   -2.6000e+00   -1.5000e+00   -2.4271e+00    1.7634e+00    7.7948e-04    1.6058e-03    1.5211e-03    1.1174e-03
   5.0000e-01   -2.6000e+00   -1.5000e+00   -2.5160e+00    1.6339e+00   -1.4775e-03    1.0672e-03   -1.5424e-03    1.2959e-03
   5.0000e-01   -2.6000e+00   -1.5000e+00   -2.5981e+00    1.5000e+00   -1.3162e-03   -1.3193e-03   -1.2106e-03   -1.4246e-03
   5.0000e-01   -2.6000e+00   -1.5000e+00   -2.6730e+00    1.3620e+00    1.1473e-03   -1.5231e-03    1.8378e-03   -1.7057e-03
   5.0000e-01   -2.6000e+00   -1.5000e+00   -2.7406e+00    1.2202e+00    1.6790e-03    1.0031e-03    1.9156e-03    1.1585e-03
   5.0000e-01   -2.6000e+00   -1.5000e+00   -2.8007e+00    1.0751e+00   -8.5948e-04    1.8151e-03   -8.4428e-04    1.0427e-03
   5.0000e-01   -2.6000e+00   -1.5000e+00   -2.8532e+00    9.2705e-01   -1.9241e-03   -7.5239e-04   -2.5162e-03   -7.6703e-04
   5.0000e-01   -2.6000e+00   -1.5000e+00   -2.8978e+00    7.7646e-01    6.4339e-04   -2.0301e-03    1.4579e-03   -2.1651e-03
   5.0000e-01   -2.6000e+00   -1.5000e+00   -2.9344e+00    6.2374e-01    2.1253e-03    5.7127e-04    2.1344e-03    1.4717e-03
   5.0000e-01   -2.6000e+00   -1.5000e+00   -2.9631e+00    4.6930e-01   -5.4452e-04    2.2146e-03   -5.2755e-04    2.6129e-03
   5.0000e-01   -2.6000e+00   -1.5000e+00   -2.9836e+00    3.1359e-01   -2.3052e-03   -5.5173e-04   -2.2001e-03   -5.8034e-04
   5.0000e-01   -2.6000e+00   -1.5000e+00   -2.9959e+00    1.5701e-01    5.6829e-04   -2.4061e-03    2.6166e-04   -2.2758e-03
   5.0000e-01   -2.6000e+00   -1.5000e+00   -3.0000e+00    0.0000e+00    2.5114e-03    6.3483e-04    2.5139e-03    7.1340e-04
   5.0000e-01   -2.6000e+00   -1.5000e+00   -1.5000e+00   -2.5981e+00    2.5249e-03    5.7145e-04    2.3189e-03    6.5877e-04
   5.0000e-01   -2.6000e+00   -1.5000e+00   -1.3620e+00   -2.6730e+00    5.2353e-04   -2.4153e-03    8.9934e-04   -1.5641e-03
   5.0000e-01   -2.6000e+00   -1.5000e+00   -1.2202e+00   -2.7406e+00   -2.3185e-03   -4.8996e-04   -2.6303e-03   -3.5169e-04
   5.0000e-01   -2.6000e+00   -1.5000e+00   -1.0751e+00   -2.8007e+00   -5.0382e-04    2.2239e-03   -9.2238e-04    2.0569e-03
   5.0000e-01   -2.6000e+00   -1.5000e+00   -9.2705e-01   -2.8532e+00    2.1349e-03    5.3161e-04    1.4476e-03    1.1983e-03
   5.0000e-01   -2.6000e+00   -1.5000e+00   -7.7646e-01   -2.8978e+00    6.0739e-04   -2.0407e-03    3.7181e-04   -1.6434e-03
   5.0000e-01   -2.6000e+00   -1.5000e+00   -6.2374e-01   -2.9344e+00   -1.9382e-03   -7.1461e-04   -2.3970e-03   -1.4880e-03
   5.0000e-01   -2.6000e+00   -1.5000e+00   -4.6930e-01   -2.9631e+00   -8.2701e-04    1.8294e-03   -3.0912e-04    1.3031e-03
   5.0000e-01   -2.6000e+00   -1.5000e+00   -3.1359e-01   -2.9836e+00    1.6981e-03    9.6838e-04    1.2556e-03    1.4216e-03
   5.0000e-01   -2.6000e+00   -1.5000e+00   -1.5701e-01   -2.9959e+00    1.1314e-03   -1.5352e-03    1.0953e-03   -1.5869e-03
   5.0000e-01   -2.6000e+00   -1.5000e+00    0.0000e+00   -3.0000e+00   -1.3339e-03   -1.3009e-03   -9.1714e-04   -1.4019e-03
   5.0000e-01   -2.6000e+00   -1.5000e+00    1.5701e-01   -2.9959e+00   -1.4612e-03    1.0892e-03   -1.2161e-03    6.3690e-04
   5.0000e-01   -2.6000e+00   -1.5000e+00    3.1359e-01   -2.9836e+00    7.8773e-04    1.6019e-03    1.2722e-03    1.3776e-03
   5.0000e-01   -2.6000e+00   -1.5000e+00    4.6930e-01   -2.9631e+00    1.6911e-03   -4.5204e-04    1.7544e-03   -7.4102e-04
   5.0000e-01   -2.6000e+00   -1.5000e+00    6.2374e-01   -2.9344e+00   -6.6153e-05   -1.7170e-03   -3.3393e-04   -1.8542e-03
   5.0000e-01   -2.6000e+00   -1.5000e+00    7.7646e-01   -2.8978e+00   -1.6494e-03   -3.5984e-04   -1.2907e-03   -4.8224e-04
   5.0000e-01   -2.6000e+00   -1.5000e+00    9.2705e-01   -2.8532e+00   -7.9794e-04    1.4563e-03   -6.8131e-04    1.2622e-03
   5.0000e-01   -2.6000e+00   -1.5000e+00    1.0751e+00   -2.8007e+00    1.1381e-03    1.1738e-03    1.6598e-03    6.4258e-04
   5.0000e-01   -2.6000e+00   -1.5000e+00    1.2202e+00   -2.7406e+00    1.4607e-03   -6.7889e-04    9.2368e-04   -1.7753e-04
   5.0000e-01   -2.6000e+00   -1.5000e+00    1.3620e+00   -2.6730e+00   -1.2656e-04   -1.5824e-03   -8.4447e-04   -9.5244e-04
   5.0000e-01   -2.6000e+00   -1.5000e+00    1.5000e+00   -2.5981e+00   -1.4881e-03   -4.9040e-04   -1.4702e-03   -2.9145e-04
   5.0000e-01   -2.6000e+00   -1.5000e+00    1.6339e+00   -2.5160e+00   -1.0478e-03    1.1377e-03   -9.4384e-04    9.7404e-04
   5.0000e-01   -2.6000e+00   -1.5000e+00    1.7634e+00   -2.4271e+00    5.6453e-04    1.4198e-03    6.9178e-04    2.2274e-03
   5.0000e-01   -2.6000e+00   -1.5000e+00    1.8880e+00   -2.3314e+00    1.5025e-03    1.5483e-04    1.8200e-03    1.1612e-05
   5.0000e-01   -2.6000e+00   -1.5000e+00    2.0074e+00   -2.2294e+00    8.8005e-04   -1.2074e-03    1.1340e-03   -1.5006e-03
   5.0000e-01   -2.6000e+00   -1.5000e+00    2.1213e+00   -2.1213e+00   -5.5625e-04   -1.3704e-03   -8.9699e-04   -1.1930e-03
   5.0000e-01   -2.6000e+00   -1.5000e+00    2.2294e+00   -2.0074e+00   -1.4371e-03   -2.8278e-04   -1.3484e-03   -6.4223e-04
   5.0000e-01   -2.6000e+00   -1.5000e+00    2.3314e+00   -1.8880e+00   -1.0509e-03    1.0002e-03   -1.1191e-03    9.8266e-04
   5.0000e-01   -2.6000e+00   -1.5000e+00    2.4271e+00   -1.7634e+00    1.3889e-04    1.4315e-03   -9.6704e-04    1.8976e-03
   5.0000e-01   -2.6000e+00   -1.5000e+00    2.5160e+00   -1.6339e+00    1.1783e-03    8.0437e-04    4.2031e-04    1.9491e-04
   5.0000e-01   -2.6000e+00   -1.5000e+00    2.5981e+00   -1.5000e+00    1.3726e-03   -3.4526e-04    9.7295e-04   -8.5629e-04
   5.0000e-01   -2.6000e+00   -1.5000e+00    2.6730e+00   -1.3620e+00    6.9868e-04   -1.2190e-03   -1.6651e-04   -1.5460e-03
   5.0000e-01   -2.6000e+00   -1.5000e+00    2.7406e+00   -1.2202e+00   -3.3739e-04   -1.3542e-03   -1.3842e-03   -9.1556e-04
   5.0000e-01   -2.6000e+00   -1.5000e+00    2.8007e+00   -1.0751e+00   -1.1440e-03   -7.8363e-04   -1.6813e-03   -1.2663e-03
   5.0000e-01   -2.6000e+00   -1.5000e+00    2.8532e+00   -9.2705e-01   -1.3726e-03    1.2285e-04   -2.1817e-03    1.9934e-04
   5.0000e-01   -2.6000e+00   -1.5000e+00    2.8978e+00   -7.7646e-01   -1.0105e-03    9.2567e-04   -1.1966e-03    1.1616e-03
   5.0000e-01   -2.6000e+00   -1.5000e+00    2.9344e+00   -6.2374e-01   -3.0380e-04    1.3292e-03   -1.2973e-03    9.7670e-04
   5.0000e-01   -2.6000e+00   -1.5000e+00    2.9631e+00   -4.6930e-01    4.6082e-04    1.2760e-03    2.5818e-04    1.6957e-03
   5.0000e-01   -2.6000e+00   -1.5000e+00    2.9836e+00   -3.1359e-01    1.0333e-03    8.7002e-04    5.4070e-04    8.6154e-04
   5.0000e-01   -2.6000e+00   -1.5000e+00    2.9959e+00   -1.5701e-01    1.3156e-03    2.8222e-04    1.3923e-03    6.7546e-04
   5.0000e-01   -1.5000e+00   -2.6000e+00    3.0000e+00    0.0000e+00    1.3774e-03   -3.2854e-04    -1.8624e-04   -1.6527e-04
   5.0000e-01   -1.5000e+00   -2.6000e+00    2.9959e+00    1.5701e-01    7.2073e-04   -1.2068e-03    3.4384e-04   -1.4395e-03
   5.0000e-01   -1.5000e+00   -2.6000e+00    2.9836e+00    3.1359e-01   -3.1029e-04   -1.3610e-03   -6.8069e-04   -1.4717e-03
   5.0000e-01   -1.5000e+00   -2.6000e+00    2.9631e+00    4.6930e-01   -1.1355e-03   -7.9642e-04   -1.7191e-03   -7.1808e-04
   5.0000e-01   -1.5000e+00   -2.6000e+00    2.9344e+00    6.2374e-01   -1.3743e-03    1.0938e-04   -2.5808e-03    6.1058e-04
   5.0000e-01   -1.5000e+00   -2.6000e+00    2.8978e+00    7.7646e-01   -1.0206e-03    9.1513e-04   -1.6464e-03    1.9267e-03
   5.0000e-01   -1.5000e+00   -2.6000e+00    2.8532e+00    9.2705e-01   -3.2064e-04    1.3256e-03   -5.6054e-04    1.2895e-03
   5.0000e-01   -1.5000e+00   -2.6000e+00    2.8007e+00    1.0751e+00    4.4779e-04    1.2814e-03    1.0220e-04    2.2066e-03
   5.0000e-01   -1.5000e+00   -2.6000e+00    2.7406e+00    1.2202e+00    1.0287e-03    8.7632e-04    9.4515e-04    2.1659e-03
   5.0000e-01   -1.5000e+00   -2.6000e+00    2.6730e+00    1.3620e+00    1.3155e-03    2.8246e-04    1.7065e-03    7.2092e-04
   5.0000e-01   -1.5000e+00   -2.6000e+00    2.5981e+00    1.5000e+00    1.3052e-03   -3.0681e-04    1.2232e-03    1.2748e-03
   5.0000e-01   -1.5000e+00   -2.6000e+00    2.5160e+00    1.6339e+00    1.0785e-03   -7.8904e-04    1.3839e-03   -2.4935e-04
   5.0000e-01   -1.5000e+00   -2.6000e+00    2.4271e+00    1.7634e+00    7.1905e-04   -1.1216e-03    1.1053e-04   -8.6120e-04
   5.0000e-01   -1.5000e+00   -2.6000e+00    2.3314e+00    1.8880e+00    3.1783e-04   -1.2901e-03    5.4532e-04   -4.9818e-04
   5.0000e-01   -1.5000e+00   -2.6000e+00    2.2294e+00    2.0074e+00   -3.7765e-05   -1.3252e-03    -6.3762e-05   -6.9247e-04
   5.0000e-01   -1.5000e+00   -2.6000e+00    2.1213e+00    2.1213e+00   -3.3918e-04   -1.2793e-03   -5.7144e-04   -2.3190e-04
   5.0000e-01   -1.5000e+00   -2.6000e+00    2.0074e+00    2.2294e+00   -5.8581e-04   -1.1844e-03   -4.9441e-04   -2.2606e-04
   5.0000e-01   -1.5000e+00   -2.6000e+00    1.8880e+00    2.3314e+00   -7.6520e-04   -1.0749e-03   -1.2224e-03    3.2356e-04
   5.0000e-01   -1.5000e+00   -2.6000e+00    1.7634e+00    2.4271e+00   -8.6831e-04   -9.9206e-04   -3.3812e-04    1.0249e-04
   5.0000e-01   -1.5000e+00   -2.6000e+00    1.6339e+00    2.5160e+00   -9.2580e-04   -9.3803e-04   -1.5529e-03    3.0967e-05
   5.0000e-01   -1.5000e+00   -2.6000e+00    1.5000e+00    2.5981e+00   -9.5032e-04   -9.1263e-04   -1.3732e-03   -1.7784e-04
   5.0000e-01   -1.5000e+00   -2.6000e+00    1.3620e+00    2.6730e+00   -9.3393e-04   -9.2945e-04   -4.6961e-04   -4.4025e-05
   5.0000e-01   -1.5000e+00   -2.6000e+00    1.2202e+00    2.7406e+00   -8.6842e-04   -9.9226e-04   -5.9799e-04    9.1341e-05
   5.0000e-01   -1.5000e+00   -2.6000e+00    1.0751e+00    2.8007e+00   -7.5739e-04   -1.0808e-03   -7.2885e-04   -1.0101e-03
   5.0000e-01   -1.5000e+00   -2.6000e+00    9.2705e-01    2.8532e+00   -5.8517e-04   -1.1844e-03   -8.5042e-04   -8.9231e-04
   5.0000e-01   -1.5000e+00   -2.6000e+00    7.7646e-01    2.8978e+00   -3.5589e-04   -1.2742e-03   -1.8977e-04   -1.4240e-03
   5.0000e-01   -1.5000e+00   -2.6000e+00    6.2374e-01    2.9344e+00   -4.4490e-05   -1.3249e-03    5.9053e-05   -1.1599e-03
   5.0000e-01   -1.5000e+00   -2.6000e+00    4.6930e-01    2.9631e+00    3.2275e-04   -1.2887e-03    -7.6324e-05   -1.4834e-03
   5.0000e-01   -1.5000e+00   -2.6000e+00    3.1359e-01    2.9836e+00    7.2163e-04   -1.1196e-03    2.6752e-04   -9.0594e-04
   5.0000e-01   -1.5000e+00   -2.6000e+00    1.5701e-01    2.9959e+00    1.0729e-03   -7.9643e-04    6.7162e-04   -4.3876e-04
   5.0000e-01   -1.5000e+00   -2.6000e+00    0.0000e+00    3.0000e+00    1.3015e-03   -3.2094e-04    3.6382e-04   -7.4865e-04
   5.0000e-01   -1.5000e+00   -2.6000e+00   -1.5701e-01    2.9959e+00    1.3156e-03    2.8222e-04    5.5153e-04    7.6424e-04
   5.0000e-01   -1.5000e+00   -2.6000e+00   -3.1359e-01    2.9836e+00    1.0333e-03    8.7002e-04    5.6869e-04    9.8292e-04
   5.0000e-01   -1.5000e+00   -2.6000e+00   -4.6930e-01    2.9631e+00    4.6082e-04    1.2760e-03    2.5038e-04    1.6222e-03
   5.0000e-01   -1.5000e+00   -2.6000e+00   -6.2374e-01    2.9344e+00   -3.0380e-04    1.3292e-03   -9.0199e-04    9.5279e-04
   5.0000e-01   -1.5000e+00   -2.6000e+00   -7.7646e-01    2.8978e+00   -1.0105e-03    9.2567e-04   -1.5238e-03    5.2326e-04
   5.0000e-01   -1.5000e+00   -2.6000e+00   -9.2705e-01    2.8532e+00   -1.3726e-03    1.2285e-04   -1.7496e-03    -1.1661e-05
   5.0000e-01   -1.5000e+00   -2.6000e+00   -1.0751e+00    2.8007e+00   -1.1440e-03   -7.8363e-04   -1.3506e-03   -5.8634e-04
   5.0000e-01   -1.5000e+00   -2.6000e+00   -1.2202e+00    2.7406e+00   -3.3739e-04   -1.3542e-03   -7.2127e-04   -1.0217e-03
   5.0000e-01   -1.5000e+00   -2.6000e+00   -1.3620e+00    2.6730e+00    6.9868e-04   -1.2190e-03    1.5003e-03   -1.7923e-03
   5.0000e-01   -1.5000e+00   -2.6000e+00   -1.5000e+00    2.5981e+00    1.3726e-03   -3.4526e-04    2.0856e-03   -6.5643e-04
   5.0000e-01   -1.5000e+00   -2.6000e+00   -1.6339e+00    2.5160e+00    1.1783e-03    8.0437e-04    6.1055e-04    4.4021e-04
   5.0000e-01   -1.5000e+00   -2.6000e+00   -1.7634e+00    2.4271e+00    1.3889e-04    1.4315e-03    3.5155e-04    1.4165e-03
   5.0000e-01   -1.5000e+00   -2.6000e+00   -1.8880e+00    2.3314e+00   -1.0509e-03    1.0002e-03   -1.2844e-03    6.3205e-04
   5.0000e-01   -1.5000e+00   -2.6000e+00   -2.0074e+00    2.2294e+00   -1.4371e-03   -2.8278e-04   -1.7001e-03   -3.1363e-04
   5.0000e-01   -1.5000e+00   -2.6000e+00   -2.1213e+00    2.1213e+00   -5.5625e-04   -1.3704e-03   -1.0468e-04   -1.7742e-03
   5.0000e-01   -1.5000e+00   -2.6000e+00   -2.2294e+00    2.0074e+00    8.8005e-04   -1.2074e-03    6.3370e-04   -1.7222e-03
   5.0000e-01   -1.5000e+00   -2.6000e+00   -2.3314e+00    1.8880e+00    1.5025e-03    1.5483e-04    6.4891e-04   -3.0383e-04
   5.0000e-01   -1.5000e+00   -2.6000e+00   -2.4271e+00    1.7634e+00    5.6453e-04    1.4198e-03    6.2021e-04    8.0614e-04
   5.0000e-01   -1.5000e+00   -2.6000e+00   -2.5160e+00    1.6339e+00   -1.0478e-03    1.1377e-03   -1.3552e-03    1.0224e-03
   5.0000e-01   -1.5000e+00   -2.6000e+00   -2.5981e+00    1.5000e+00   -1.4881e-03   -4.9040e-04   -1.5682e-03   -8.7052e-04
   5.0000e-01   -1.5000e+00   -2.6000e+00   -2.6730e+00    1.3620e+00   -1.2656e-04   -1.5824e-03   -2.0094e-04   -2.0345e-03
   5.0000e-01   -1.5000e+00   -2.6000e+00   -2.7406e+00    1.2202e+00    1.4607e-03   -6.7889e-04    1.6174e-03   -1.6322e-03
   5.0000e-01   -1.5000e+00   -2.6000e+00   -2.8007e+00    1.0751e+00    1.1381e-03    1.1738e-03    7.7208e-04    -5.0364e-05
   5.0000e-01   -1.5000e+00   -2.6000e+00   -2.8532e+00    9.2705e-01   -7.9794e-04    1.4563e-03   -1.3382e-03    1.8100e-03
   5.0000e-01   -1.5000e+00   -2.6000e+00   -2.8978e+00    7.7646e-01   -1.6494e-03   -3.5984e-04   -2.5194e-03   -1.0210e-03
   5.0000e-01   -1.5000e+00   -2.6000e+00   -2.9344e+00    6.2374e-01   -6.6153e-05   -1.7170e-03   -5.1630e-04   -1.6013e-03
   5.0000e-01   -1.5000e+00   -2.6000e+00   -2.9631e+00    4.6930e-01    1.6911e-03   -4.5204e-04    1.5155e-03   -7.4470e-04
   5.0000e-01   -1.5000e+00   -2.6000e+00   -2.9836e+00    3.1359e-01    7.8773e-04    1.6019e-03    9.9424e-04    1.5630e-03
   5.0000e-01   -1.5000e+00   -2.6000e+00   -2.9959e+00    1.5701e-01   -1.4612e-03    1.0892e-03   -1.4161e-03    1.7104e-03
   5.0000e-01   -1.5000e+00   -2.6000e+00   -3.0000e+00    0.0000e+00   -1.3339e-03   -1.3009e-03   -1.9899e-03   -1.6999e-03
   5.0000e-01   -1.5000e+00   -2.6000e+00   -2.9959e+00   -1.5701e-01    1.1314e-03   -1.5352e-03    1.0612e-03   -1.2932e-03
   5.0000e-01   -1.5000e+00   -2.6000e+00   -2.9836e+00   -3.1359e-01    1.6981e-03    9.6838e-04    1.5042e-03    1.2734e-03
   5.0000e-01   -1.5000e+00   -2.6000e+00   -2.9631e+00   -4.6930e-01   -8.2701e-04    1.8294e-03   -1.0149e-03    2.6088e-03
   5.0000e-01   -1.5000e+00   -2.6000e+00   -2.9344e+00   -6.2374e-01   -1.9382e-03   -7.1461e-04   -3.1054e-03   -3.7537e-05
   5.0000e-01   -1.5000e+00   -2.6000e+00   -2.8978e+00   -7.7646e-01    6.0739e-04   -2.0407e-03    6.3224e-04   -1.8721e-03
   5.0000e-01   -1.5000e+00   -2.6000e+00   -2.8532e+00   -9.2705e-01    2.1349e-03    5.3161e-04    1.7518e-03    1.1502e-03
   5.0000e-01   -1.5000e+00   -2.6000e+00   -2.8007e+00   -1.0751e+00   -5.0382e-04    2.2239e-03   -9.3468e-04    2.4064e-03
   5.0000e-01   -1.5000e+00   -2.6000e+00   -2.7406e+00   -1.2202e+00   -2.3185e-03   -4.8996e-04   -1.9329e-03   -9.7613e-04
   5.0000e-01   -1.5000e+00   -2.6000e+00   -2.6730e+00   -1.3620e+00    5.2353e-04   -2.4153e-03    6.1567e-04   -2.2592e-03
   5.0000e-01   -1.5000e+00   -2.6000e+00   -2.5981e+00   -1.5000e+00    2.5249e-03    5.7145e-04    2.6435e-03    4.0293e-04
   5.0000e-01   -1.5000e+00   -2.6000e+00    0.0000e+00   -3.0000e+00    2.5114e-03    6.3483e-04    2.4825e-03    9.4337e-04
   5.0000e-01   -1.5000e+00   -2.6000e+00    1.5701e-01   -2.9959e+00    5.6829e-04   -2.4061e-03    2.1024e-04   -1.7215e-03
   5.0000e-01   -1.5000e+00   -2.6000e+00    3.1359e-01   -2.9836e+00   -2.3052e-03   -5.5173e-04   -2.9736e-03   -8.3066e-04
   5.0000e-01   -1.5000e+00   -2.6000e+00    4.6930e-01   -2.9631e+00   -5.4452e-04    2.2146e-03   -4.0099e-04    2.1125e-03
   5.0000e-01   -1.5000e+00   -2.6000e+00    6.2374e-01   -2.9344e+00    2.1253e-03    5.7127e-04    1.5068e-03    4.0176e-04
   5.0000e-01   -1.5000e+00   -2.6000e+00    7.7646e-01   -2.8978e+00    6.4339e-04   -2.0301e-03    8.8784e-04   -1.7466e-03
   5.0000e-01   -1.5000e+00   -2.6000e+00    9.2705e-01   -2.8532e+00   -1.9241e-03   -7.5239e-04   -2.5345e-03   -1.3959e-03
   5.0000e-01   -1.5000e+00   -2.6000e+00    1.0751e+00   -2.8007e+00   -8.5948e-04    1.8151e-03   -6.0348e-04    1.9340e-03
   5.0000e-01   -1.5000e+00   -2.6000e+00    1.2202e+00   -2.7406e+00    1.6790e-03    1.0031e-03    1.2816e-03    7.2931e-04
   5.0000e-01   -1.5000e+00   -2.6000e+00    1.3620e+00   -2.6730e+00    1.1473e-03   -1.5231e-03    1.9800e-04   -1.9298e-03
   5.0000e-01   -1.5000e+00   -2.6000e+00    1.5000e+00   -2.5981e+00   -1.3162e-03   -1.3193e-03   -1.3935e-03   -1.4255e-03
   5.0000e-01   -1.5000e+00   -2.6000e+00    1.6339e+00   -2.5160e+00   -1.4775e-03    1.0672e-03   -1.0403e-03    1.4648e-03
   5.0000e-01   -1.5000e+00   -2.6000e+00    1.7634e+00   -2.4271e+00    7.7948e-04    1.6058e-03    4.7130e-04    1.3563e-03
   5.0000e-01   -1.5000e+00   -2.6000e+00    1.8880e+00   -2.3314e+00    1.6948e-03   -4.3737e-04    2.0941e-03   -4.9127e-04
   5.0000e-01   -1.5000e+00   -2.6000e+00    2.0074e+00   -2.2294e+00   -3.1695e-05   -1.7180e-03    8.8462e-04   -1.6099e-03
   5.0000e-01   -1.5000e+00   -2.6000e+00    2.1213e+00   -2.1213e+00   -1.6422e-03   -3.9365e-04   -2.1047e-03   -1.0442e-03
   5.0000e-01   -1.5000e+00   -2.6000e+00    2.2294e+00   -2.0074e+00   -8.0761e-04    1.4513e-03   -1.0213e-03    2.0232e-03
   5.0000e-01   -1.5000e+00   -2.6000e+00    2.3314e+00   -1.8880e+00    1.1270e-03    1.1839e-03    1.1013e-03    3.5740e-04
   5.0000e-01   -1.5000e+00   -2.6000e+00    2.4271e+00   -1.7634e+00    1.4697e-03   -6.5840e-04    1.3126e-03   -7.1099e-04
   5.0000e-01   -1.5000e+00   -2.6000e+00    2.5160e+00   -1.6339e+00   -9.1230e-05   -1.5855e-03    4.4246e-04   -1.3867e-03
   5.0000e-01   -1.5000e+00   -2.6000e+00    2.5981e+00   -1.5000e+00   -1.4816e-03   -5.0914e-04   -1.5110e-03   -3.5677e-04
   5.0000e-01   -1.5000e+00   -2.6000e+00    2.6730e+00   -1.3620e+00   -1.0600e-03    1.1265e-03   -2.9418e-04    1.5489e-03
   5.0000e-01   -1.5000e+00   -2.6000e+00    2.7406e+00   -1.2202e+00    5.4229e-04    1.4291e-03    2.0604e-04    1.7268e-03
   5.0000e-01   -1.5000e+00   -2.6000e+00    2.8007e+00   -1.0751e+00    1.4993e-03    1.8826e-04    1.7561e-03    1.0782e-03
   5.0000e-01   -1.5000e+00   -2.6000e+00    2.8532e+00   -9.2705e-01    8.9316e-04   -1.1982e-03    7.7537e-04   -1.2274e-03
   5.0000e-01   -1.5000e+00   -2.6000e+00    2.8978e+00   -7.7646e-01   -5.4772e-04   -1.3739e-03   -7.2093e-04   -1.4353e-03
   5.0000e-01   -1.5000e+00   -2.6000e+00    2.9344e+00   -6.2374e-01   -1.4321e-03   -3.0858e-04   -1.7608e-03   -4.6240e-04
   5.0000e-01   -1.5000e+00   -2.6000e+00    2.9631e+00   -4.6930e-01   -1.0709e-03    9.7946e-04   -1.5237e-03    6.2335e-04
   5.0000e-01   -1.5000e+00   -2.6000e+00    2.9836e+00   -3.1359e-01    1.1750e-04    1.4338e-03   -1.1877e-04    1.9002e-03
   5.0000e-01   -1.5000e+00   -2.6000e+00    2.9959e+00   -1.5701e-01    1.1688e-03    8.1876e-04    -6.7678e-06    1.3005e-03
   5.0000e-01    0.0000e+00   -3.0000e+00    3.0000e+00    0.0000e+00   -1.4775e-03   -5.2313e-04   -1.7231e-03   -1.5360e-06
   5.0000e-01    0.0000e+00   -3.0000e+00    2.9959e+00    1.5701e-01   -1.0734e-03    1.1146e-03   -8.2149e-04    1.5095e-03
   5.0000e-01    0.0000e+00   -3.0000e+00    2.9836e+00    3.1359e-01    5.1821e-04    1.4382e-03    5.6560e-04    1.0723e-03
   5.0000e-01    0.0000e+00   -3.0000e+00    2.9631e+00    4.6930e-01    1.4979e-03    2.0055e-04    5.4286e-04    2.4596e-04
   5.0000e-01    0.0000e+00   -3.0000e+00    2.9344e+00    6.2374e-01    9.0310e-04   -1.1913e-03    1.7020e-04   -1.1266e-03
   5.0000e-01    0.0000e+00   -3.0000e+00    2.8978e+00    7.7646e-01   -5.3535e-04   -1.3791e-03   -1.4025e-03   -1.0976e-03
   5.0000e-01    0.0000e+00   -3.0000e+00    2.8532e+00    9.2705e-01   -1.4285e-03   -3.2559e-04   -1.6424e-03   -7.5804e-04
   5.0000e-01    0.0000e+00   -3.0000e+00    2.8007e+00    1.0751e+00   -1.0814e-03    9.6874e-04   -1.8642e-03    1.1604e-03
   5.0000e-01    0.0000e+00   -3.0000e+00    2.7406e+00    1.2202e+00    1.0504e-04    1.4354e-03   -6.3759e-05    1.5895e-03
   5.0000e-01    0.0000e+00   -3.0000e+00    2.6730e+00    1.3620e+00    1.1671e-03    8.2095e-04    4.1325e-04    9.9126e-04
   5.0000e-01    0.0000e+00   -3.0000e+00    2.5981e+00    1.5000e+00    1.3812e-03   -3.1295e-04    7.7311e-04   -3.4656e-04
   5.0000e-01    0.0000e+00   -3.0000e+00    2.5160e+00    1.6339e+00    7.3251e-04   -1.1998e-03    -3.0186e-04   -9.8590e-04
   5.0000e-01    0.0000e+00   -3.0000e+00    2.4271e+00    1.7634e+00   -3.0993e-04   -1.3611e-03   -1.1331e-03   -1.1557e-03
   5.0000e-01    0.0000e+00   -3.0000e+00    2.3314e+00    1.8880e+00   -1.1343e-03   -7.9780e-04   -2.3639e-03   -2.0127e-04
   5.0000e-01    0.0000e+00   -3.0000e+00    2.2294e+00    2.0074e+00   -1.3755e-03    9.2131e-05   -2.0732e-03    4.6125e-04
   5.0000e-01    0.0000e+00   -3.0000e+00    2.1213e+00    2.1213e+00   -1.0381e-03    8.9551e-04   -9.7880e-04    1.8199e-03
   5.0000e-01    0.0000e+00   -3.0000e+00    2.0074e+00    2.2294e+00   -3.2758e-04    1.3239e-03   -5.1950e-04    1.3742e-03
   5.0000e-01    0.0000e+00   -3.0000e+00    1.8880e+00    2.3314e+00    4.4494e-04    1.2819e-03    4.2903e-05    1.8231e-03
   5.0000e-01    0.0000e+00   -3.0000e+00    1.7634e+00    2.4271e+00    1.0197e-03    8.8620e-04    7.9885e-04    1.3808e-03
   5.0000e-01    0.0000e+00   -3.0000e+00    1.6339e+00    2.5160e+00    1.3098e-03    3.0879e-04    1.3464e-03    9.8773e-04
   5.0000e-01    0.0000e+00   -3.0000e+00    1.5000e+00    2.5981e+00    1.3083e-03   -2.9235e-04    1.5585e-03    4.3963e-04
   5.0000e-01    0.0000e+00   -3.0000e+00    1.3620e+00    2.6730e+00    1.0822e-03   -7.8348e-04    7.3330e-04   -4.6757e-04
   5.0000e-01    0.0000e+00   -3.0000e+00    1.2202e+00    2.7406e+00    7.3465e-04   -1.1115e-03    7.0094e-04   -5.5818e-04
   5.0000e-01    0.0000e+00   -3.0000e+00    1.0751e+00    2.8007e+00    3.4670e-04   -1.2829e-03    2.1952e-04   -9.0339e-04
   5.0000e-01    0.0000e+00   -3.0000e+00    9.2705e-01    2.8532e+00   -1.8838e-05   -1.3255e-03    -1.7183e-05   -1.1576e-03
   5.0000e-01    0.0000e+00   -3.0000e+00    7.7646e-01    2.8978e+00   -3.3409e-04   -1.2802e-03   -1.0445e-06   -6.3113e-04
   5.0000e-01    0.0000e+00   -3.0000e+00    6.2374e-01    2.9344e+00   -5.6819e-04   -1.1928e-03    3.0188e-04   -5.2866e-04
   5.0000e-01    0.0000e+00   -3.0000e+00    4.6930e-01    2.9631e+00   -7.4048e-04   -1.0921e-03   -5.8486e-04   -3.6235e-04
   5.0000e-01    0.0000e+00   -3.0000e+00    3.1359e-01    2.9836e+00   -8.4724e-04   -1.0101e-03   -1.0228e-03   -5.9689e-04
   5.0000e-01    0.0000e+00   -3.0000e+00    1.5701e-01    2.9959e+00   -9.1235e-04   -9.5109e-04   -7.5771e-04   -8.8975e-04
   5.0000e-01    0.0000e+00   -3.0000e+00    0.0000e+00    3.0000e+00   -9.4103e-04   -9.2224e-04    1.1906e-04   -8.2187e-04
   5.0000e-01    0.0000e+00   -3.0000e+00   -1.5701e-01    2.9959e+00   -9.1235e-04   -9.5109e-04   -4.7386e-04   -4.8731e-04
   5.0000e-01    0.0000e+00   -3.0000e+00   -3.1359e-01    2.9836e+00   -8.4724e-04   -1.0101e-03   -5.2745e-04   -1.2233e-03
   5.0000e-01    0.0000e+00   -3.0000e+00   -4.6930e-01    2.9631e+00   -7.4048e-04   -1.0921e-03   -3.3086e-04   -9.3121e-04
   5.0000e-01    0.0000e+00   -3.0000e+00   -6.2374e-01    2.9344e+00   -5.6819e-04   -1.1928e-03   -3.6032e-04   -8.9740e-04
   5.0000e-01    0.0000e+00   -3.0000e+00   -7.7646e-01    2.8978e+00   -3.3409e-04   -1.2802e-03    1.4234e-05   -8.0709e-04
   5.0000e-01    0.0000e+00   -3.0000e+00   -9.2705e-01    2.8532e+00   -1.8838e-05   -1.3255e-03    -4.3556e-04   -8.9167e-04
   5.0000e-01    0.0000e+00   -3.0000e+00   -1.0751e+00    2.8007e+00    3.4670e-04   -1.2829e-03    1.0149e-03   -1.5722e-03
   5.0000e-01    0.0000e+00   -3.0000e+00   -1.2202e+00    2.7406e+00    7.3465e-04   -1.1115e-03    3.7882e-04   -9.4698e-04
   5.0000e-01    0.0000e+00   -3.0000e+00   -1.3620e+00    2.6730e+00    1.0822e-03   -7.8348e-04    2.7804e-04   -1.0004e-03
   5.0000e-01    0.0000e+00   -3.0000e+00   -1.5000e+00    2.5981e+00    1.3083e-03   -2.9235e-04    7.9044e-04    5.5467e-04
   5.0000e-01    0.0000e+00   -3.0000e+00   -1.6339e+00    2.5160e+00    1.3098e-03    3.0879e-04    9.2769e-04    4.2673e-04
   5.0000e-01    0.0000e+00   -3.0000e+00   -1.7634e+00    2.4271e+00    1.0197e-03    8.8620e-04    6.4468e-04    1.5037e-03
   5.0000e-01    0.0000e+00   -3.0000e+00   -1.8880e+00    2.3314e+00    4.4494e-04    1.2819e-03    2.4511e-04    1.7323e-03
   5.0000e-01    0.0000e+00   -3.0000e+00   -2.0074e+00    2.2294e+00   -3.2758e-04    1.3239e-03    1.7848e-04    1.8275e-03
   5.0000e-01    0.0000e+00   -3.0000e+00   -2.1213e+00    2.1213e+00   -1.0381e-03    8.9551e-04   -1.3549e-03    1.0850e-03
   5.0000e-01    0.0000e+00   -3.0000e+00   -2.2294e+00    2.0074e+00   -1.3755e-03    9.2131e-05   -2.1789e-03    2.2653e-05
   5.0000e-01    0.0000e+00   -3.0000e+00   -2.3314e+00    1.8880e+00   -1.1343e-03   -7.9780e-04   -2.1087e-03   -3.0197e-04
   5.0000e-01    0.0000e+00   -3.0000e+00   -2.4271e+00    1.7634e+00   -3.0993e-04   -1.3611e-03   -7.8729e-04   -1.3329e-03
   5.0000e-01    0.0000e+00   -3.0000e+00   -2.5160e+00    1.6339e+00    7.3251e-04   -1.1998e-03    7.1082e-05   -6.2705e-04
   5.0000e-01    0.0000e+00   -3.0000e+00   -2.5981e+00    1.5000e+00    1.3812e-03   -3.1295e-04    7.7986e-04   -1.4604e-04
   5.0000e-01    0.0000e+00   -3.0000e+00   -2.6730e+00    1.3620e+00    1.1671e-03    8.2095e-04    7.5993e-04    1.1094e-03
   5.0000e-01    0.0000e+00   -3.0000e+00   -2.7406e+00    1.2202e+00    1.0504e-04    1.4354e-03   -6.4247e-04    6.3991e-04
   5.0000e-01    0.0000e+00   -3.0000e+00   -2.8007e+00    1.0751e+00   -1.0814e-03    9.6874e-04   -2.2118e-03    1.1354e-03
   5.0000e-01    0.0000e+00   -3.0000e+00   -2.8532e+00    9.2705e-01   -1.4285e-03   -3.2559e-04   -2.0276e-03   -4.2757e-04
   5.0000e-01    0.0000e+00   -3.0000e+00   -2.8978e+00    7.7646e-01   -5.3535e-04   -1.3791e-03   -1.4832e-03   -1.6553e-03
   5.0000e-01    0.0000e+00   -3.0000e+00   -2.9344e+00    6.2374e-01    9.0310e-04   -1.1913e-03    6.6102e-04   -1.1796e-03
   5.0000e-01    0.0000e+00   -3.0000e+00   -2.9631e+00    4.6930e-01    1.4979e-03    2.0055e-04    8.9485e-04    -2.0899e-04
   5.0000e-01    0.0000e+00   -3.0000e+00   -2.9836e+00    3.1359e-01    5.1821e-04    1.4382e-03    1.0366e-03    1.3520e-03
   5.0000e-01    0.0000e+00   -3.0000e+00   -2.9959e+00    1.5701e-01   -1.0734e-03    1.1146e-03   -1.2141e-03    6.5318e-04
   5.0000e-01    0.0000e+00   -3.0000e+00   -3.0000e+00    0.0000e+00   -1.4775e-03   -5.2313e-04   -1.8009e-03   -5.9746e-04
   5.0000e-01    0.0000e+00   -3.0000e+00   -2.9959e+00   -1.5701e-01   -8.1925e-05   -1.5863e-03   -4.8981e-04   -1.5198e-03
   5.0000e-01    0.0000e+00   -3.0000e+00   -2.9836e+00   -3.1359e-01    1.4736e-03   -6.5058e-04    1.1001e-03   -8.6799e-04
   5.0000e-01    0.0000e+00   -3.0000e+00   -2.9631e+00   -4.6930e-01    1.1151e-03    1.1960e-03    8.9336e-04    6.6319e-04
   5.0000e-01    0.0000e+00   -3.0000e+00   -2.9344e+00   -6.2374e-01   -8.2346e-04    1.4429e-03   -1.3069e-03    1.5419e-03
   5.0000e-01    0.0000e+00   -3.0000e+00   -2.8978e+00   -7.7646e-01   -1.6427e-03   -3.9189e-04   -1.9315e-03   -4.0110e-04
   5.0000e-01    0.0000e+00   -3.0000e+00   -2.8532e+00   -9.2705e-01   -3.3507e-05   -1.7183e-03    -2.0621e-05   -1.5495e-03
   5.0000e-01    0.0000e+00   -3.0000e+00   -2.8007e+00   -1.0751e+00    1.6999e-03   -4.2065e-04    2.0306e-03   -6.0610e-04
   5.0000e-01    0.0000e+00   -3.0000e+00   -2.7406e+00   -1.2202e+00    7.7302e-04    1.6098e-03    3.8318e-04    1.7088e-03
   5.0000e-01    0.0000e+00   -3.0000e+00   -2.6730e+00   -1.3620e+00   -1.4785e-03    1.0662e-03   -1.1941e-03    9.5926e-04
   5.0000e-01    0.0000e+00   -3.0000e+00   -2.5981e+00   -1.5000e+00   -1.3169e-03   -1.3184e-03   -1.3943e-03   -1.3895e-03
   5.0000e-01    0.0000e+00   -3.0000e+00   -2.5160e+00   -1.6339e+00    1.1592e-03   -1.5151e-03    1.0132e-03   -1.3127e-03
   5.0000e-01    0.0000e+00   -3.0000e+00   -2.4271e+00   -1.7634e+00    1.6789e-03    1.0026e-03    1.4088e-03    1.1768e-03
   5.0000e-01    0.0000e+00   -3.0000e+00   -2.3314e+00   -1.8880e+00   -8.5223e-04    1.8180e-03   -8.6651e-04    2.5223e-03
   5.0000e-01    0.0000e+00   -3.0000e+00   -2.2294e+00   -2.0074e+00   -1.9317e-03   -7.3287e-04   -2.3735e-03   -3.9622e-04
   5.0000e-01    0.0000e+00   -3.0000e+00   -2.1213e+00   -2.1213e+00    6.4626e-04   -2.0296e-03    7.2052e-04   -2.5411e-03
   5.0000e-01    0.0000e+00   -3.0000e+00   -2.0074e+00   -2.2294e+00    2.1236e-03    5.7803e-04    2.0982e-03    7.0859e-04
   5.0000e-01    0.0000e+00   -3.0000e+00   -1.8880e+00   -2.3314e+00   -5.2629e-04    2.2184e-03   -9.7628e-04    1.2663e-03
   5.0000e-01    0.0000e+00   -3.0000e+00   -1.7634e+00   -2.4271e+00   -2.3119e-03   -5.2017e-04   -2.2878e-03   -1.0601e-03
   5.0000e-01    0.0000e+00   -3.0000e+00   -1.6339e+00   -2.5160e+00    5.5481e-04   -2.4090e-03    2.5609e-04   -3.1108e-03
   5.0000e-01    0.0000e+00   -3.0000e+00   -1.5000e+00   -2.5981e+00    2.5167e-03    6.1142e-04    2.4918e-03    -9.8729e-05
   5.0000e-01    0.0000e+00   -3.0000e+00    1.5000e+00   -2.5981e+00    2.5167e-03    6.1142e-04    2.0755e-03    3.4950e-04
   5.0000e-01    0.0000e+00   -3.0000e+00    1.6339e+00   -2.5160e+00    5.5481e-04   -2.4090e-03    3.1443e-04   -3.0080e-03
   5.0000e-01    0.0000e+00   -3.0000e+00    1.7634e+00   -2.4271e+00   -2.3119e-03   -5.2017e-04   -2.3887e-03   -4.3256e-04
   5.0000e-01    0.0000e+00   -3.0000e+00    1.8880e+00   -2.3314e+00   -5.2629e-04    2.2184e-03   -8.8954e-04    2.0337e-03
   5.0000e-01    0.0000e+00   -3.0000e+00    2.0074e+00   -2.2294e+00    2.1236e-03    5.7803e-04    9.2796e-04    1.0589e-03
   5.0000e-01    0.0000e+00   -3.0000e+00    2.1213e+00   -2.1213e+00    6.4626e-04   -2.0296e-03    3.5750e-04   -1.8819e-03
   5.0000e-01    0.0000e+00   -3.0000e+00    2.2294e+00   -2.0074e+00   -1.9317e-03   -7.3287e-04   -2.0547e-03   -7.8207e-04
   5.0000e-01    0.0000e+00   -3.0000e+00    2.3314e+00   -1.8880e+00   -8.5223e-04    1.8180e-03   -7.6975e-04    1.5387e-03
   5.0000e-01    0.0000e+00   -3.0000e+00    2.4271e+00   -1.7634e+00    1.6789e-03    1.0026e-03    1.9106e-03    1.5193e-03
   5.0000e-01    0.0000e+00   -3.0000e+00    2.5160e+00   -1.6339e+00    1.1592e-03   -1.5151e-03    1.1385e-03   -1.5918e-03
   5.0000e-01    0.0000e+00   -3.0000e+00    2.5981e+00   -1.5000e+00   -1.3169e-03   -1.3184e-03   -1.0262e-03   -1.1754e-03
   5.0000e-01    0.0000e+00   -3.0000e+00    2.6730e+00   -1.3620e+00   -1.4785e-03    1.0662e-03   -1.6280e-03    9.6060e-04
   5.0000e-01    0.0000e+00   -3.0000e+00    2.7406e+00   -1.2202e+00    7.7302e-04    1.6098e-03    8.3354e-04    1.9088e-03
   5.0000e-01    0.0000e+00   -3.0000e+00    2.8007e+00   -1.0751e+00    1.6999e-03   -4.2065e-04    1.5666e-03   -9.9191e-05
   5.0000e-01    0.0000e+00   -3.0000e+00    2.8532e+00   -9.2705e-01   -3.3507e-05   -1.7183e-03    7.2267e-04   -1.4574e-03
   5.0000e-01    0.0000e+00   -3.0000e+00    2.8978e+00   -7.7646e-01   -1.6427e-03   -3.9189e-04   -1.5903e-03   -1.3513e-04
   5.0000e-01    0.0000e+00   -3.0000e+00    2.9344e+00   -6.2374e-01   -8.2346e-04    1.4429e-03   -9.0631e-04    1.1048e-03
   5.0000e-01    0.0000e+00   -3.0000e+00    2.9631e+00   -4.6930e-01    1.1151e-03    1.1960e-03    9.0732e-04    7.6565e-04
   5.0000e-01    0.0000e+00   -3.0000e+00    2.9836e+00   -3.1359e-01    1.4736e-03   -6.5058e-04    1.8466e-03   -7.7387e-04
   5.0000e-01    0.0000e+00   -3.0000e+00    2.9959e+00   -1.5701e-01   -8.1925e-05   -1.5863e-03   -7.3667e-04   -1.3716e-03
   5.0000e-01    1.5000e+00   -2.6000e+00    3.0000e+00    0.0000e+00   -1.3339e-03   -1.3009e-03   -1.5154e-03   -1.0657e-03
   5.0000e-01    1.5000e+00   -2.6000e+00    2.9959e+00    1.5701e-01   -1.4612e-03    1.0892e-03   -2.2904e-03    7.5454e-04
   5.0000e-01    1.5000e+00   -2.6000e+00    2.9836e+00    3.1359e-01    7.8773e-04    1.6019e-03    1.0169e-03    1.3702e-03
   5.0000e-01    1.5000e+00   -2.6000e+00    2.9631e+00    4.6930e-01    1.6911e-03   -4.5204e-04    1.4364e-03   -5.0962e-04
   5.0000e-01    1.5000e+00   -2.6000e+00    2.9344e+00    6.2374e-01   -6.6153e-05   -1.7170e-03   -9.7850e-04   -2.4255e-03
   5.0000e-01    1.5000e+00   -2.6000e+00    2.8978e+00    7.7646e-01   -1.6494e-03   -3.5984e-04   -1.8918e-03   -7.4135e-04
   5.0000e-01    1.5000e+00   -2.6000e+00    2.8532e+00    9.2705e-01   -7.9794e-04    1.4563e-03   -1.2896e-03    1.4710e-03
   5.0000e-01    1.5000e+00   -2.6000e+00    2.8007e+00    1.0751e+00    1.1381e-03    1.1738e-03    2.1087e-04    7.3341e-04
   5.0000e-01    1.5000e+00   -2.6000e+00    2.7406e+00    1.2202e+00    1.4607e-03   -6.7889e-04    1.5673e-03   -8.5202e-04
   5.0000e-01    1.5000e+00   -2.6000e+00    2.6730e+00    1.3620e+00   -1.2656e-04   -1.5824e-03   -4.7564e-04   -1.9195e-03
   5.0000e-01    1.5000e+00   -2.6000e+00    2.5981e+00    1.5000e+00   -1.4881e-03   -4.9040e-04   -1.4586e-03   -1.3159e-03
   5.0000e-01    1.5000e+00   -2.6000e+00    2.5160e+00    1.6339e+00   -1.0478e-03    1.1377e-03   -1.6983e-03    9.3187e-04
   5.0000e-01    1.5000e+00   -2.6000e+00    2.4271e+00    1.7634e+00    5.6453e-04    1.4198e-03    5.0409e-04    1.5777e-03
   5.0000e-01    1.5000e+00   -2.6000e+00    2.3314e+00    1.8880e+00    1.5025e-03    1.5483e-04    1.2355e-03    6.6504e-05
   5.0000e-01    1.5000e+00   -2.6000e+00    2.2294e+00    2.0074e+00    8.8005e-04   -1.2074e-03    1.1659e-03   -1.4159e-03
   5.0000e-01    1.5000e+00   -2.6000e+00    2.1213e+00    2.1213e+00   -5.5625e-04   -1.3704e-03   -5.3698e-04   -2.0175e-03
   5.0000e-01    1.5000e+00   -2.6000e+00    2.0074e+00    2.2294e+00   -1.4371e-03   -2.8278e-04   -1.5352e-03   -6.9621e-04
   5.0000e-01    1.5000e+00   -2.6000e+00    1.8880e+00    2.3314e+00   -1.0509e-03    1.0002e-03   -1.0577e-03    4.6753e-04
   5.0000e-01    1.5000e+00   -2.6000e+00    1.7634e+00    2.4271e+00    1.3889e-04    1.4315e-03    1.7949e-04    1.9688e-03
   5.0000e-01    1.5000e+00   -2.6000e+00    1.6339e+00    2.5160e+00    1.1783e-03    8.0437e-04    7.7855e-04    9.6640e-04
   5.0000e-01    1.5000e+00   -2.6000e+00    1.5000e+00    2.5981e+00    1.3726e-03   -3.4526e-04    5.6336e-04   -1.3671e-04
   5.0000e-01    1.5000e+00   -2.6000e+00    1.3620e+00    2.6730e+00    6.9868e-04   -1.2190e-03    5.9256e-04   -1.4629e-03
   5.0000e-01    1.5000e+00   -2.6000e+00    1.2202e+00    2.7406e+00   -3.3739e-04   -1.3542e-03   -3.9862e-04   -1.2087e-03
   5.0000e-01    1.5000e+00   -2.6000e+00    1.0751e+00    2.8007e+00   -1.1440e-03   -7.8363e-04   -8.1448e-04   -6.1558e-04
   5.0000e-01    1.5000e+00   -2.6000e+00    9.2705e-01    2.8532e+00   -1.3726e-03    1.2285e-04   -1.5867e-03    2.0713e-04
   5.0000e-01    1.5000e+00   -2.6000e+00    7.7646e-01    2.8978e+00   -1.0105e-03    9.2567e-04   -1.7930e-03    1.9795e-03
   5.0000e-01    1.5000e+00   -2.6000e+00    6.2374e-01    2.9344e+00   -3.0380e-04    1.3292e-03   -6.4934e-04    1.5638e-03
   5.0000e-01    1.5000e+00   -2.6000e+00    4.6930e-01    2.9631e+00    4.6082e-04    1.2760e-03    7.1620e-05    8.7365e-04
   5.0000e-01    1.5000e+00   -2.6000e+00    3.1359e-01    2.9836e+00    1.0333e-03    8.7002e-04    1.3821e-04    3.7909e-04
   5.0000e-01    1.5000e+00   -2.6000e+00    1.5701e-01    2.9959e+00    1.3156e-03    2.8222e-04    1.3829e-03    5.5017e-04
   5.0000e-01    1.5000e+00   -2.6000e+00    0.0000e+00    3.0000e+00    1.3004e-03   -3.2533e-04    8.1296e-04   -7.3933e-04
   5.0000e-01    1.5000e+00   -2.6000e+00   -1.5701e-01    2.9959e+00    1.0729e-03   -7.9643e-04    4.4731e-04   -7.4135e-04
   5.0000e-01    1.5000e+00   -2.6000e+00   -3.1359e-01    2.9836e+00    7.2163e-04   -1.1196e-03    -1.2759e-06   -7.0583e-04
   5.0000e-01    1.5000e+00   -2.6000e+00   -4.6930e-01    2.9631e+00    3.2275e-04   -1.2887e-03    -1.9769e-04   -1.2534e-03
   5.0000e-01    1.5000e+00   -2.6000e+00   -6.2374e-01    2.9344e+00   -4.4490e-05   -1.3249e-03   -2.6382e-04   -1.9227e-03
   5.0000e-01    1.5000e+00   -2.6000e+00   -7.7646e-01    2.8978e+00   -3.5589e-04   -1.2742e-03   -2.0020e-04   -1.0351e-03
   5.0000e-01    1.5000e+00   -2.6000e+00   -9.2705e-01    2.8532e+00   -5.8517e-04   -1.1844e-03   -1.4456e-03   -1.0370e-03
   5.0000e-01    1.5000e+00   -2.6000e+00   -1.0751e+00    2.8007e+00   -7.5739e-04   -1.0808e-03   -9.0487e-04   -1.0902e-03
   5.0000e-01    1.5000e+00   -2.6000e+00   -1.2202e+00    2.7406e+00   -8.6842e-04   -9.9226e-04   -7.3105e-04   -1.3723e-04
   5.0000e-01    1.5000e+00   -2.6000e+00   -1.3620e+00    2.6730e+00   -9.3393e-04   -9.2945e-04   -7.5735e-04   -9.1937e-04
   5.0000e-01    1.5000e+00   -2.6000e+00   -1.5000e+00    2.5981e+00   -9.5032e-04   -9.1263e-04   -1.1067e-03   -1.0266e-03
   5.0000e-01    1.5000e+00   -2.6000e+00   -1.6339e+00    2.5160e+00   -9.2580e-04   -9.3803e-04   -7.5467e-04   -6.3496e-04
   5.0000e-01    1.5000e+00   -2.6000e+00   -1.7634e+00    2.4271e+00   -8.6831e-04   -9.9206e-04   -6.5662e-04    7.4888e-06
   5.0000e-01    1.5000e+00   -2.6000e+00   -1.8880e+00    2.3314e+00   -7.6520e-04   -1.0749e-03   -3.3552e-04   -2.3424e-04
   5.0000e-01    1.5000e+00   -2.6000e+00   -2.0074e+00    2.2294e+00   -5.8581e-04   -1.1844e-03   -5.7488e-04   -9.4972e-04
   5.0000e-01    1.5000e+00   -2.6000e+00   -2.1213e+00    2.1213e+00   -3.3918e-04   -1.2793e-03    5.0096e-04    3.2955e-04
   5.0000e-01    1.5000e+00   -2.6000e+00   -2.2294e+00    2.0074e+00   -3.7765e-05   -1.3252e-03    -3.2062e-05   -3.3598e-04
   5.0000e-01    1.5000e+00   -2.6000e+00   -2.3314e+00    1.8880e+00    3.1783e-04   -1.2901e-03    -9.1508e-05   -5.9705e-04
   5.0000e-01    1.5000e+00   -2.6000e+00   -2.4271e+00    1.7634e+00    7.1905e-04   -1.1216e-03    6.5735e-04   -5.2051e-04
   5.0000e-01    1.5000e+00   -2.6000e+00   -2.5160e+00    1.6339e+00    1.0785e-03   -7.8904e-04    1.5528e-03    9.6742e-05
   5.0000e-01    1.5000e+00   -2.6000e+00   -2.5981e+00    1.5000e+00    1.3052e-03   -3.0681e-04    8.6728e-04    2.8430e-04
   5.0000e-01    1.5000e+00   -2.6000e+00   -2.6730e+00    1.3620e+00    1.3155e-03    2.8246e-04    1.1037e-03    4.0883e-04
   5.0000e-01    1.5000e+00   -2.6000e+00   -2.7406e+00    1.2202e+00    1.0287e-03    8.7632e-04    8.1595e-04    1.4960e-03
   5.0000e-01    1.5000e+00   -2.6000e+00   -2.8007e+00    1.0751e+00    4.4779e-04    1.2814e-03    3.0334e-04    1.9859e-03
   5.0000e-01    1.5000e+00   -2.6000e+00   -2.8532e+00    9.2705e-01   -3.2064e-04    1.3256e-03   -1.0841e-03    1.6133e-03
   5.0000e-01    1.5000e+00   -2.6000e+00   -2.8978e+00    7.7646e-01   -1.0206e-03    9.1513e-04   -1.1216e-03    1.5413e-03
   5.0000e-01    1.5000e+00   -2.6000e+00   -2.9344e+00    6.2374e-01   -1.3743e-03    1.0938e-04   -1.8014e-03    7.4207e-04
   5.0000e-01    1.5000e+00   -2.6000e+00   -2.9631e+00    4.6930e-01   -1.1355e-03   -7.9642e-04   -1.8329e-03   -8.0588e-04
   5.0000e-01    1.5000e+00   -2.6000e+00   -2.9836e+00    3.1359e-01   -3.1029e-04   -1.3610e-03   -3.5342e-04   -1.0999e-03
   5.0000e-01    1.5000e+00   -2.6000e+00   -2.9959e+00    1.5701e-01    7.2073e-04   -1.2068e-03    5.0771e-04   -9.4765e-04
   5.0000e-01    1.5000e+00   -2.6000e+00   -3.0000e+00    0.0000e+00    1.3774e-03   -3.2854e-04    1.1314e-03   -3.7499e-04
   5.0000e-01    1.5000e+00   -2.6000e+00   -2.9959e+00   -1.5701e-01    1.1688e-03    8.1876e-04    1.1121e-04    9.3860e-04
   5.0000e-01    1.5000e+00   -2.6000e+00   -2.9836e+00   -3.1359e-01    1.1750e-04    1.4338e-03   -5.8641e-04    1.8517e-03
   5.0000e-01    1.5000e+00   -2.6000e+00   -2.9631e+00   -4.6930e-01   -1.0709e-03    9.7946e-04   -1.4109e-03    5.9176e-04
   5.0000e-01    1.5000e+00   -2.6000e+00   -2.9344e+00   -6.2374e-01   -1.4321e-03   -3.0858e-04   -2.0754e-03   -6.7173e-04
   5.0000e-01    1.5000e+00   -2.6000e+00   -2.8978e+00   -7.7646e-01   -5.4772e-04   -1.3739e-03   -1.1110e-03   -1.2998e-03
   5.0000e-01    1.5000e+00   -2.6000e+00   -2.8532e+00   -9.2705e-01    8.9316e-04   -1.1982e-03    4.5530e-04   -7.0211e-04
   5.0000e-01    1.5000e+00   -2.6000e+00   -2.8007e+00   -1.0751e+00    1.4993e-03    1.8826e-04    1.5045e-03    -4.2619e-05
   5.0000e-01    1.5000e+00   -2.6000e+00   -2.7406e+00   -1.2202e+00    5.4229e-04    1.4291e-03    9.2139e-04    1.8067e-03
   5.0000e-01    1.5000e+00   -2.6000e+00   -2.6730e+00   -1.3620e+00   -1.0600e-03    1.1265e-03   -1.0094e-03    1.0471e-03
   5.0000e-01    1.5000e+00   -2.6000e+00   -2.5981e+00   -1.5000e+00   -1.4816e-03   -5.0914e-04   -7.7525e-04   -1.8227e-04
   5.0000e-01    1.5000e+00   -2.6000e+00   -2.5160e+00   -1.6339e+00   -9.1230e-05   -1.5855e-03   -4.1954e-04   -1.4822e-03
   5.0000e-01    1.5000e+00   -2.6000e+00   -2.4271e+00   -1.7634e+00    1.4697e-03   -6.5840e-04    1.2394e-03   -2.9323e-04
   5.0000e-01    1.5000e+00   -2.6000e+00   -2.3314e+00   -1.8880e+00    1.1270e-03    1.1839e-03    8.2576e-04    1.0143e-03
   5.0000e-01    1.5000e+00   -2.6000e+00   -2.2294e+00   -2.0074e+00   -8.0761e-04    1.4513e-03   -9.7972e-04    1.6830e-03
   5.0000e-01    1.5000e+00   -2.6000e+00   -2.1213e+00   -2.1213e+00   -1.6422e-03   -3.9365e-04   -1.9934e-03   -3.2195e-04
   5.0000e-01    1.5000e+00   -2.6000e+00   -2.0074e+00   -2.2294e+00   -3.1695e-05   -1.7180e-03   -8.0571e-04   -1.3441e-03
   5.0000e-01    1.5000e+00   -2.6000e+00   -1.8880e+00   -2.3314e+00    1.6948e-03   -4.3737e-04    6.9230e-04   -2.9742e-04
   5.0000e-01    1.5000e+00   -2.6000e+00   -1.7634e+00   -2.4271e+00    7.7948e-04    1.6058e-03    7.6816e-04    1.5071e-03
   5.0000e-01    1.5000e+00   -2.6000e+00   -1.6339e+00   -2.5160e+00   -1.4775e-03    1.0672e-03   -1.2329e-03    1.5389e-03
   5.0000e-01    1.5000e+00   -2.6000e+00   -1.5000e+00   -2.5981e+00   -1.3162e-03   -1.3193e-03   -1.1210e-03   -8.5152e-04
   5.0000e-01    1.5000e+00   -2.6000e+00   -1.3620e+00   -2.6730e+00    1.1473e-03   -1.5231e-03    1.0441e-03   -1.5977e-03
   5.0000e-01    1.5000e+00   -2.6000e+00   -1.2202e+00   -2.7406e+00    1.6790e-03    1.0031e-03    1.5235e-03    1.4376e-03
   5.0000e-01    1.5000e+00   -2.6000e+00   -1.0751e+00   -2.8007e+00   -8.5948e-04    1.8151e-03   -1.1482e-03    1.0009e-03
   5.0000e-01    1.5000e+00   -2.6000e+00   -9.2705e-01   -2.8532e+00   -1.9241e-03   -7.5239e-04   -2.7997e-03   -9.9966e-05
   5.0000e-01    1.5000e+00   -2.6000e+00   -7.7646e-01   -2.8978e+00    6.4339e-04   -2.0301e-03    6.3615e-05   -2.2418e-03
   5.0000e-01    1.5000e+00   -2.6000e+00   -6.2374e-01   -2.9344e+00    2.1253e-03    5.7127e-04    2.1701e-03    8.7535e-04
   5.0000e-01    1.5000e+00   -2.6000e+00   -4.6930e-01   -2.9631e+00   -5.4452e-04    2.2146e-03   -6.2807e-04    2.2398e-03
   5.0000e-01    1.5000e+00   -2.6000e+00   -3.1359e-01   -2.9836e+00   -2.3052e-03   -5.5173e-04   -3.3211e-03    1.9080e-04
   5.0000e-01    1.5000e+00   -2.6000e+00   -1.5701e-01   -2.9959e+00    5.6829e-04   -2.4061e-03    1.8258e-04   -2.0719e-03
   5.0000e-01    1.5000e+00   -2.6000e+00    0.0000e+00   -3.0000e+00    2.5182e-03    6.0279e-04    2.3328e-03    3.5649e-04
   5.0000e-01    1.5000e+00   -2.6000e+00    2.5981e+00   -1.5000e+00    2.5249e-03    5.7145e-04    2.3988e-03    5.0747e-04
   5.0000e-01    1.5000e+00   -2.6000e+00    2.6730e+00   -1.3620e+00    5.2353e-04   -2.4153e-03    1.0863e-03   -2.8247e-03
   5.0000e-01    1.5000e+00   -2.6000e+00    2.7406e+00   -1.2202e+00   -2.3185e-03   -4.8996e-04   -2.1941e-03    2.4421e-04
   5.0000e-01    1.5000e+00   -2.6000e+00    2.8007e+00   -1.0751e+00   -5.0382e-04    2.2239e-03   -7.0519e-04    2.3809e-03
   5.0000e-01    1.5000e+00   -2.6000e+00    2.8532e+00   -9.2705e-01    2.1349e-03    5.3161e-04    1.6815e-03    1.2959e-03
   5.0000e-01    1.5000e+00   -2.6000e+00    2.8978e+00   -7.7646e-01    6.0739e-04   -2.0407e-03    1.4126e-04   -1.5995e-03
   5.0000e-01    1.5000e+00   -2.6000e+00    2.9344e+00   -6.2374e-01   -1.9382e-03   -7.1461e-04   -2.7373e-03   -7.8961e-04
   5.0000e-01    1.5000e+00   -2.6000e+00    2.9631e+00   -4.6930e-01   -8.2701e-04    1.8294e-03   -9.0113e-04    1.6657e-03
   5.0000e-01    1.5000e+00   -2.6000e+00    2.9836e+00   -3.1359e-01    1.6981e-03    9.6838e-04    1.4022e-03    7.0638e-04
   5.0000e-01    1.5000e+00   -2.6000e+00    2.9959e+00   -1.5701e-01    1.1314e-03   -1.5352e-03    9.0359e-04   -1.7756e-03
   5.0000e-01    2.6000e+00   -1.5000e+00    3.0000e+00    0.0000e+00    2.5114e-03    6.3483e-04    2.1426e-03    1.0657e-03
   5.0000e-01    2.6000e+00   -1.5000e+00    2.9959e+00    1.5701e-01    5.6829e-04   -2.4061e-03    -1.0732e-04   -1.8761e-03
   5.0000e-01    2.6000e+00   -1.5000e+00    2.9836e+00    3.1359e-01   -2.3052e-03   -5.5173e-04   -2.5979e-03    2.7806e-04
   5.0000e-01    2.6000e+00   -1.5000e+00    2.9631e+00    4.6930e-01   -5.4452e-04    2.2146e-03   -7.2626e-04    2.1223e-03
   5.0000e-01    2.6000e+00   -1.5000e+00    2.9344e+00    6.2374e-01    2.1253e-03    5.7127e-04    2.1808e-03    1.0907e-03
   5.0000e-01    2.6000e+00   -1.5000e+00    2.8978e+00    7.7646e-01    6.4339e-04   -2.0301e-03    -1.7688e-04   -2.1374e-03
   5.0000e-01    2.6000e+00   -1.5000e+00    2.8532e+00    9.2705e-01   -1.9241e-03   -7.5239e-04   -1.4165e-03   -1.0425e-03
   5.0000e-01    2.6000e+00   -1.5000e+00    2.8007e+00    1.0751e+00   -8.5948e-04    1.8151e-03   -1.1945e-03    1.2974e-03
   5.0000e-01    2.6000e+00   -1.5000e+00    2.7406e+00    1.2202e+00    1.6790e-03    1.0031e-03    1.6846e-03    5.8287e-04
   5.0000e-01    2.6000e+00   -1.5000e+00    2.6730e+00    1.3620e+00    1.1473e-03   -1.5231e-03    1.4657e-03   -2.0376e-03
   5.0000e-01    2.6000e+00   -1.5000e+00    2.5981e+00    1.5000e+00   -1.3162e-03   -1.3193e-03   -1.2944e-03   -1.3642e-03
   5.0000e-01    2.6000e+00   -1.5000e+00    2.5160e+00    1.6339e+00   -1.4775e-03    1.0672e-03   -1.4776e-03    1.0271e-03
   5.0000e-01    2.6000e+00   -1.5000e+00    2.4271e+00    1.7634e+00    7.7948e-04    1.6058e-03    6.7275e-04    1.3650e-03
   5.0000e-01    2.6000e+00   -1.5000e+00    2.3314e+00    1.8880e+00    1.6948e-03   -4.3737e-04    2.3717e-03   -1.8005e-04
   5.0000e-01    2.6000e+00   -1.5000e+00    2.2294e+00    2.0074e+00   -3.1695e-05   -1.7180e-03    3.6141e-04   -1.1965e-03
   5.0000e-01    2.6000e+00   -1.5000e+00    2.1213e+00    2.1213e+00   -1.6422e-03   -3.9365e-04   -1.2641e-03   -3.1250e-04
   5.0000e-01    2.6000e+00   -1.5000e+00    2.0074e+00    2.2294e+00   -8.0761e-04    1.4513e-03   -3.8154e-04    1.5843e-03
   5.0000e-01    2.6000e+00   -1.5000e+00    1.8880e+00    2.3314e+00    1.1270e-03    1.1839e-03    1.9448e-03    1.4979e-03
   5.0000e-01    2.6000e+00   -1.5000e+00    1.7634e+00    2.4271e+00    1.4697e-03   -6.5840e-04    1.6607e-03    1.4473e-04
   5.0000e-01    2.6000e+00   -1.5000e+00    1.6339e+00    2.5160e+00   -9.1230e-05   -1.5855e-03    3.4470e-04   -1.5850e-03
   5.0000e-01    2.6000e+00   -1.5000e+00    1.5000e+00    2.5981e+00   -1.4816e-03   -5.0914e-04   -1.1953e-03   -7.3273e-04
   5.0000e-01    2.6000e+00   -1.5000e+00    1.3620e+00    2.6730e+00   -1.0600e-03    1.1265e-03   -1.0561e-03    1.3803e-03
   5.0000e-01    2.6000e+00   -1.5000e+00    1.2202e+00    2.7406e+00    5.4229e-04    1.4291e-03    6.5792e-04    1.5124e-03
   5.0000e-01    2.6000e+00   -1.5000e+00    1.0751e+00    2.8007e+00    1.4993e-03    1.8826e-04    1.2084e-03    4.0675e-04
   5.0000e-01    2.6000e+00   -1.5000e+00    9.2705e-01    2.8532e+00    8.9316e-04   -1.1982e-03    1.1189e-03   -1.4340e-03
   5.0000e-01    2.6000e+00   -1.5000e+00    7.7646e-01    2.8978e+00   -5.4772e-04   -1.3739e-03   -5.3816e-04   -1.2827e-03
   5.0000e-01    2.6000e+00   -1.5000e+00    6.2374e-01    2.9344e+00   -1.4321e-03   -3.0858e-04   -1.2499e-03   -3.5734e-04
   5.0000e-01    2.6000e+00   -1.5000e+00    4.6930e-01    2.9631e+00   -1.0709e-03    9.7946e-04   -9.0239e-04    9.2261e-04
   5.0000e-01    2.6000e+00   -1.5000e+00    3.1359e-01    2.9836e+00    1.1750e-04    1.4338e-03    3.6920e-04    1.2272e-03
   5.0000e-01    2.6000e+00   -1.5000e+00    1.5701e-01    2.9959e+00    1.1688e-03    8.1876e-04    9.7764e-04    4.7230e-04
   5.0000e-01    2.6000e+00   -1.5000e+00    0.0000e+00    3.0000e+00    1.3751e-03   -3.3753e-04    1.1127e-03   -1.1018e-03
   5.0000e-01    2.6000e+00   -1.5000e+00   -1.5701e-01    2.9959e+00    7.2073e-04   -1.2068e-03    8.0652e-04   -1.8319e-03
   5.0000e-01    2.6000e+00   -1.5000e+00   -3.1359e-01    2.9836e+00   -3.1029e-04   -1.3610e-03   -5.9840e-04   -1.8883e-03
   5.0000e-01    2.6000e+00   -1.5000e+00   -4.6930e-01    2.9631e+00   -1.1355e-03   -7.9642e-04   -1.4754e-03   -1.4259e-03
   5.0000e-01    2.6000e+00   -1.5000e+00   -6.2374e-01    2.9344e+00   -1.3743e-03    1.0938e-04   -1.9381e-03   -2.6941e-04
   5.0000e-01    2.6000e+00   -1.5000e+00   -7.7646e-01    2.8978e+00   -1.0206e-03    9.1513e-04   -9.6756e-04    1.9995e-04
   5.0000e-01    2.6000e+00   -1.5000e+00   -9.2705e-01    2.8532e+00   -3.2064e-04    1.3256e-03   -4.4600e-04    -3.5451e-05
   5.0000e-01    2.6000e+00   -1.5000e+00   -1.0751e+00    2.8007e+00    4.4779e-04    1.2814e-03    -2.8539e-04    4.2512e-04
   5.0000e-01    2.6000e+00   -1.5000e+00   -1.2202e+00    2.7406e+00    1.0287e-03    8.7632e-04    7.5125e-04    1.4577e-04
   5.0000e-01    2.6000e+00   -1.5000e+00   -1.3620e+00    2.6730e+00    1.3155e-03    2.8246e-04    1.5436e-03   -3.5211e-04
   5.0000e-01    2.6000e+00   -1.5000e+00   -1.5000e+00    2.5981e+00    1.3052e-03   -3.0681e-04    8.6022e-04   -7.7434e-04
   5.0000e-01    2.6000e+00   -1.5000e+00   -1.6339e+00    2.5160e+00    1.0785e-03   -7.8904e-04    8.0827e-04   -1.2226e-03
   5.0000e-01    2.6000e+00   -1.5000e+00   -1.7634e+00    2.4271e+00    7.1905e-04   -1.1216e-03    9.4101e-04   -1.7394e-03
   5.0000e-01    2.6000e+00   -1.5000e+00   -1.8880e+00    2.3314e+00    3.1783e-04   -1.2901e-03    9.3149e-04   -1.6877e-03
   5.0000e-01    2.6000e+00   -1.5000e+00   -2.0074e+00    2.2294e+00   -3.7765e-05   -1.3252e-03    1.8213e-04   -9.8234e-04
   5.0000e-01    2.6000e+00   -1.5000e+00   -2.1213e+00    2.1213e+00   -3.3918e-04   -1.2793e-03    5.9671e-05   -1.4979e-03
   5.0000e-01    2.6000e+00   -1.5000e+00   -2.2294e+00    2.0074e+00   -5.8581e-04   -1.1844e-03   -2.4175e-04   -8.5348e-04
   5.0000e-01    2.6000e+00   -1.5000e+00   -2.3314e+00    1.8880e+00   -7.6520e-04   -1.0749e-03   -3.1464e-04   -8.4257e-04
   5.0000e-01    2.6000e+00   -1.5000e+00   -2.4271e+00    1.7634e+00   -8.6831e-04   -9.9206e-04    2.0154e-04   -4.9262e-04
   5.0000e-01    2.6000e+00   -1.5000e+00   -2.5160e+00    1.6339e+00   -9.2580e-04   -9.3803e-04    5.3890e-04   -2.9306e-04
   5.0000e-01    2.6000e+00   -1.5000e+00   -2.5981e+00    1.5000e+00   -9.5032e-04   -9.1263e-04    -3.5707e-04   -1.9999e-04
   5.0000e-01    2.6000e+00   -1.5000e+00   -2.6730e+00    1.3620e+00   -9.3393e-04   -9.2945e-04    4.1925e-04   -2.6722e-04
   5.0000e-01    2.6000e+00   -1.5000e+00   -2.7406e+00    1.2202e+00   -8.6842e-04   -9.9226e-04    5.8180e-04   -8.0595e-05
   5.0000e-01    2.6000e+00   -1.5000e+00   -2.8007e+00    1.0751e+00   -7.5739e-04   -1.0808e-03    4.3347e-04   -4.2147e-04
   5.0000e-01    2.6000e+00   -1.5000e+00   -2.8532e+00    9.2705e-01   -5.8517e-04   -1.1844e-03    4.3138e-04   -2.9489e-04
   5.0000e-01    2.6000e+00   -1.5000e+00   -2.8978e+00    7.7646e-01   -3.5589e-04   -1.2742e-03    9.3968e-04   -6.0377e-04
   5.0000e-01    2.6000e+00   -1.5000e+00   -2.9344e+00    6.2374e-01   -4.4490e-05   -1.3249e-03    2.0696e-04   -9.4856e-04
   5.0000e-01    2.6000e+00   -1.5000e+00   -2.9631e+00    4.6930e-01    3.2275e-04   -1.2887e-03    7.3329e-04   -3.8792e-04
   5.0000e-01    2.6000e+00   -1.5000e+00   -2.9836e+00    3.1359e-01    7.2163e-04   -1.1196e-03    8.7689e-04   -8.8371e-04
   5.0000e-01    2.6000e+00   -1.5000e+00   -2.9959e+00    1.5701e-01    1.0729e-03   -7.9643e-04    1.2480e-03   -3.2404e-04
   5.0000e-01    2.6000e+00   -1.5000e+00   -3.0000e+00    0.0000e+00    1.3015e-03   -3.2094e-04    1.3611e-03    -3.9359e-04
   5.0000e-01    2.6000e+00   -1.5000e+00   -2.9959e+00   -1.5701e-01    1.3156e-03    2.8222e-04    1.1020e-03    9.0927e-04
   5.0000e-01    2.6000e+00   -1.5000e+00   -2.9836e+00   -3.1359e-01    1.0333e-03    8.7002e-04    8.9097e-04    1.2173e-03
   5.0000e-01    2.6000e+00   -1.5000e+00   -2.9631e+00   -4.6930e-01    4.6082e-04    1.2760e-03    -2.4358e-04    1.3273e-03
   5.0000e-01    2.6000e+00   -1.5000e+00   -2.9344e+00   -6.2374e-01   -3.0380e-04    1.3292e-03   -1.3112e-03    1.6326e-03
   5.0000e-01    2.6000e+00   -1.5000e+00   -2.8978e+00   -7.7646e-01   -1.0105e-03    9.2567e-04   -1.3772e-03    9.1760e-04
   5.0000e-01    2.6000e+00   -1.5000e+00   -2.8532e+00   -9.2705e-01   -1.3726e-03    1.2285e-04   -2.2358e-03    -1.1871e-04
   5.0000e-01    2.6000e+00   -1.5000e+00   -2.8007e+00   -1.0751e+00   -1.1440e-03   -7.8363e-04   -1.9472e-03   -1.4675e-04
   5.0000e-01    2.6000e+00   -1.5000e+00   -2.7406e+00   -1.2202e+00   -3.3739e-04   -1.3542e-03   -1.3516e-03   -1.2220e-03
   5.0000e-01    2.6000e+00   -1.5000e+00   -2.6730e+00   -1.3620e+00    6.9868e-04   -1.2190e-03    2.8727e-04   -1.1831e-03
   5.0000e-01    2.6000e+00   -1.5000e+00   -2.5981e+00   -1.5000e+00    1.3726e-03   -3.4526e-04    2.3020e-04   -1.4247e-04
   5.0000e-01    2.6000e+00   -1.5000e+00   -2.5160e+00   -1.6339e+00    1.1783e-03    8.0437e-04    1.1054e-03    9.5515e-04
   5.0000e-01    2.6000e+00   -1.5000e+00   -2.4271e+00   -1.7634e+00    1.3889e-04    1.4315e-03   -4.0302e-04    1.5279e-03
   5.0000e-01    2.6000e+00   -1.5000e+00   -2.3314e+00   -1.8880e+00   -1.0509e-03    1.0002e-03   -2.2403e-03    1.2395e-03
   5.0000e-01    2.6000e+00   -1.5000e+00   -2.2294e+00   -2.0074e+00   -1.4371e-03   -2.8278e-04   -1.9568e-03   -4.7579e-04
   5.0000e-01    2.6000e+00   -1.5000e+00   -2.1213e+00   -2.1213e+00   -5.5625e-04   -1.3704e-03   -3.8516e-04   -1.5805e-03
   5.0000e-01    2.6000e+00   -1.5000e+00   -2.0074e+00   -2.2294e+00    8.8005e-04   -1.2074e-03    7.3117e-04   -1.5242e-03
   5.0000e-01    2.6000e+00   -1.5000e+00   -1.8880e+00   -2.3314e+00    1.5025e-03    1.5483e-04    1.5084e-03    -2.3355e-04
   5.0000e-01    2.6000e+00   -1.5000e+00   -1.7634e+00   -2.4271e+00    5.6453e-04    1.4198e-03    5.8732e-04    1.5505e-03
   5.0000e-01    2.6000e+00   -1.5000e+00   -1.6339e+00   -2.5160e+00   -1.0478e-03    1.1377e-03   -7.9830e-04    7.4818e-04
   5.0000e-01    2.6000e+00   -1.5000e+00   -1.5000e+00   -2.5981e+00   -1.4881e-03   -4.9040e-04   -1.6193e-03   -7.3523e-04
   5.0000e-01    2.6000e+00   -1.5000e+00   -1.3620e+00   -2.6730e+00   -1.2656e-04   -1.5824e-03    1.7156e-04   -2.1694e-03
   5.0000e-01    2.6000e+00   -1.5000e+00   -1.2202e+00   -2.7406e+00    1.4607e-03   -6.7889e-04    1.3766e-03   -5.0474e-04
   5.0000e-01    2.6000e+00   -1.5000e+00   -1.0751e+00   -2.8007e+00    1.1381e-03    1.1738e-03    1.2544e-03    6.1770e-04
   5.0000e-01    2.6000e+00   -1.5000e+00   -9.2705e-01   -2.8532e+00   -7.9794e-04    1.4563e-03   -3.5746e-04    1.4493e-03
   5.0000e-01    2.6000e+00   -1.5000e+00   -7.7646e-01   -2.8978e+00   -1.6494e-03   -3.5984e-04   -1.2620e-03   -5.4499e-04
   5.0000e-01    2.6000e+00   -1.5000e+00   -6.2374e-01   -2.9344e+00   -6.6153e-05   -1.7170e-03   -3.4584e-05   -1.6861e-03
   5.0000e-01    2.6000e+00   -1.5000e+00   -4.6930e-01   -2.9631e+00    1.6911e-03   -4.5204e-04    1.5368e-03    2.9229e-04
   5.0000e-01    2.6000e+00   -1.5000e+00   -3.1359e-01   -2.9836e+00    7.8773e-04    1.6019e-03    6.7298e-04    1.6931e-03
   5.0000e-01    2.6000e+00   -1.5000e+00   -1.5701e-01   -2.9959e+00   -1.4612e-03    1.0892e-03   -1.7252e-03    8.7693e-04
   5.0000e-01    2.6000e+00   -1.5000e+00    0.0000e+00   -3.0000e+00   -1.3483e-03   -1.2855e-03   -1.4538e-03   -1.5394e-03
   5.0000e-01    2.6000e+00   -1.5000e+00    1.5701e-01   -2.9959e+00    1.1314e-03   -1.5352e-03    7.2921e-04   -1.5083e-03
   5.0000e-01    2.6000e+00   -1.5000e+00    3.1359e-01   -2.9836e+00    1.6981e-03    9.6838e-04    1.4733e-03    1.7475e-03
   5.0000e-01    2.6000e+00   -1.5000e+00    4.6930e-01   -2.9631e+00   -8.2701e-04    1.8294e-03   -9.7590e-04    1.6400e-03
   5.0000e-01    2.6000e+00   -1.5000e+00    6.2374e-01   -2.9344e+00   -1.9382e-03   -7.1461e-04   -1.8078e-03   -4.4243e-05
   5.0000e-01    2.6000e+00   -1.5000e+00    7.7646e-01   -2.8978e+00    6.0739e-04   -2.0407e-03    -4.3618e-05   -1.5492e-03
   5.0000e-01    2.6000e+00   -1.5000e+00    9.2705e-01   -2.8532e+00    2.1349e-03    5.3161e-04    1.6807e-03    4.1643e-04
   5.0000e-01    2.6000e+00   -1.5000e+00    1.0751e+00   -2.8007e+00   -5.0382e-04    2.2239e-03   -1.0666e-03    2.1096e-03
   5.0000e-01    2.6000e+00   -1.5000e+00    1.2202e+00   -2.7406e+00   -2.3185e-03   -4.8996e-04   -2.8686e-03   -6.6620e-04
   5.0000e-01    2.6000e+00   -1.5000e+00    1.3620e+00   -2.6730e+00    5.2353e-04   -2.4153e-03    3.5748e-04   -2.4477e-03
   5.0000e-01    2.6000e+00   -1.5000e+00    1.5000e+00   -2.5981e+00    2.5249e-03    5.7145e-04    2.5827e-03    6.6037e-04
