   3.0000e-01    3.0000e+00    0.0000e+00    2.5981e+00    1.5000e+00    1.7913e-03    9.0077e-04    1.9725e-03    8.9183e-04
   3.0000e-01    3.0000e+00    0.0000e+00    2.5160e+00    1.6339e+00    1.6940e-03   -8.9140e-04    1.8374e-03   -8.8343e-04
   3.0000e-01    3.0000e+00    0.0000e+00    2.4271e+00    1.7634e+00    2.5666e-04   -1.8170e-03    3.5926e-04   -1.9072e-03
   3.0000e-01    3.0000e+00    0.0000e+00    2.3314e+00    1.8880e+00   -1.2613e-03   -1.2357e-03   -1.1825e-03   -1.2990e-03
   3.0000e-01    3.0000e+00    0.0000e+00    2.2294e+00    2.0074e+00   -1.6858e-03    2.5140e-04   -1.6673e-03    1.8365e-04
   3.0000e-01    3.0000e+00    0.0000e+00    2.1213e+00    2.1213e+00   -7.9867e-04    1.4433e-03   -8.0304e-04    1.3944e-03
   3.0000e-01    3.0000e+00    0.0000e+00    2.0074e+00    2.2294e+00    6.3001e-04    1.4707e-03    6.0246e-04    1.3635e-03
   3.0000e-01    3.0000e+00    0.0000e+00    1.8880e+00    2.3314e+00    1.4992e-03    4.1292e-04    1.3833e-03    2.4534e-04
   3.0000e-01    3.0000e+00    0.0000e+00    1.7634e+00    2.4271e+00    1.2379e-03   -8.7250e-04    1.1246e-03   -9.7405e-04
   3.0000e-01    3.0000e+00    0.0000e+00    1.6339e+00    2.5160e+00    1.2244e-04   -1.4723e-03   -2.9108e-05   -1.6445e-03
   3.0000e-01    3.0000e+00    0.0000e+00    1.5000e+00    2.5981e+00   -1.0149e-03   -1.0260e-03   -1.1768e-03   -1.2640e-03
   3.0000e-01    3.0000e+00    0.0000e+00    1.3620e+00    2.6730e+00   -1.4096e-03    7.8720e-05   -1.6269e-03   -1.0218e-04
   3.0000e-01    3.0000e+00    0.0000e+00    1.2202e+00    2.7406e+00   -8.6808e-04    1.0765e-03   -1.0614e-03    8.5560e-04
   3.0000e-01    3.0000e+00    0.0000e+00    1.0751e+00    2.8007e+00    1.9048e-04    1.3427e-03   -3.6566e-05    1.1299e-03
   3.0000e-01    3.0000e+00    0.0000e+00    9.2705e-01    2.8532e+00    1.0825e-03    7.7461e-04    8.5958e-04    5.0505e-04
   3.0000e-01    3.0000e+00    0.0000e+00    7.7646e-01    2.8978e+00    1.2893e-03   -2.2034e-04    1.0517e-03   -5.0669e-04
   3.0000e-01    3.0000e+00    0.0000e+00    6.2374e-01    2.9344e+00    7.5756e-04   -1.0399e-03    4.0207e-04   -1.2926e-03
   3.0000e-01    3.0000e+00    0.0000e+00    4.6930e-01    2.9631e+00   -1.6658e-04   -1.2554e-03   -4.5589e-04   -1.4485e-03
   3.0000e-01    3.0000e+00    0.0000e+00    3.1359e-01    2.9836e+00   -9.5654e-04   -8.0100e-04   -1.1787e-03   -1.0625e-03
   3.0000e-01    3.0000e+00    0.0000e+00    1.5701e-01    2.9959e+00   -1.2297e-03    3.3121e-05   -1.4326e-03   -2.0596e-04
   3.0000e-01    3.0000e+00    0.0000e+00    0.0000e+00    3.0000e+00   -8.9633e-04    8.1823e-04   -1.1172e-03    6.2523e-04
   3.0000e-01    3.0000e+00    0.0000e+00   -1.5701e-01    2.9959e+00   -1.7874e-04    1.1850e-03   -3.7015e-04    1.0550e-03
   3.0000e-01    3.0000e+00    0.0000e+00   -3.1359e-01    2.9836e+00    5.8602e-04    1.0288e-03    4.3869e-04    9.0934e-04
   3.0000e-01    3.0000e+00    0.0000e+00   -4.6930e-01    2.9631e+00    1.0790e-03    4.5350e-04    9.5952e-04    3.7204e-04
   3.0000e-01    3.0000e+00    0.0000e+00   -6.2374e-01    2.9344e+00    1.1258e-03   -2.6989e-04    9.8987e-04   -3.5820e-04
   3.0000e-01    3.0000e+00    0.0000e+00   -7.7646e-01    2.8978e+00    7.5908e-04   -8.5828e-04    6.6100e-04   -8.6071e-04
   3.0000e-01    3.0000e+00    0.0000e+00   -9.2705e-01    2.8532e+00    1.5644e-04   -1.1239e-03    9.9844e-05   -1.0143e-03
   3.0000e-01    3.0000e+00    0.0000e+00   -1.0751e+00    2.8007e+00   -4.7323e-04   -1.0199e-03   -5.1639e-04   -9.8779e-04
   3.0000e-01    3.0000e+00    0.0000e+00   -1.2202e+00    2.7406e+00   -9.2712e-04   -6.1857e-04   -8.7772e-04   -4.4241e-04
   3.0000e-01    3.0000e+00    0.0000e+00   -1.3620e+00    2.6730e+00   -1.1034e-03   -6.3558e-05   -1.0292e-03    1.4535e-04
   3.0000e-01    3.0000e+00    0.0000e+00   -1.5000e+00    2.5981e+00   -9.9048e-04    4.7103e-04   -8.5028e-04    7.0219e-04
   3.0000e-01    3.0000e+00    0.0000e+00   -1.6339e+00    2.5160e+00   -6.5633e-04    8.6867e-04   -5.9044e-04    1.1424e-03
   3.0000e-01    3.0000e+00    0.0000e+00   -1.7634e+00    2.4271e+00   -1.9768e-04    1.0630e-03   -1.4396e-05    1.3624e-03
   3.0000e-01    3.0000e+00    0.0000e+00   -1.8880e+00    2.3314e+00    2.7247e-04    1.0390e-03    4.5069e-04    1.4602e-03
   3.0000e-01    3.0000e+00    0.0000e+00   -2.0074e+00    2.2294e+00    6.5832e-04    8.4073e-04    8.4581e-04    1.3406e-03
   3.0000e-01    3.0000e+00    0.0000e+00   -2.1213e+00    2.1213e+00    9.2174e-04    5.2726e-04    1.1616e-03    1.1471e-03
   3.0000e-01    3.0000e+00    0.0000e+00   -2.2294e+00    2.0074e+00    1.0445e-03    1.5764e-04    1.3065e-03    7.2853e-04
   3.0000e-01    3.0000e+00    0.0000e+00   -2.3314e+00    1.8880e+00    1.0309e-03   -2.0482e-04    1.2686e-03    4.1459e-04
   3.0000e-01    3.0000e+00    0.0000e+00   -2.4271e+00    1.7634e+00    9.1390e-04   -5.0977e-04    1.2172e-03    1.7697e-04
   3.0000e-01    3.0000e+00    0.0000e+00   -2.5160e+00    1.6339e+00    7.2687e-04   -7.4705e-04    1.0007e-03    4.3192e-05
   3.0000e-01    3.0000e+00    0.0000e+00   -2.5981e+00    1.5000e+00    4.9869e-04   -9.1080e-04    7.5873e-04   -1.0841e-04
   3.0000e-01    3.0000e+00    0.0000e+00   -2.6730e+00    1.3620e+00    2.6298e-04   -1.0010e-03    4.8939e-04   -1.8023e-04
   3.0000e-01    3.0000e+00    0.0000e+00   -2.7406e+00    1.2202e+00    4.2211e-05   -1.0311e-03    3.1716e-04   -1.0990e-04
   3.0000e-01    3.0000e+00    0.0000e+00   -2.8007e+00    1.0751e+00   -1.5492e-04   -1.0176e-03    1.8691e-04   -7.2002e-05
   3.0000e-01    3.0000e+00    0.0000e+00   -2.8532e+00    9.2705e-01   -3.2103e-04   -9.7542e-04   -1.3021e-05    1.3090e-05
   3.0000e-01    3.0000e+00    0.0000e+00   -2.8978e+00    7.7646e-01   -4.5735e-04   -9.1719e-04   -1.1511e-04    1.2758e-04
   3.0000e-01    3.0000e+00    0.0000e+00   -2.9344e+00    6.2374e-01   -5.5748e-04   -8.5822e-04   -2.4732e-04    1.4305e-04
   3.0000e-01    3.0000e+00    0.0000e+00   -2.9631e+00    4.6930e-01   -6.3216e-04   -8.0316e-04   -2.9909e-04    2.6949e-04
   3.0000e-01    3.0000e+00    0.0000e+00   -2.9836e+00    3.1359e-01   -6.7957e-04   -7.6235e-04   -3.3868e-04    3.1098e-04
   3.0000e-01    3.0000e+00    0.0000e+00   -2.9959e+00    1.5701e-01   -7.0919e-04   -7.3424e-04   -3.4044e-04    3.3545e-04
   3.0000e-01    3.0000e+00    0.0000e+00   -3.0000e+00    0.0000e+00   -7.2250e-04   -7.2081e-04   -3.6103e-04    3.6739e-04
   3.0000e-01    3.0000e+00    0.0000e+00   -2.9959e+00   -1.5701e-01   -7.0919e-04   -7.3424e-04   -4.3113e-04    3.0718e-04
   3.0000e-01    3.0000e+00    0.0000e+00   -2.9836e+00   -3.1359e-01   -6.7957e-04   -7.6235e-04   -3.8929e-04    3.6436e-04
   3.0000e-01    3.0000e+00    0.0000e+00   -2.9631e+00   -4.6930e-01   -6.3216e-04   -8.0316e-04   -3.0229e-04    2.8080e-04
   3.0000e-01    3.0000e+00    0.0000e+00   -2.9344e+00   -6.2374e-01   -5.5748e-04   -8.5822e-04   -3.4463e-04    2.0629e-04
   3.0000e-01    3.0000e+00    0.0000e+00   -2.8978e+00   -7.7646e-01   -4.5735e-04   -9.1719e-04   -1.3453e-04    7.4569e-05
   3.0000e-01    3.0000e+00    0.0000e+00   -2.8532e+00   -9.2705e-01   -3.2103e-04   -9.7542e-04   -4.5662e-05    6.8359e-06
   3.0000e-01    3.0000e+00    0.0000e+00   -2.8007e+00   -1.0751e+00   -1.5492e-04   -1.0176e-03    2.0643e-04   -1.1008e-04
   3.0000e-01    3.0000e+00    0.0000e+00   -2.7406e+00   -1.2202e+00    4.2211e-05   -1.0311e-03    3.2230e-04   -7.5155e-05
   3.0000e-01    3.0000e+00    0.0000e+00   -2.6730e+00   -1.3620e+00    2.6298e-04   -1.0010e-03    5.4063e-04   -1.5385e-04
   3.0000e-01    3.0000e+00    0.0000e+00   -2.5981e+00   -1.5000e+00    4.9869e-04   -9.1080e-04    7.8889e-04   -1.4322e-04
   3.0000e-01    3.0000e+00    0.0000e+00   -2.5160e+00   -1.6339e+00    7.2687e-04   -7.4705e-04    1.0114e-03    -2.8754e-05
   3.0000e-01    3.0000e+00    0.0000e+00   -2.4271e+00   -1.7634e+00    9.1390e-04   -5.0977e-04    1.2147e-03    1.9791e-04
   3.0000e-01    3.0000e+00    0.0000e+00   -2.3314e+00   -1.8880e+00    1.0309e-03   -2.0482e-04    1.3731e-03    4.5544e-04
   3.0000e-01    3.0000e+00    0.0000e+00   -2.2294e+00   -2.0074e+00    1.0445e-03    1.5764e-04    1.3339e-03    7.0304e-04
   3.0000e-01    3.0000e+00    0.0000e+00   -2.1213e+00   -2.1213e+00    9.2174e-04    5.2726e-04    1.1358e-03    1.0737e-03
   3.0000e-01    3.0000e+00    0.0000e+00   -2.0074e+00   -2.2294e+00    6.5832e-04    8.4073e-04    9.2152e-04    1.2523e-03
   3.0000e-01    3.0000e+00    0.0000e+00   -1.8880e+00   -2.3314e+00    2.7247e-04    1.0390e-03    4.8584e-04    1.4726e-03
   3.0000e-01    3.0000e+00    0.0000e+00   -1.7634e+00   -2.4271e+00   -1.9768e-04    1.0630e-03    6.9294e-06    1.4416e-03
   3.0000e-01    3.0000e+00    0.0000e+00   -1.6339e+00   -2.5160e+00   -6.5633e-04    8.6867e-04   -5.3627e-04    1.1427e-03
   3.0000e-01    3.0000e+00    0.0000e+00   -1.5000e+00   -2.5981e+00   -9.9048e-04    4.7103e-04   -9.4851e-04    7.1282e-04
   3.0000e-01    3.0000e+00    0.0000e+00   -1.3620e+00   -2.6730e+00   -1.1034e-03   -6.3558e-05   -1.0548e-03    1.8885e-04
   3.0000e-01    3.0000e+00    0.0000e+00   -1.2202e+00   -2.7406e+00   -9.2712e-04   -6.1857e-04   -9.2838e-04   -4.8286e-04
   3.0000e-01    3.0000e+00    0.0000e+00   -1.0751e+00   -2.8007e+00   -4.7323e-04   -1.0199e-03   -5.4393e-04   -9.6195e-04
   3.0000e-01    3.0000e+00    0.0000e+00   -9.2705e-01   -2.8532e+00    1.5644e-04   -1.1239e-03    1.1862e-04   -1.0698e-03
   3.0000e-01    3.0000e+00    0.0000e+00   -7.7646e-01   -2.8978e+00    7.5908e-04   -8.5828e-04    7.3145e-04   -8.8067e-04
   3.0000e-01    3.0000e+00    0.0000e+00   -6.2374e-01   -2.9344e+00    1.1258e-03   -2.6989e-04    9.7187e-04   -3.1503e-04
   3.0000e-01    3.0000e+00    0.0000e+00   -4.6930e-01   -2.9631e+00    1.0790e-03    4.5350e-04    9.5464e-04    3.7253e-04
   3.0000e-01    3.0000e+00    0.0000e+00   -3.1359e-01   -2.9836e+00    5.8602e-04    1.0288e-03    3.8952e-04    9.3812e-04
   3.0000e-01    3.0000e+00    0.0000e+00   -1.5701e-01   -2.9959e+00   -1.7874e-04    1.1850e-03   -3.7112e-04    1.0506e-03
   3.0000e-01    3.0000e+00    0.0000e+00    0.0000e+00   -3.0000e+00   -8.9633e-04    8.1823e-04   -1.0672e-03    6.5840e-04
   3.0000e-01    3.0000e+00    0.0000e+00    1.5701e-01   -2.9959e+00   -1.2297e-03    3.3121e-05   -1.4532e-03   -9.0083e-05
   3.0000e-01    3.0000e+00    0.0000e+00    3.1359e-01   -2.9836e+00   -9.5654e-04   -8.0100e-04   -1.1941e-03   -1.0286e-03
   3.0000e-01    3.0000e+00    0.0000e+00    4.6930e-01   -2.9631e+00   -1.6658e-04   -1.2554e-03   -4.1814e-04   -1.4262e-03
   3.0000e-01    3.0000e+00    0.0000e+00    6.2374e-01   -2.9344e+00    7.5756e-04   -1.0399e-03    5.0265e-04   -1.2512e-03
   3.0000e-01    3.0000e+00    0.0000e+00    7.7646e-01   -2.8978e+00    1.2893e-03   -2.2034e-04    1.0747e-03   -4.6991e-04
   3.0000e-01    3.0000e+00    0.0000e+00    9.2705e-01   -2.8532e+00    1.0825e-03    7.7461e-04    7.6744e-04    5.5694e-04
   3.0000e-01    3.0000e+00    0.0000e+00    1.0751e+00   -2.8007e+00    1.9048e-04    1.3427e-03   -4.1960e-05    1.0985e-03
   3.0000e-01    3.0000e+00    0.0000e+00    1.2202e+00   -2.7406e+00   -8.6808e-04    1.0765e-03   -1.0615e-03    8.8675e-04
   3.0000e-01    3.0000e+00    0.0000e+00    1.3620e+00   -2.6730e+00   -1.4096e-03    7.8720e-05   -1.6519e-03   -1.0116e-04
   3.0000e-01    3.0000e+00    0.0000e+00    1.5000e+00   -2.5981e+00   -1.0149e-03   -1.0260e-03   -1.2035e-03   -1.2651e-03
   3.0000e-01    3.0000e+00    0.0000e+00    1.6339e+00   -2.5160e+00    1.2244e-04   -1.4723e-03   -1.4002e-05   -1.6423e-03
   3.0000e-01    3.0000e+00    0.0000e+00    1.7634e+00   -2.4271e+00    1.2379e-03   -8.7250e-04    1.0882e-03   -1.0030e-03
   3.0000e-01    3.0000e+00    0.0000e+00    1.8880e+00   -2.3314e+00    1.4992e-03    4.1292e-04    1.4283e-03    2.6140e-04
   3.0000e-01    3.0000e+00    0.0000e+00    2.0074e+00   -2.2294e+00    6.3001e-04    1.4707e-03    5.9304e-04    1.3967e-03
   3.0000e-01    3.0000e+00    0.0000e+00    2.1213e+00   -2.1213e+00   -7.9867e-04    1.4433e-03   -8.3774e-04    1.3657e-03
   3.0000e-01    3.0000e+00    0.0000e+00    2.2294e+00   -2.0074e+00   -1.6858e-03    2.5140e-04   -1.6592e-03    2.6261e-04
   3.0000e-01    3.0000e+00    0.0000e+00    2.3314e+00   -1.8880e+00   -1.2613e-03   -1.2357e-03   -1.2631e-03   -1.2637e-03
   3.0000e-01    3.0000e+00    0.0000e+00    2.4271e+00   -1.7634e+00    2.5666e-04   -1.8170e-03    3.5270e-04   -1.8559e-03
   3.0000e-01    3.0000e+00    0.0000e+00    2.5160e+00   -1.6339e+00    1.6940e-03   -8.9140e-04    1.9113e-03   -9.0952e-04
   3.0000e-01    3.0000e+00    0.0000e+00    2.5981e+00   -1.5000e+00    1.7913e-03    9.0077e-04    2.0601e-03    8.8194e-04
   3.0000e-01    2.6000e+00    1.5000e+00    3.0000e+00    0.0000e+00    1.7929e-03    8.9701e-04    1.9925e-03    8.7397e-04
   3.0000e-01    2.6000e+00    1.5000e+00    1.5000e+00    2.5981e+00    1.7992e-03    8.8287e-04    1.5718e-03    6.6753e-04
   3.0000e-01    2.6000e+00    1.5000e+00    1.3620e+00    2.6730e+00    1.6862e-03   -9.0466e-04    1.4692e-03   -1.1332e-03
   3.0000e-01    2.6000e+00    1.5000e+00    1.2202e+00    2.7406e+00    2.4186e-04   -1.8186e-03    -4.2922e-05   -1.9983e-03
   3.0000e-01    2.6000e+00    1.5000e+00    1.0751e+00    2.8007e+00   -1.2689e-03   -1.2275e-03   -1.4811e-03   -1.4307e-03
   3.0000e-01    2.6000e+00    1.5000e+00    9.2705e-01    2.8532e+00   -1.6815e-03    2.7364e-04   -1.9201e-03    5.6201e-06
   3.0000e-01    2.6000e+00    1.5000e+00    7.7646e-01    2.8978e+00   -7.8153e-04    1.4519e-03   -8.6052e-04    1.1336e-03
   3.0000e-01    2.6000e+00    1.5000e+00    6.2374e-01    2.9344e+00    6.3846e-04    1.4667e-03    3.9945e-04    1.1546e-03
   3.0000e-01    2.6000e+00    1.5000e+00    4.6930e-01    2.9631e+00    1.5023e-03    4.0018e-04    1.3495e-03    1.3168e-04
   3.0000e-01    2.6000e+00    1.5000e+00    3.1359e-01    2.9836e+00    1.2268e-03   -8.8720e-04    1.1220e-03   -1.1899e-03
   3.0000e-01    2.6000e+00    1.5000e+00    1.5701e-01    2.9959e+00    1.0645e-04   -1.4730e-03   -8.4674e-05   -1.7776e-03
   3.0000e-01    2.6000e+00    1.5000e+00    0.0000e+00    3.0000e+00   -1.0295e-03   -1.0107e-03   -1.0942e-03   -1.2739e-03
   3.0000e-01    2.6000e+00    1.5000e+00   -1.5701e-01    2.9959e+00   -1.4085e-03    9.1961e-05   -1.5628e-03   -1.7976e-04
   3.0000e-01    2.6000e+00    1.5000e+00   -3.1359e-01    2.9836e+00   -8.6198e-04    1.0810e-03   -8.6363e-04    9.0196e-04
   3.0000e-01    2.6000e+00    1.5000e+00   -4.6930e-01    2.9631e+00    2.0512e-04    1.3401e-03    2.0357e-04    1.1106e-03
   3.0000e-01    2.6000e+00    1.5000e+00   -6.2374e-01    2.9344e+00    1.0907e-03    7.6233e-04    1.0569e-03    5.0899e-04
   3.0000e-01    2.6000e+00    1.5000e+00   -7.7646e-01    2.8978e+00    1.2864e-03   -2.3480e-04    1.3344e-03   -4.1817e-04
   3.0000e-01    2.6000e+00    1.5000e+00   -9.2705e-01    2.8532e+00    7.4694e-04   -1.0471e-03    8.5164e-04   -1.2438e-03
   3.0000e-01    2.6000e+00    1.5000e+00   -1.0751e+00    2.8007e+00   -1.8057e-04   -1.2532e-03   -1.0244e-04   -1.4364e-03
   3.0000e-01    2.6000e+00    1.5000e+00   -1.2202e+00    2.7406e+00   -9.6513e-04   -7.9030e-04   -8.5015e-04   -8.9532e-04
   3.0000e-01    2.6000e+00    1.5000e+00   -1.3620e+00    2.6730e+00   -1.2285e-03    5.3084e-05   -1.1195e-03   -6.0727e-05
   3.0000e-01    2.6000e+00    1.5000e+00   -1.5000e+00    2.5981e+00   -8.9054e-04    8.2425e-04   -6.4442e-04    8.0763e-04
   3.0000e-01    2.6000e+00    1.5000e+00   -1.6339e+00    2.5160e+00   -1.6376e-04    1.1868e-03    1.0260e-04    1.1818e-03
   3.0000e-01    2.6000e+00    1.5000e+00   -1.7634e+00    2.4271e+00    6.0493e-04    1.0173e-03    8.8576e-04    9.7866e-04
   3.0000e-01    2.6000e+00    1.5000e+00   -1.8880e+00    2.3314e+00    1.0863e-03    4.3454e-04    1.3862e-03    5.1037e-04
   3.0000e-01    2.6000e+00    1.5000e+00   -2.0074e+00    2.2294e+00    1.1227e-03   -2.8146e-04    1.5100e-03   -2.0844e-04
   3.0000e-01    2.6000e+00    1.5000e+00   -2.1213e+00    2.1213e+00    7.5188e-04   -8.6435e-04    1.2475e-03   -7.7381e-04
   3.0000e-01    2.6000e+00    1.5000e+00   -2.2294e+00    2.0074e+00    1.3736e-04   -1.1261e-03    5.5291e-04   -9.8773e-04
   3.0000e-01    2.6000e+00    1.5000e+00   -2.3314e+00    1.8880e+00   -4.9042e-04   -1.0112e-03   -8.9816e-05   -7.6299e-04
   3.0000e-01    2.6000e+00    1.5000e+00   -2.4271e+00    1.7634e+00   -9.3491e-04   -6.0601e-04   -4.6029e-04   -4.5238e-04
   3.0000e-01    2.6000e+00    1.5000e+00   -2.5160e+00    1.6339e+00   -1.1037e-03   -5.5297e-05   -6.9259e-04    2.0882e-04
   3.0000e-01    2.6000e+00    1.5000e+00   -2.5981e+00    1.5000e+00   -9.8379e-04    4.8397e-04   -5.2535e-04    7.2549e-04
   3.0000e-01    2.6000e+00    1.5000e+00   -2.6730e+00    1.3620e+00   -6.4232e-04    8.7864e-04   -2.9557e-04    1.1447e-03
   3.0000e-01    2.6000e+00    1.5000e+00   -2.7406e+00    1.2202e+00   -1.8553e-04    1.0650e-03    2.3619e-04    1.4465e-03
   3.0000e-01    2.6000e+00    1.5000e+00   -2.8007e+00    1.0751e+00    2.7941e-04    1.0371e-03    7.0842e-04    1.4441e-03
   3.0000e-01    2.6000e+00    1.5000e+00   -2.8532e+00    9.2705e-01    6.6882e-04    8.3204e-04    1.0286e-03    1.2451e-03
   3.0000e-01    2.6000e+00    1.5000e+00   -2.8978e+00    7.7646e-01    9.3042e-04    5.1102e-04    1.3353e-03    1.0634e-03
   3.0000e-01    2.6000e+00    1.5000e+00   -2.9344e+00    6.2374e-01    1.0458e-03    1.4689e-04    1.4578e-03    7.6964e-04
   3.0000e-01    2.6000e+00    1.5000e+00   -2.9631e+00    4.6930e-01    1.0293e-03   -2.1214e-04    1.3795e-03    4.8596e-04
   3.0000e-01    2.6000e+00    1.5000e+00   -2.9836e+00    3.1359e-01    9.0911e-04   -5.1803e-04    1.2390e-03    1.6237e-04
   3.0000e-01    2.6000e+00    1.5000e+00   -2.9959e+00    1.5701e-01    7.1774e-04   -7.5562e-04    1.0134e-03    -1.8824e-05
   3.0000e-01    2.6000e+00    1.5000e+00   -3.0000e+00    0.0000e+00    4.8474e-04   -9.1813e-04    7.0238e-04   -1.0284e-04
   3.0000e-01    2.6000e+00    1.5000e+00   -2.9959e+00   -1.5701e-01    2.5568e-04   -1.0028e-03    5.3520e-04   -1.5411e-04
   3.0000e-01    2.6000e+00    1.5000e+00   -2.9836e+00   -3.1359e-01    3.4806e-05   -1.0312e-03    2.5519e-04   -1.0715e-04
   3.0000e-01    2.6000e+00    1.5000e+00   -2.9631e+00   -4.6930e-01   -1.6660e-04   -1.0155e-03    1.2394e-04   -5.9799e-05
   3.0000e-01    2.6000e+00    1.5000e+00   -2.9344e+00   -6.2374e-01   -3.3277e-04   -9.7141e-04   -1.4572e-04    1.8686e-06
   3.0000e-01    2.6000e+00    1.5000e+00   -2.8978e+00   -7.7646e-01   -4.6719e-04   -9.1211e-04   -2.8258e-04    7.1388e-05
   3.0000e-01    2.6000e+00    1.5000e+00   -2.8532e+00   -9.2705e-01   -5.6536e-04   -8.5288e-04   -4.0626e-04    2.1002e-04
   3.0000e-01    2.6000e+00    1.5000e+00   -2.8007e+00   -1.0751e+00   -6.4018e-04   -7.9672e-04   -4.2656e-04    3.2256e-04
   3.0000e-01    2.6000e+00    1.5000e+00   -2.7406e+00   -1.2202e+00   -6.8973e-04   -7.5306e-04   -5.2301e-04    3.2280e-04
   3.0000e-01    2.6000e+00    1.5000e+00   -2.6730e+00   -1.3620e+00   -7.1986e-04   -7.2346e-04   -5.7981e-04    3.4694e-04
   3.0000e-01    2.6000e+00    1.5000e+00   -2.5981e+00   -1.5000e+00   -7.2759e-04   -7.1560e-04   -6.1754e-04    4.1596e-04
   3.0000e-01    2.6000e+00    1.5000e+00   -2.5160e+00   -1.6339e+00   -7.1621e-04   -7.2733e-04   -6.6252e-04    4.5915e-04
   3.0000e-01    2.6000e+00    1.5000e+00   -2.4271e+00   -1.7634e+00   -6.8991e-04   -7.5288e-04   -5.9603e-04    2.7932e-04
   3.0000e-01    2.6000e+00    1.5000e+00   -2.3314e+00   -1.8880e+00   -6.4391e-04   -7.9355e-04   -5.5653e-04    2.7566e-04
   3.0000e-01    2.6000e+00    1.5000e+00   -2.2294e+00   -2.0074e+00   -5.6603e-04   -8.5245e-04   -5.1423e-04    2.2527e-04
   3.0000e-01    2.6000e+00    1.5000e+00   -2.1213e+00   -2.1213e+00   -4.6059e-04   -9.1562e-04   -4.0693e-04    3.9897e-05
   3.0000e-01    2.6000e+00    1.5000e+00   -2.0074e+00   -2.2294e+00   -3.3049e-04   -9.7226e-04   -3.3745e-04    4.9961e-05
   3.0000e-01    2.6000e+00    1.5000e+00   -1.8880e+00   -2.3314e+00   -1.6975e-04   -1.0150e-03   -8.7980e-05    6.9221e-06
   3.0000e-01    2.6000e+00    1.5000e+00   -1.7634e+00   -2.4271e+00    3.2403e-05   -1.0313e-03    1.2265e-04   -2.0064e-04
   3.0000e-01    2.6000e+00    1.5000e+00   -1.6339e+00   -2.5160e+00    2.5896e-04   -1.0020e-03    3.0392e-04   -2.1636e-04
   3.0000e-01    2.6000e+00    1.5000e+00   -1.5000e+00   -2.5981e+00    4.9173e-04   -9.1455e-04    5.6645e-04   -1.0292e-04
   3.0000e-01    2.6000e+00    1.5000e+00   -1.3620e+00   -2.6730e+00    7.1703e-04   -7.5625e-04    6.8920e-04    6.3809e-05
   3.0000e-01    2.6000e+00    1.5000e+00   -1.2202e+00   -2.7406e+00    9.1049e-04   -5.1596e-04    9.4448e-04    1.0263e-04
   3.0000e-01    2.6000e+00    1.5000e+00   -1.0751e+00   -2.8007e+00    1.0306e-03   -2.0695e-04    1.0509e-03    3.9500e-04
   3.0000e-01    2.6000e+00    1.5000e+00   -9.2705e-01   -2.8532e+00    1.0450e-03    1.5364e-04    1.0585e-03    7.0521e-04
   3.0000e-01    2.6000e+00    1.5000e+00   -7.7646e-01   -2.8978e+00    9.2785e-04    5.1601e-04    9.9133e-04    9.7273e-04
   3.0000e-01    2.6000e+00    1.5000e+00   -6.2374e-01   -2.9344e+00    6.6498e-04    8.3541e-04    6.9160e-04    1.3522e-03
   3.0000e-01    2.6000e+00    1.5000e+00   -4.6930e-01   -2.9631e+00    2.7365e-04    1.0388e-03    2.6283e-04    1.4387e-03
   3.0000e-01    2.6000e+00    1.5000e+00   -3.1359e-01   -2.9836e+00   -1.9724e-04    1.0630e-03   -1.6535e-04    1.3741e-03
   3.0000e-01    2.6000e+00    1.5000e+00   -1.5701e-01   -2.9959e+00   -6.5106e-04    8.7255e-04   -5.9456e-04    1.1589e-03
   3.0000e-01    2.6000e+00    1.5000e+00    0.0000e+00   -3.0000e+00   -9.8520e-04    4.8154e-04   -9.7651e-04    7.7793e-04
   3.0000e-01    2.6000e+00    1.5000e+00    1.5701e-01   -2.9959e+00   -1.1035e-03   -6.2410e-05   -1.0213e-03    1.1514e-04
   3.0000e-01    2.6000e+00    1.5000e+00    3.1359e-01   -2.9836e+00   -9.3007e-04   -6.1379e-04   -8.8795e-04   -5.0368e-04
   3.0000e-01    2.6000e+00    1.5000e+00    4.6930e-01   -2.9631e+00   -4.7914e-04   -1.0169e-03   -3.5388e-04   -9.2531e-04
   3.0000e-01    2.6000e+00    1.5000e+00    6.2374e-01   -2.9344e+00    1.4886e-04   -1.1248e-03    2.6126e-04   -1.0730e-03
   3.0000e-01    2.6000e+00    1.5000e+00    7.7646e-01   -2.8978e+00    7.5473e-04   -8.6193e-04    8.8956e-04   -8.4238e-04
   3.0000e-01    2.6000e+00    1.5000e+00    9.2705e-01   -2.8532e+00    1.1245e-03   -2.7469e-04    1.2823e-03   -2.8827e-04
   3.0000e-01    2.6000e+00    1.5000e+00    1.0751e+00   -2.8007e+00    1.0809e-03    4.4881e-04    1.2595e-03    4.3870e-04
   3.0000e-01    2.6000e+00    1.5000e+00    1.2202e+00   -2.7406e+00    5.9562e-04    1.0231e-03    7.5829e-04    9.3230e-04
   3.0000e-01    2.6000e+00    1.5000e+00    1.3620e+00   -2.6730e+00   -1.7128e-04    1.1858e-03    -2.0105e-05    1.0778e-03
   3.0000e-01    2.6000e+00    1.5000e+00    1.5000e+00   -2.5981e+00   -8.9682e-04    8.1751e-04   -7.2846e-04    7.5096e-04
   3.0000e-01    2.6000e+00    1.5000e+00    1.6339e+00   -2.5160e+00   -1.2295e-03    3.6530e-05   -1.0082e-03   -1.8449e-05
   3.0000e-01    2.6000e+00    1.5000e+00    1.7634e+00   -2.4271e+00   -9.5842e-04   -7.9852e-04   -6.3475e-04   -9.2301e-04
   3.0000e-01    2.6000e+00    1.5000e+00    1.8880e+00   -2.3314e+00   -1.7340e-04   -1.2542e-03    2.5106e-05   -1.4040e-03
   3.0000e-01    2.6000e+00    1.5000e+00    2.0074e+00   -2.2294e+00    7.5145e-04   -1.0441e-03    1.0193e-03   -1.2399e-03
   3.0000e-01    2.6000e+00    1.5000e+00    2.1213e+00   -2.1213e+00    1.2896e-03   -2.1856e-04    1.5643e-03   -3.5220e-04
   3.0000e-01    2.6000e+00    1.5000e+00    2.2294e+00   -2.0074e+00    1.0814e-03    7.7600e-04    1.3586e-03    6.0089e-04
   3.0000e-01    2.6000e+00    1.5000e+00    2.3314e+00   -1.8880e+00    1.9757e-04    1.3413e-03    4.7141e-04    1.2591e-03
   3.0000e-01    2.6000e+00    1.5000e+00    2.4271e+00   -1.7634e+00   -8.6586e-04    1.0780e-03   -5.6331e-04    9.0387e-04
   3.0000e-01    2.6000e+00    1.5000e+00    2.5160e+00   -1.6339e+00   -1.4095e-03    7.8570e-05   -1.1109e-03   -2.4085e-05
   3.0000e-01    2.6000e+00    1.5000e+00    2.5981e+00   -1.5000e+00   -1.0140e-03   -1.0270e-03   -7.2649e-04   -1.1409e-03
   3.0000e-01    2.6000e+00    1.5000e+00    2.6730e+00   -1.3620e+00    1.1651e-04   -1.4724e-03    4.5379e-04   -1.5685e-03
   3.0000e-01    2.6000e+00    1.5000e+00    2.7406e+00   -1.2202e+00    1.2384e-03   -8.7194e-04    1.5962e-03   -1.0045e-03
   3.0000e-01    2.6000e+00    1.5000e+00    2.8007e+00   -1.0751e+00    1.4983e-03    4.1698e-04    1.8391e-03    2.8737e-04
   3.0000e-01    2.6000e+00    1.5000e+00    2.8532e+00   -9.2705e-01    6.2070e-04    1.4748e-03    8.9565e-04    1.4315e-03
   3.0000e-01    2.6000e+00    1.5000e+00    2.8978e+00   -7.7646e-01   -7.9776e-04    1.4436e-03   -4.9047e-04    1.3693e-03
   3.0000e-01    2.6000e+00    1.5000e+00    2.9344e+00   -6.2374e-01   -1.6852e-03    2.5429e-04   -1.4661e-03    2.1544e-04
   3.0000e-01    2.6000e+00    1.5000e+00    2.9631e+00   -4.6930e-01   -1.2553e-03   -1.2422e-03   -1.0321e-03   -1.3211e-03
   3.0000e-01    2.6000e+00    1.5000e+00    2.9836e+00   -3.1359e-01    2.7172e-04   -1.8154e-03    4.7601e-04   -1.8361e-03
   3.0000e-01    2.6000e+00    1.5000e+00    2.9959e+00   -1.5701e-01    1.6972e-03   -8.8578e-04    1.8274e-03   -8.8902e-04
   3.0000e-01    1.5000e+00    2.6000e+00    3.0000e+00    0.0000e+00   -1.0295e-03   -1.0107e-03   -1.2069e-03   -1.2144e-03
   3.0000e-01    1.5000e+00    2.6000e+00    2.9959e+00    1.5701e-01    1.0645e-04   -1.4730e-03   -6.1286e-05   -1.6360e-03
   3.0000e-01    1.5000e+00    2.6000e+00    2.9836e+00    3.1359e-01    1.2268e-03   -8.8720e-04    9.8073e-04   -1.0997e-03
   3.0000e-01    1.5000e+00    2.6000e+00    2.9631e+00    4.6930e-01    1.5023e-03    4.0018e-04    1.2901e-03    1.5506e-04
   3.0000e-01    1.5000e+00    2.6000e+00    2.9344e+00    6.2374e-01    6.3846e-04    1.4667e-03    3.8002e-04    1.2513e-03
   3.0000e-01    1.5000e+00    2.6000e+00    2.8978e+00    7.7646e-01   -7.8153e-04    1.4519e-03   -1.0291e-03    1.2649e-03
   3.0000e-01    1.5000e+00    2.6000e+00    2.8532e+00    9.2705e-01   -1.6815e-03    2.7364e-04   -1.9284e-03    1.1607e-04
   3.0000e-01    1.5000e+00    2.6000e+00    2.8007e+00    1.0751e+00   -1.2689e-03   -1.2275e-03   -1.5032e-03   -1.4423e-03
   3.0000e-01    1.5000e+00    2.6000e+00    2.7406e+00    1.2202e+00    2.4186e-04   -1.8186e-03    -3.5421e-05   -1.9999e-03
   3.0000e-01    1.5000e+00    2.6000e+00    2.6730e+00    1.3620e+00    1.6862e-03   -9.0466e-04    1.4861e-03   -1.0635e-03
   3.0000e-01    1.5000e+00    2.6000e+00    2.5981e+00    1.5000e+00    1.7992e-03    8.8287e-04    1.5698e-03    6.6607e-04
   3.0000e-01    1.5000e+00    2.6000e+00    0.0000e+00    3.0000e+00    1.7929e-03    8.9701e-04    2.0114e-03    7.4515e-04
   3.0000e-01    1.5000e+00    2.6000e+00   -1.5701e-01    2.9959e+00    1.6972e-03   -8.8578e-04    1.9291e-03   -1.0849e-03
   3.0000e-01    1.5000e+00    2.6000e+00   -3.1359e-01    2.9836e+00    2.7172e-04   -1.8154e-03    5.4266e-04   -1.9163e-03
   3.0000e-01    1.5000e+00    2.6000e+00   -4.6930e-01    2.9631e+00   -1.2553e-03   -1.2422e-03   -9.6548e-04   -1.2752e-03
   3.0000e-01    1.5000e+00    2.6000e+00   -6.2374e-01    2.9344e+00   -1.6852e-03    2.5429e-04   -1.4413e-03    1.4659e-04
   3.0000e-01    1.5000e+00    2.6000e+00   -7.7646e-01    2.8978e+00   -7.9776e-04    1.4436e-03   -5.3566e-04    1.4159e-03
   3.0000e-01    1.5000e+00    2.6000e+00   -9.2705e-01    2.8532e+00    6.2070e-04    1.4748e-03    8.2474e-04    1.4013e-03
   3.0000e-01    1.5000e+00    2.6000e+00   -1.0751e+00    2.8007e+00    1.4983e-03    4.1698e-04    1.7165e-03    2.3594e-04
   3.0000e-01    1.5000e+00    2.6000e+00   -1.2202e+00    2.7406e+00    1.2384e-03   -8.7194e-04    1.4401e-03   -1.0051e-03
   3.0000e-01    1.5000e+00    2.6000e+00   -1.3620e+00    2.6730e+00    1.1651e-04   -1.4724e-03    4.3413e-04   -1.5850e-03
   3.0000e-01    1.5000e+00    2.6000e+00   -1.5000e+00    2.5981e+00   -1.0140e-03   -1.0270e-03   -7.4215e-04   -1.1486e-03
   3.0000e-01    1.5000e+00    2.6000e+00   -1.6339e+00    2.5160e+00   -1.4095e-03    7.8570e-05   -1.1061e-03    -4.0095e-05
   3.0000e-01    1.5000e+00    2.6000e+00   -1.7634e+00    2.4271e+00   -8.6586e-04    1.0780e-03   -5.3727e-04    9.6147e-04
   3.0000e-01    1.5000e+00    2.6000e+00   -1.8880e+00    2.3314e+00    1.9757e-04    1.3413e-03    4.4744e-04    1.2629e-03
   3.0000e-01    1.5000e+00    2.6000e+00   -2.0074e+00    2.2294e+00    1.0814e-03    7.7600e-04    1.3576e-03    7.4501e-04
   3.0000e-01    1.5000e+00    2.6000e+00   -2.1213e+00    2.1213e+00    1.2896e-03   -2.1856e-04    1.5652e-03   -3.4695e-04
   3.0000e-01    1.5000e+00    2.6000e+00   -2.2294e+00    2.0074e+00    7.5145e-04   -1.0441e-03    9.9602e-04   -1.1511e-03
   3.0000e-01    1.5000e+00    2.6000e+00   -2.3314e+00    1.8880e+00   -1.7340e-04   -1.2542e-03    1.1087e-04   -1.3273e-03
   3.0000e-01    1.5000e+00    2.6000e+00   -2.4271e+00    1.7634e+00   -9.5842e-04   -7.9852e-04   -7.1306e-04   -8.5074e-04
   3.0000e-01    1.5000e+00    2.6000e+00   -2.5160e+00    1.6339e+00   -1.2295e-03    3.6530e-05   -1.0085e-03   -4.7646e-05
   3.0000e-01    1.5000e+00    2.6000e+00   -2.5981e+00    1.5000e+00   -8.9682e-04    8.1751e-04   -6.6071e-04    8.0091e-04
   3.0000e-01    1.5000e+00    2.6000e+00   -2.6730e+00    1.3620e+00   -1.7128e-04    1.1858e-03    4.2718e-05    1.1103e-03
   3.0000e-01    1.5000e+00    2.6000e+00   -2.7406e+00    1.2202e+00    5.9562e-04    1.0231e-03    7.6229e-04    1.0007e-03
   3.0000e-01    1.5000e+00    2.6000e+00   -2.8007e+00    1.0751e+00    1.0809e-03    4.4881e-04    1.2509e-03    4.3259e-04
   3.0000e-01    1.5000e+00    2.6000e+00   -2.8532e+00    9.2705e-01    1.1245e-03   -2.7469e-04    1.2321e-03   -2.4165e-04
   3.0000e-01    1.5000e+00    2.6000e+00   -2.8978e+00    7.7646e-01    7.5473e-04   -8.6193e-04    8.6878e-04   -8.6833e-04
   3.0000e-01    1.5000e+00    2.6000e+00   -2.9344e+00    6.2374e-01    1.4886e-04   -1.1248e-03    3.3588e-04   -1.1184e-03
   3.0000e-01    1.5000e+00    2.6000e+00   -2.9631e+00    4.6930e-01   -4.7914e-04   -1.0169e-03   -3.4889e-04   -9.2080e-04
   3.0000e-01    1.5000e+00    2.6000e+00   -2.9836e+00    3.1359e-01   -9.3007e-04   -6.1379e-04   -8.4888e-04   -4.2811e-04
   3.0000e-01    1.5000e+00    2.6000e+00   -2.9959e+00    1.5701e-01   -1.1035e-03   -6.2410e-05   -9.4494e-04    4.8097e-05
   3.0000e-01    1.5000e+00    2.6000e+00   -3.0000e+00    0.0000e+00   -9.8520e-04    4.8154e-04   -9.4775e-04    7.4449e-04
   3.0000e-01    1.5000e+00    2.6000e+00   -2.9959e+00   -1.5701e-01   -6.5106e-04    8.7255e-04   -6.2292e-04    1.1459e-03
   3.0000e-01    1.5000e+00    2.6000e+00   -2.9836e+00   -3.1359e-01   -1.9724e-04    1.0630e-03   -1.2949e-04    1.4329e-03
   3.0000e-01    1.5000e+00    2.6000e+00   -2.9631e+00   -4.6930e-01    2.7365e-04    1.0388e-03    3.1821e-04    1.4454e-03
   3.0000e-01    1.5000e+00    2.6000e+00   -2.9344e+00   -6.2374e-01    6.6498e-04    8.3541e-04    6.7897e-04    1.3464e-03
   3.0000e-01    1.5000e+00    2.6000e+00   -2.8978e+00   -7.7646e-01    9.2785e-04    5.1601e-04    9.4459e-04    1.0521e-03
   3.0000e-01    1.5000e+00    2.6000e+00   -2.8532e+00   -9.2705e-01    1.0450e-03    1.5364e-04    1.0519e-03    7.4107e-04
   3.0000e-01    1.5000e+00    2.6000e+00   -2.8007e+00   -1.0751e+00    1.0306e-03   -2.0695e-04    1.0450e-03    4.2947e-04
   3.0000e-01    1.5000e+00    2.6000e+00   -2.7406e+00   -1.2202e+00    9.1049e-04   -5.1596e-04    8.9024e-04    2.1208e-04
   3.0000e-01    1.5000e+00    2.6000e+00   -2.6730e+00   -1.3620e+00    7.1703e-04   -7.5625e-04    7.8591e-04    5.0944e-06
   3.0000e-01    1.5000e+00    2.6000e+00   -2.5981e+00   -1.5000e+00    4.9173e-04   -9.1455e-04    5.3409e-04   -8.1470e-05
   3.0000e-01    1.5000e+00    2.6000e+00   -2.5160e+00   -1.6339e+00    2.5896e-04   -1.0020e-03    3.0789e-04   -1.4273e-04
   3.0000e-01    1.5000e+00    2.6000e+00   -2.4271e+00   -1.7634e+00    3.2403e-05   -1.0313e-03    6.1508e-05   -1.1062e-04
   3.0000e-01    1.5000e+00    2.6000e+00   -2.3314e+00   -1.8880e+00   -1.6975e-04   -1.0150e-03   -1.3585e-04   -1.2646e-04
   3.0000e-01    1.5000e+00    2.6000e+00   -2.2294e+00   -2.0074e+00   -3.3049e-04   -9.7226e-04   -2.9526e-04   -8.6933e-05
   3.0000e-01    1.5000e+00    2.6000e+00   -2.1213e+00   -2.1213e+00   -4.6059e-04   -9.1562e-04   -4.2036e-04    7.8753e-05
   3.0000e-01    1.5000e+00    2.6000e+00   -2.0074e+00   -2.2294e+00   -5.6603e-04   -8.5245e-04   -4.6494e-04    1.5024e-04
   3.0000e-01    1.5000e+00    2.6000e+00   -1.8880e+00   -2.3314e+00   -6.4391e-04   -7.9355e-04   -5.3552e-04    2.1507e-04
   3.0000e-01    1.5000e+00    2.6000e+00   -1.7634e+00   -2.4271e+00   -6.8991e-04   -7.5288e-04   -6.4268e-04    2.1038e-04
   3.0000e-01    1.5000e+00    2.6000e+00   -1.6339e+00   -2.5160e+00   -7.1621e-04   -7.2733e-04   -6.5334e-04    2.3803e-04
   3.0000e-01    1.5000e+00    2.6000e+00   -1.5000e+00   -2.5981e+00   -7.2759e-04   -7.1560e-04   -5.8460e-04    2.8612e-04
   3.0000e-01    1.5000e+00    2.6000e+00   -1.3620e+00   -2.6730e+00   -7.1986e-04   -7.2346e-04   -5.5777e-04    2.7689e-04
   3.0000e-01    1.5000e+00    2.6000e+00   -1.2202e+00   -2.7406e+00   -6.8973e-04   -7.5306e-04   -4.9194e-04    2.6733e-04
   3.0000e-01    1.5000e+00    2.6000e+00   -1.0751e+00   -2.8007e+00   -6.4018e-04   -7.9672e-04   -4.8284e-04    1.5310e-04
   3.0000e-01    1.5000e+00    2.6000e+00   -9.2705e-01   -2.8532e+00   -5.6536e-04   -8.5288e-04   -3.8186e-04    2.1257e-05
   3.0000e-01    1.5000e+00    2.6000e+00   -7.7646e-01   -2.8978e+00   -4.6719e-04   -9.1211e-04   -2.1271e-04    3.4002e-05
   3.0000e-01    1.5000e+00    2.6000e+00   -6.2374e-01   -2.9344e+00   -3.3277e-04   -9.7141e-04   -8.1440e-05   -1.2061e-04
   3.0000e-01    1.5000e+00    2.6000e+00   -4.6930e-01   -2.9631e+00   -1.6660e-04   -1.0155e-03    1.4935e-04   -2.7052e-04
   3.0000e-01    1.5000e+00    2.6000e+00   -3.1359e-01   -2.9836e+00    3.4806e-05   -1.0312e-03    3.3869e-04   -2.3437e-04
   3.0000e-01    1.5000e+00    2.6000e+00   -1.5701e-01   -2.9959e+00    2.5568e-04   -1.0028e-03    5.5699e-04   -2.0336e-04
   3.0000e-01    1.5000e+00    2.6000e+00    0.0000e+00   -3.0000e+00    4.8474e-04   -9.1813e-04    8.6965e-04   -2.2620e-04
   3.0000e-01    1.5000e+00    2.6000e+00    1.5701e-01   -2.9959e+00    7.1774e-04   -7.5562e-04    1.0822e-03   -1.1301e-04
   3.0000e-01    1.5000e+00    2.6000e+00    3.1359e-01   -2.9836e+00    9.0911e-04   -5.1803e-04    1.2779e-03    4.3636e-05
   3.0000e-01    1.5000e+00    2.6000e+00    4.6930e-01   -2.9631e+00    1.0293e-03   -2.1214e-04    1.4888e-03    3.8521e-04
   3.0000e-01    1.5000e+00    2.6000e+00    6.2374e-01   -2.9344e+00    1.0458e-03    1.4689e-04    1.5009e-03    6.1717e-04
   3.0000e-01    1.5000e+00    2.6000e+00    7.7646e-01   -2.8978e+00    9.3042e-04    5.1102e-04    1.4480e-03    1.0442e-03
   3.0000e-01    1.5000e+00    2.6000e+00    9.2705e-01   -2.8532e+00    6.6882e-04    8.3204e-04    1.1269e-03    1.2123e-03
   3.0000e-01    1.5000e+00    2.6000e+00    1.0751e+00   -2.8007e+00    2.7941e-04    1.0371e-03    7.0767e-04    1.4171e-03
   3.0000e-01    1.5000e+00    2.6000e+00    1.2202e+00   -2.7406e+00   -1.8553e-04    1.0650e-03    2.4597e-04    1.3809e-03
   3.0000e-01    1.5000e+00    2.6000e+00    1.3620e+00   -2.6730e+00   -6.4232e-04    8.7864e-04   -1.3566e-04    1.0930e-03
   3.0000e-01    1.5000e+00    2.6000e+00    1.5000e+00   -2.5981e+00   -9.8379e-04    4.8397e-04   -4.4705e-04    7.6753e-04
   3.0000e-01    1.5000e+00    2.6000e+00    1.6339e+00   -2.5160e+00   -1.1037e-03   -5.5297e-05   -6.9398e-04    7.7140e-05
   3.0000e-01    1.5000e+00    2.6000e+00    1.7634e+00   -2.4271e+00   -9.3491e-04   -6.0601e-04   -5.0153e-04   -5.0210e-04
   3.0000e-01    1.5000e+00    2.6000e+00    1.8880e+00   -2.3314e+00   -4.9042e-04   -1.0112e-03   -7.2166e-05   -1.0051e-03
   3.0000e-01    1.5000e+00    2.6000e+00    2.0074e+00   -2.2294e+00    1.3736e-04   -1.1261e-03    5.3583e-04   -9.9339e-04
   3.0000e-01    1.5000e+00    2.6000e+00    2.1213e+00   -2.1213e+00    7.5188e-04   -8.6435e-04    1.0927e-03   -8.4072e-04
   3.0000e-01    1.5000e+00    2.6000e+00    2.2294e+00   -2.0074e+00    1.1227e-03   -2.8146e-04    1.4209e-03   -2.5741e-04
   3.0000e-01    1.5000e+00    2.6000e+00    2.3314e+00   -1.8880e+00    1.0863e-03    4.3454e-04    1.3982e-03    4.7596e-04
   3.0000e-01    1.5000e+00    2.6000e+00    2.4271e+00   -1.7634e+00    6.0493e-04    1.0173e-03    8.9696e-04    9.4914e-04
   3.0000e-01    1.5000e+00    2.6000e+00    2.5160e+00   -1.6339e+00   -1.6376e-04    1.1868e-03    1.0234e-04    1.0912e-03
   3.0000e-01    1.5000e+00    2.6000e+00    2.5981e+00   -1.5000e+00   -8.9054e-04    8.2425e-04   -7.3509e-04    7.3718e-04
   3.0000e-01    1.5000e+00    2.6000e+00    2.6730e+00   -1.3620e+00   -1.2285e-03    5.3084e-05   -1.0730e-03   -5.6926e-05
   3.0000e-01    1.5000e+00    2.6000e+00    2.7406e+00   -1.2202e+00   -9.6513e-04   -7.9030e-04   -8.3282e-04   -9.3990e-04
   3.0000e-01    1.5000e+00    2.6000e+00    2.8007e+00   -1.0751e+00   -1.8057e-04   -1.2532e-03   -9.0327e-05   -1.3329e-03
   3.0000e-01    1.5000e+00    2.6000e+00    2.8532e+00   -9.2705e-01    7.4694e-04   -1.0471e-03    7.3754e-04   -1.1371e-03
   3.0000e-01    1.5000e+00    2.6000e+00    2.8978e+00   -7.7646e-01    1.2864e-03   -2.3480e-04    1.2660e-03   -4.2501e-04
   3.0000e-01    1.5000e+00    2.6000e+00    2.9344e+00   -6.2374e-01    1.0907e-03    7.6233e-04    1.1284e-03    5.9944e-04
   3.0000e-01    1.5000e+00    2.6000e+00    2.9631e+00   -4.6930e-01    2.0512e-04    1.3401e-03    1.6580e-04    1.1965e-03
   3.0000e-01    1.5000e+00    2.6000e+00    2.9836e+00   -3.1359e-01   -8.6198e-04    1.0810e-03   -1.0478e-03    9.0752e-04
   3.0000e-01    1.5000e+00    2.6000e+00    2.9959e+00   -1.5701e-01   -1.4085e-03    9.1961e-05   -1.5834e-03   -1.3808e-04
   3.0000e-01    0.0000e+00    3.0000e+00    3.0000e+00    0.0000e+00   -8.9633e-04    8.1823e-04   -1.1791e-03    6.3981e-04
   3.0000e-01    0.0000e+00    3.0000e+00    2.9959e+00    1.5701e-01   -1.2297e-03    3.3121e-05   -1.4324e-03   -1.6192e-04
   3.0000e-01    0.0000e+00    3.0000e+00    2.9836e+00    3.1359e-01   -9.5654e-04   -8.0100e-04   -1.1951e-03   -1.0622e-03
   3.0000e-01    0.0000e+00    3.0000e+00    2.9631e+00    4.6930e-01   -1.6658e-04   -1.2554e-03   -4.2990e-04   -1.5255e-03
   3.0000e-01    0.0000e+00    3.0000e+00    2.9344e+00    6.2374e-01    7.5756e-04   -1.0399e-03    4.9805e-04   -1.3121e-03
   3.0000e-01    0.0000e+00    3.0000e+00    2.8978e+00    7.7646e-01    1.2893e-03   -2.2034e-04    1.0761e-03   -5.2870e-04
   3.0000e-01    0.0000e+00    3.0000e+00    2.8532e+00    9.2705e-01    1.0825e-03    7.7461e-04    8.7640e-04    4.6281e-04
   3.0000e-01    0.0000e+00    3.0000e+00    2.8007e+00    1.0751e+00    1.9048e-04    1.3427e-03    1.0406e-05    1.0733e-03
   3.0000e-01    0.0000e+00    3.0000e+00    2.7406e+00    1.2202e+00   -8.6808e-04    1.0765e-03   -1.0202e-03    8.0492e-04
   3.0000e-01    0.0000e+00    3.0000e+00    2.6730e+00    1.3620e+00   -1.4096e-03    7.8720e-05   -1.6048e-03   -2.2161e-04
   3.0000e-01    0.0000e+00    3.0000e+00    2.5981e+00    1.5000e+00   -1.0149e-03   -1.0260e-03   -1.1113e-03   -1.2843e-03
   3.0000e-01    0.0000e+00    3.0000e+00    2.5160e+00    1.6339e+00    1.2244e-04   -1.4723e-03    -1.2094e-05   -1.7411e-03
   3.0000e-01    0.0000e+00    3.0000e+00    2.4271e+00    1.7634e+00    1.2379e-03   -8.7250e-04    1.2374e-03   -1.1438e-03
   3.0000e-01    0.0000e+00    3.0000e+00    2.3314e+00    1.8880e+00    1.4992e-03    4.1292e-04    1.4831e-03    1.7640e-04
   3.0000e-01    0.0000e+00    3.0000e+00    2.2294e+00    2.0074e+00    6.3001e-04    1.4707e-03    6.6198e-04    1.2555e-03
   3.0000e-01    0.0000e+00    3.0000e+00    2.1213e+00    2.1213e+00   -7.9867e-04    1.4433e-03   -7.3749e-04    1.2236e-03
   3.0000e-01    0.0000e+00    3.0000e+00    2.0074e+00    2.2294e+00   -1.6858e-03    2.5140e-04   -1.6220e-03    3.5098e-05
   3.0000e-01    0.0000e+00    3.0000e+00    1.8880e+00    2.3314e+00   -1.2613e-03   -1.2357e-03   -1.0896e-03   -1.4379e-03
   3.0000e-01    0.0000e+00    3.0000e+00    1.7634e+00    2.4271e+00    2.5666e-04   -1.8170e-03    4.1035e-04   -2.0130e-03
   3.0000e-01    0.0000e+00    3.0000e+00    1.6339e+00    2.5160e+00    1.6940e-03   -8.9140e-04    1.9154e-03   -1.0840e-03
   3.0000e-01    0.0000e+00    3.0000e+00    1.5000e+00    2.5981e+00    1.7913e-03    9.0077e-04    2.0472e-03    7.2046e-04
   3.0000e-01    0.0000e+00    3.0000e+00   -1.5000e+00    2.5981e+00    1.7913e-03    9.0077e-04    1.9750e-03    7.6243e-04
   3.0000e-01    0.0000e+00    3.0000e+00   -1.6339e+00    2.5160e+00    1.6940e-03   -8.9140e-04    1.8913e-03   -1.0417e-03
   3.0000e-01    0.0000e+00    3.0000e+00   -1.7634e+00    2.4271e+00    2.5666e-04   -1.8170e-03    4.5556e-04   -2.0100e-03
   3.0000e-01    0.0000e+00    3.0000e+00   -1.8880e+00    2.3314e+00   -1.2613e-03   -1.2357e-03   -1.1193e-03   -1.4638e-03
   3.0000e-01    0.0000e+00    3.0000e+00   -2.0074e+00    2.2294e+00   -1.6858e-03    2.5140e-04   -1.5471e-03    6.4587e-05
   3.0000e-01    0.0000e+00    3.0000e+00   -2.1213e+00    2.1213e+00   -7.9867e-04    1.4433e-03   -7.2044e-04    1.2249e-03
   3.0000e-01    0.0000e+00    3.0000e+00   -2.2294e+00    2.0074e+00    6.3001e-04    1.4707e-03    6.2405e-04    1.2187e-03
   3.0000e-01    0.0000e+00    3.0000e+00   -2.3314e+00    1.8880e+00    1.4992e-03    4.1292e-04    1.5050e-03    1.5916e-04
   3.0000e-01    0.0000e+00    3.0000e+00   -2.4271e+00    1.7634e+00    1.2379e-03   -8.7250e-04    1.1976e-03   -1.1871e-03
   3.0000e-01    0.0000e+00    3.0000e+00   -2.5160e+00    1.6339e+00    1.2244e-04   -1.4723e-03    5.3248e-05   -1.7723e-03
   3.0000e-01    0.0000e+00    3.0000e+00   -2.5981e+00    1.5000e+00   -1.0149e-03   -1.0260e-03   -1.1613e-03   -1.3135e-03
   3.0000e-01    0.0000e+00    3.0000e+00   -2.6730e+00    1.3620e+00   -1.4096e-03    7.8720e-05   -1.6123e-03   -1.8204e-04
   3.0000e-01    0.0000e+00    3.0000e+00   -2.7406e+00    1.2202e+00   -8.6808e-04    1.0765e-03   -9.9541e-04    7.8562e-04
   3.0000e-01    0.0000e+00    3.0000e+00   -2.8007e+00    1.0751e+00    1.9048e-04    1.3427e-03    -2.5929e-05    1.0200e-03
   3.0000e-01    0.0000e+00    3.0000e+00   -2.8532e+00    9.2705e-01    1.0825e-03    7.7461e-04    8.7937e-04    4.0171e-04
   3.0000e-01    0.0000e+00    3.0000e+00   -2.8978e+00    7.7646e-01    1.2893e-03   -2.2034e-04    1.0835e-03   -4.7139e-04
   3.0000e-01    0.0000e+00    3.0000e+00   -2.9344e+00    6.2374e-01    7.5756e-04   -1.0399e-03    5.2453e-04   -1.3228e-03
   3.0000e-01    0.0000e+00    3.0000e+00   -2.9631e+00    4.6930e-01   -1.6658e-04   -1.2554e-03   -3.8698e-04   -1.4922e-03
   3.0000e-01    0.0000e+00    3.0000e+00   -2.9836e+00    3.1359e-01   -9.5654e-04   -8.0100e-04   -1.1437e-03   -1.0322e-03
   3.0000e-01    0.0000e+00    3.0000e+00   -2.9959e+00    1.5701e-01   -1.2297e-03    3.3121e-05   -1.4794e-03   -1.9321e-04
   3.0000e-01    0.0000e+00    3.0000e+00   -3.0000e+00    0.0000e+00   -8.9633e-04    8.1823e-04   -1.1073e-03    6.9321e-04
   3.0000e-01    0.0000e+00    3.0000e+00   -2.9959e+00   -1.5701e-01   -1.7874e-04    1.1850e-03   -3.9540e-04    9.9214e-04
   3.0000e-01    0.0000e+00    3.0000e+00   -2.9836e+00   -3.1359e-01    5.8602e-04    1.0288e-03    3.6519e-04    8.3008e-04
   3.0000e-01    0.0000e+00    3.0000e+00   -2.9631e+00   -4.6930e-01    1.0790e-03    4.5350e-04    9.2158e-04    3.1844e-04
   3.0000e-01    0.0000e+00    3.0000e+00   -2.9344e+00   -6.2374e-01    1.1258e-03   -2.6989e-04    9.3421e-04   -3.8854e-04
   3.0000e-01    0.0000e+00    3.0000e+00   -2.8978e+00   -7.7646e-01    7.5908e-04   -8.5828e-04    5.9780e-04   -8.4175e-04
   3.0000e-01    0.0000e+00    3.0000e+00   -2.8532e+00   -9.2705e-01    1.5644e-04   -1.1239e-03    1.6656e-05   -1.1491e-03
   3.0000e-01    0.0000e+00    3.0000e+00   -2.8007e+00   -1.0751e+00   -4.7323e-04   -1.0199e-03   -5.2725e-04   -9.4702e-04
   3.0000e-01    0.0000e+00    3.0000e+00   -2.7406e+00   -1.2202e+00   -9.2712e-04   -6.1857e-04   -9.3924e-04   -4.5825e-04
   3.0000e-01    0.0000e+00    3.0000e+00   -2.6730e+00   -1.3620e+00   -1.1034e-03   -6.3558e-05   -1.0972e-03    7.1176e-05
   3.0000e-01    0.0000e+00    3.0000e+00   -2.5981e+00   -1.5000e+00   -9.9048e-04    4.7103e-04   -9.5452e-04    7.2178e-04
   3.0000e-01    0.0000e+00    3.0000e+00   -2.5160e+00   -1.6339e+00   -6.5633e-04    8.6867e-04   -6.0322e-04    1.0992e-03
   3.0000e-01    0.0000e+00    3.0000e+00   -2.4271e+00   -1.7634e+00   -1.9768e-04    1.0630e-03   -4.7105e-05    1.3818e-03
   3.0000e-01    0.0000e+00    3.0000e+00   -2.3314e+00   -1.8880e+00    2.7247e-04    1.0390e-03    4.0327e-04    1.4239e-03
   3.0000e-01    0.0000e+00    3.0000e+00   -2.2294e+00   -2.0074e+00    6.5832e-04    8.4073e-04    8.7301e-04    1.2857e-03
   3.0000e-01    0.0000e+00    3.0000e+00   -2.1213e+00   -2.1213e+00    9.2174e-04    5.2726e-04    1.1164e-03    1.0380e-03
   3.0000e-01    0.0000e+00    3.0000e+00   -2.0074e+00   -2.2294e+00    1.0445e-03    1.5764e-04    1.3622e-03    7.4164e-04
   3.0000e-01    0.0000e+00    3.0000e+00   -1.8880e+00   -2.3314e+00    1.0309e-03   -2.0482e-04    1.3257e-03    3.3194e-04
   3.0000e-01    0.0000e+00    3.0000e+00   -1.7634e+00   -2.4271e+00    9.1390e-04   -5.0977e-04    1.3455e-03    6.9996e-05
   3.0000e-01    0.0000e+00    3.0000e+00   -1.6339e+00   -2.5160e+00    7.2687e-04   -7.4705e-04    1.0293e-03   -1.0556e-04
   3.0000e-01    0.0000e+00    3.0000e+00   -1.5000e+00   -2.5981e+00    4.9869e-04   -9.1080e-04    8.9849e-04   -1.8948e-04
   3.0000e-01    0.0000e+00    3.0000e+00   -1.3620e+00   -2.6730e+00    2.6298e-04   -1.0010e-03    5.7170e-04   -2.4926e-04
   3.0000e-01    0.0000e+00    3.0000e+00   -1.2202e+00   -2.7406e+00    4.2211e-05   -1.0311e-03    4.3904e-04   -2.6605e-04
   3.0000e-01    0.0000e+00    3.0000e+00   -1.0751e+00   -2.8007e+00   -1.5492e-04   -1.0176e-03    1.9198e-04   -2.3703e-04
   3.0000e-01    0.0000e+00    3.0000e+00   -9.2705e-01   -2.8532e+00   -3.2103e-04   -9.7542e-04    6.6923e-05   -1.4028e-04
   3.0000e-01    0.0000e+00    3.0000e+00   -7.7646e-01   -2.8978e+00   -4.5735e-04   -9.1719e-04   -5.8652e-05   -3.4549e-05
   3.0000e-01    0.0000e+00    3.0000e+00   -6.2374e-01   -2.9344e+00   -5.5748e-04   -8.5822e-04   -1.6768e-04    -4.6184e-05
   3.0000e-01    0.0000e+00    3.0000e+00   -4.6930e-01   -2.9631e+00   -6.3216e-04   -8.0316e-04   -2.2775e-04    1.3688e-04
   3.0000e-01    0.0000e+00    3.0000e+00   -3.1359e-01   -2.9836e+00   -6.7957e-04   -7.6235e-04   -2.6731e-04    2.2643e-04
   3.0000e-01    0.0000e+00    3.0000e+00   -1.5701e-01   -2.9959e+00   -7.0919e-04   -7.3424e-04   -2.5372e-04    1.3167e-04
   3.0000e-01    0.0000e+00    3.0000e+00    0.0000e+00   -3.0000e+00   -7.2250e-04   -7.2081e-04   -3.0972e-04    1.9636e-04
   3.0000e-01    0.0000e+00    3.0000e+00    1.5701e-01   -2.9959e+00   -7.0919e-04   -7.3424e-04   -3.1502e-04    2.6165e-04
   3.0000e-01    0.0000e+00    3.0000e+00    3.1359e-01   -2.9836e+00   -6.7957e-04   -7.6235e-04   -2.8265e-04    1.6547e-04
   3.0000e-01    0.0000e+00    3.0000e+00    4.6930e-01   -2.9631e+00   -6.3216e-04   -8.0316e-04   -1.4696e-04    8.3325e-05
   3.0000e-01    0.0000e+00    3.0000e+00    6.2374e-01   -2.9344e+00   -5.5748e-04   -8.5822e-04   -1.6937e-04    7.3769e-06
   3.0000e-01    0.0000e+00    3.0000e+00    7.7646e-01   -2.8978e+00   -4.5735e-04   -9.1719e-04   -2.6254e-05   -2.9388e-05
   3.0000e-01    0.0000e+00    3.0000e+00    9.2705e-01   -2.8532e+00   -3.2103e-04   -9.7542e-04    8.5050e-05   -1.9254e-04
   3.0000e-01    0.0000e+00    3.0000e+00    1.0751e+00   -2.8007e+00   -1.5492e-04   -1.0176e-03    2.3834e-04   -2.3513e-04
   3.0000e-01    0.0000e+00    3.0000e+00    1.2202e+00   -2.7406e+00    4.2211e-05   -1.0311e-03    3.3877e-04   -2.7997e-04
   3.0000e-01    0.0000e+00    3.0000e+00    1.3620e+00   -2.6730e+00    2.6298e-04   -1.0010e-03    5.7150e-04   -2.3754e-04
   3.0000e-01    0.0000e+00    3.0000e+00    1.5000e+00   -2.5981e+00    4.9869e-04   -9.1080e-04    9.1014e-04   -1.3664e-04
   3.0000e-01    0.0000e+00    3.0000e+00    1.6339e+00   -2.5160e+00    7.2687e-04   -7.4705e-04    1.0219e-03   -9.7021e-05
   3.0000e-01    0.0000e+00    3.0000e+00    1.7634e+00   -2.4271e+00    9.1390e-04   -5.0977e-04    1.2330e-03    1.5300e-04
   3.0000e-01    0.0000e+00    3.0000e+00    1.8880e+00   -2.3314e+00    1.0309e-03   -2.0482e-04    1.2856e-03    3.6792e-04
   3.0000e-01    0.0000e+00    3.0000e+00    2.0074e+00   -2.2294e+00    1.0445e-03    1.5764e-04    1.3644e-03    6.8672e-04
   3.0000e-01    0.0000e+00    3.0000e+00    2.1213e+00   -2.1213e+00    9.2174e-04    5.2726e-04    1.1108e-03    1.0173e-03
   3.0000e-01    0.0000e+00    3.0000e+00    2.2294e+00   -2.0074e+00    6.5832e-04    8.4073e-04    8.5645e-04    1.2385e-03
   3.0000e-01    0.0000e+00    3.0000e+00    2.3314e+00   -1.8880e+00    2.7247e-04    1.0390e-03    4.0918e-04    1.3805e-03
   3.0000e-01    0.0000e+00    3.0000e+00    2.4271e+00   -1.7634e+00   -1.9768e-04    1.0630e-03   -9.7821e-05    1.4660e-03
   3.0000e-01    0.0000e+00    3.0000e+00    2.5160e+00   -1.6339e+00   -6.5633e-04    8.6867e-04   -5.5457e-04    1.1486e-03
   3.0000e-01    0.0000e+00    3.0000e+00    2.5981e+00   -1.5000e+00   -9.9048e-04    4.7103e-04   -9.8424e-04    6.9197e-04
   3.0000e-01    0.0000e+00    3.0000e+00    2.6730e+00   -1.3620e+00   -1.1034e-03   -6.3558e-05   -1.0583e-03    9.8211e-05
   3.0000e-01    0.0000e+00    3.0000e+00    2.7406e+00   -1.2202e+00   -9.2712e-04   -6.1857e-04   -9.0184e-04   -5.3590e-04
   3.0000e-01    0.0000e+00    3.0000e+00    2.8007e+00   -1.0751e+00   -4.7323e-04   -1.0199e-03   -5.4445e-04   -8.7048e-04
   3.0000e-01    0.0000e+00    3.0000e+00    2.8532e+00   -9.2705e-01    1.5644e-04   -1.1239e-03    -8.9240e-06   -1.0412e-03
   3.0000e-01    0.0000e+00    3.0000e+00    2.8978e+00   -7.7646e-01    7.5908e-04   -8.5828e-04    5.7086e-04   -8.6594e-04
   3.0000e-01    0.0000e+00    3.0000e+00    2.9344e+00   -6.2374e-01    1.1258e-03   -2.6989e-04    9.7317e-04   -2.8570e-04
   3.0000e-01    0.0000e+00    3.0000e+00    2.9631e+00   -4.6930e-01    1.0790e-03    4.5350e-04    7.9361e-04    2.9800e-04
   3.0000e-01    0.0000e+00    3.0000e+00    2.9836e+00   -3.1359e-01    5.8602e-04    1.0288e-03    3.7636e-04    9.0843e-04
   3.0000e-01    0.0000e+00    3.0000e+00    2.9959e+00   -1.5701e-01   -1.7874e-04    1.1850e-03   -4.1645e-04    1.0227e-03
   3.0000e-01   -1.5000e+00    2.6000e+00    3.0000e+00    0.0000e+00   -9.8520e-04    4.8154e-04   -9.3810e-04    7.0007e-04
   3.0000e-01   -1.5000e+00    2.6000e+00    2.9959e+00    1.5701e-01   -1.1035e-03   -6.2410e-05   -1.0311e-03    1.2947e-04
   3.0000e-01   -1.5000e+00    2.6000e+00    2.9836e+00    3.1359e-01   -9.3007e-04   -6.1379e-04   -7.9086e-04   -4.2480e-04
   3.0000e-01   -1.5000e+00    2.6000e+00    2.9631e+00    4.6930e-01   -4.7914e-04   -1.0169e-03   -3.7008e-04   -9.3521e-04
   3.0000e-01   -1.5000e+00    2.6000e+00    2.9344e+00    6.2374e-01    1.4886e-04   -1.1248e-03    2.9875e-04   -1.0802e-03
   3.0000e-01   -1.5000e+00    2.6000e+00    2.8978e+00    7.7646e-01    7.5473e-04   -8.6193e-04    9.1579e-04   -8.9715e-04
   3.0000e-01   -1.5000e+00    2.6000e+00    2.8532e+00    9.2705e-01    1.1245e-03   -2.7469e-04    1.3156e-03   -3.1357e-04
   3.0000e-01   -1.5000e+00    2.6000e+00    2.8007e+00    1.0751e+00    1.0809e-03    4.4881e-04    1.2374e-03    3.6164e-04
   3.0000e-01   -1.5000e+00    2.6000e+00    2.7406e+00    1.2202e+00    5.9562e-04    1.0231e-03    8.4334e-04    9.7031e-04
   3.0000e-01   -1.5000e+00    2.6000e+00    2.6730e+00    1.3620e+00   -1.7128e-04    1.1858e-03    8.8555e-05    1.1332e-03
   3.0000e-01   -1.5000e+00    2.6000e+00    2.5981e+00    1.5000e+00   -8.9682e-04    8.1751e-04   -7.2991e-04    7.0498e-04
   3.0000e-01   -1.5000e+00    2.6000e+00    2.5160e+00    1.6339e+00   -1.2295e-03    3.6530e-05   -9.6122e-04   -7.0764e-05
   3.0000e-01   -1.5000e+00    2.6000e+00    2.4271e+00    1.7634e+00   -9.5842e-04   -7.9852e-04   -7.4873e-04   -8.8927e-04
   3.0000e-01   -1.5000e+00    2.6000e+00    2.3314e+00    1.8880e+00   -1.7340e-04   -1.2542e-03    7.7743e-05   -1.3786e-03
   3.0000e-01   -1.5000e+00    2.6000e+00    2.2294e+00    2.0074e+00    7.5145e-04   -1.0441e-03    1.0046e-03   -1.1477e-03
   3.0000e-01   -1.5000e+00    2.6000e+00    2.1213e+00    2.1213e+00    1.2896e-03   -2.1856e-04    1.4657e-03   -2.8413e-04
   3.0000e-01   -1.5000e+00    2.6000e+00    2.0074e+00    2.2294e+00    1.0814e-03    7.7600e-04    1.3269e-03    7.4059e-04
   3.0000e-01   -1.5000e+00    2.6000e+00    1.8880e+00    2.3314e+00    1.9757e-04    1.3413e-03    4.3329e-04    1.2004e-03
   3.0000e-01   -1.5000e+00    2.6000e+00    1.7634e+00    2.4271e+00   -8.6586e-04    1.0780e-03   -5.4204e-04    9.3972e-04
   3.0000e-01   -1.5000e+00    2.6000e+00    1.6339e+00    2.5160e+00   -1.4095e-03    7.8570e-05   -1.1519e-03    2.2317e-05
   3.0000e-01   -1.5000e+00    2.6000e+00    1.5000e+00    2.5981e+00   -1.0140e-03   -1.0270e-03   -7.4591e-04   -1.1667e-03
   3.0000e-01   -1.5000e+00    2.6000e+00    1.3620e+00    2.6730e+00    1.1651e-04   -1.4724e-03    4.0178e-04   -1.5602e-03
   3.0000e-01   -1.5000e+00    2.6000e+00    1.2202e+00    2.7406e+00    1.2384e-03   -8.7194e-04    1.5615e-03   -9.3274e-04
   3.0000e-01   -1.5000e+00    2.6000e+00    1.0751e+00    2.8007e+00    1.4983e-03    4.1698e-04    1.8820e-03    2.7030e-04
   3.0000e-01   -1.5000e+00    2.6000e+00    9.2705e-01    2.8532e+00    6.2070e-04    1.4748e-03    8.8752e-04    1.3443e-03
   3.0000e-01   -1.5000e+00    2.6000e+00    7.7646e-01    2.8978e+00   -7.9776e-04    1.4436e-03   -4.9361e-04    1.3748e-03
   3.0000e-01   -1.5000e+00    2.6000e+00    6.2374e-01    2.9344e+00   -1.6852e-03    2.5429e-04   -1.4019e-03    1.1937e-04
   3.0000e-01   -1.5000e+00    2.6000e+00    4.6930e-01    2.9631e+00   -1.2553e-03   -1.2422e-03   -1.0344e-03   -1.4323e-03
   3.0000e-01   -1.5000e+00    2.6000e+00    3.1359e-01    2.9836e+00    2.7172e-04   -1.8154e-03    5.7515e-04   -1.9216e-03
   3.0000e-01   -1.5000e+00    2.6000e+00    1.5701e-01    2.9959e+00    1.6972e-03   -8.8578e-04    1.9191e-03   -9.8761e-04
   3.0000e-01   -1.5000e+00    2.6000e+00    0.0000e+00    3.0000e+00    1.7867e-03    9.1095e-04    2.0349e-03    7.9804e-04
   3.0000e-01   -1.5000e+00    2.6000e+00   -2.5981e+00    1.5000e+00    1.7992e-03    8.8287e-04    1.5377e-03    6.3888e-04
   3.0000e-01   -1.5000e+00    2.6000e+00   -2.6730e+00    1.3620e+00    1.6862e-03   -9.0466e-04    1.4739e-03   -1.1037e-03
   3.0000e-01   -1.5000e+00    2.6000e+00   -2.7406e+00    1.2202e+00    2.4186e-04   -1.8186e-03    4.4208e-05   -2.0634e-03
   3.0000e-01   -1.5000e+00    2.6000e+00   -2.8007e+00    1.0751e+00   -1.2689e-03   -1.2275e-03   -1.5069e-03   -1.3497e-03
   3.0000e-01   -1.5000e+00    2.6000e+00   -2.8532e+00    9.2705e-01   -1.6815e-03    2.7364e-04   -1.9044e-03    1.0637e-04
   3.0000e-01   -1.5000e+00    2.6000e+00   -2.8978e+00    7.7646e-01   -7.8153e-04    1.4519e-03   -1.0324e-03    1.2853e-03
   3.0000e-01   -1.5000e+00    2.6000e+00   -2.9344e+00    6.2374e-01    6.3846e-04    1.4667e-03    4.5850e-04    1.2784e-03
   3.0000e-01   -1.5000e+00    2.6000e+00   -2.9631e+00    4.6930e-01    1.5023e-03    4.0018e-04    1.3096e-03    1.7860e-04
   3.0000e-01   -1.5000e+00    2.6000e+00   -2.9836e+00    3.1359e-01    1.2268e-03   -8.8720e-04    1.0247e-03   -1.0419e-03
   3.0000e-01   -1.5000e+00    2.6000e+00   -2.9959e+00    1.5701e-01    1.0645e-04   -1.4730e-03   -1.2699e-04   -1.6182e-03
   3.0000e-01   -1.5000e+00    2.6000e+00   -3.0000e+00    0.0000e+00   -1.0295e-03   -1.0107e-03   -1.2381e-03   -1.2225e-03
   3.0000e-01   -1.5000e+00    2.6000e+00   -2.9959e+00   -1.5701e-01   -1.4085e-03    9.1961e-05   -1.5641e-03   -1.7842e-05
   3.0000e-01   -1.5000e+00    2.6000e+00   -2.9836e+00   -3.1359e-01   -8.6198e-04    1.0810e-03   -9.7473e-04    9.3745e-04
   3.0000e-01   -1.5000e+00    2.6000e+00   -2.9631e+00   -4.6930e-01    2.0512e-04    1.3401e-03    8.8593e-05    1.1693e-03
   3.0000e-01   -1.5000e+00    2.6000e+00   -2.9344e+00   -6.2374e-01    1.0907e-03    7.6233e-04    9.9609e-04    5.7277e-04
   3.0000e-01   -1.5000e+00    2.6000e+00   -2.8978e+00   -7.7646e-01    1.2864e-03   -2.3480e-04    1.3056e-03   -3.9826e-04
   3.0000e-01   -1.5000e+00    2.6000e+00   -2.8532e+00   -9.2705e-01    7.4694e-04   -1.0471e-03    8.3153e-04   -1.2083e-03
   3.0000e-01   -1.5000e+00    2.6000e+00   -2.8007e+00   -1.0751e+00   -1.8057e-04   -1.2532e-03   -1.1308e-04   -1.3498e-03
   3.0000e-01   -1.5000e+00    2.6000e+00   -2.7406e+00   -1.2202e+00   -9.6513e-04   -7.9030e-04   -8.7043e-04   -9.7698e-04
   3.0000e-01   -1.5000e+00    2.6000e+00   -2.6730e+00   -1.3620e+00   -1.2285e-03    5.3084e-05   -1.0188e-03   -4.7822e-05
   3.0000e-01   -1.5000e+00    2.6000e+00   -2.5981e+00   -1.5000e+00   -8.9054e-04    8.2425e-04   -7.6542e-04    7.2773e-04
   3.0000e-01   -1.5000e+00    2.6000e+00   -2.5160e+00   -1.6339e+00   -1.6376e-04    1.1868e-03    6.7299e-05    1.1739e-03
   3.0000e-01   -1.5000e+00    2.6000e+00   -2.4271e+00   -1.7634e+00    6.0493e-04    1.0173e-03    8.6259e-04    9.4148e-04
   3.0000e-01   -1.5000e+00    2.6000e+00   -2.3314e+00   -1.8880e+00    1.0863e-03    4.3454e-04    1.3731e-03    3.6597e-04
   3.0000e-01   -1.5000e+00    2.6000e+00   -2.2294e+00   -2.0074e+00    1.1227e-03   -2.8146e-04    1.4499e-03   -3.3359e-04
   3.0000e-01   -1.5000e+00    2.6000e+00   -2.1213e+00   -2.1213e+00    7.5188e-04   -8.6435e-04    1.0958e-03   -8.8970e-04
   3.0000e-01   -1.5000e+00    2.6000e+00   -2.0074e+00   -2.2294e+00    1.3736e-04   -1.1261e-03    4.8924e-04   -1.1169e-03
   3.0000e-01   -1.5000e+00    2.6000e+00   -1.8880e+00   -2.3314e+00   -4.9042e-04   -1.0112e-03   -8.1621e-05   -9.3542e-04
   3.0000e-01   -1.5000e+00    2.6000e+00   -1.7634e+00   -2.4271e+00   -9.3491e-04   -6.0601e-04   -5.3617e-04   -4.4666e-04
   3.0000e-01   -1.5000e+00    2.6000e+00   -1.6339e+00   -2.5160e+00   -1.1037e-03   -5.5297e-05   -6.5031e-04    1.1319e-04
   3.0000e-01   -1.5000e+00    2.6000e+00   -1.5000e+00   -2.5981e+00   -9.8379e-04    4.8397e-04   -5.3776e-04    7.6849e-04
   3.0000e-01   -1.5000e+00    2.6000e+00   -1.3620e+00   -2.6730e+00   -6.4232e-04    8.7864e-04   -1.6683e-04    1.1658e-03
   3.0000e-01   -1.5000e+00    2.6000e+00   -1.2202e+00   -2.7406e+00   -1.8553e-04    1.0650e-03    1.8452e-04    1.3582e-03
   3.0000e-01   -1.5000e+00    2.6000e+00   -1.0751e+00   -2.8007e+00    2.7941e-04    1.0371e-03    6.5975e-04    1.3860e-03
   3.0000e-01   -1.5000e+00    2.6000e+00   -9.2705e-01   -2.8532e+00    6.6882e-04    8.3204e-04    1.1337e-03    1.2207e-03
   3.0000e-01   -1.5000e+00    2.6000e+00   -7.7646e-01   -2.8978e+00    9.3042e-04    5.1102e-04    1.3906e-03    9.3392e-04
   3.0000e-01   -1.5000e+00    2.6000e+00   -6.2374e-01   -2.9344e+00    1.0458e-03    1.4689e-04    1.4927e-03    6.0030e-04
   3.0000e-01   -1.5000e+00    2.6000e+00   -4.6930e-01   -2.9631e+00    1.0293e-03   -2.1214e-04    1.4285e-03    3.6287e-04
   3.0000e-01   -1.5000e+00    2.6000e+00   -3.1359e-01   -2.9836e+00    9.0911e-04   -5.1803e-04    1.3164e-03    8.7009e-05
   3.0000e-01   -1.5000e+00    2.6000e+00   -1.5701e-01   -2.9959e+00    7.1774e-04   -7.5562e-04    1.1566e-03   -1.1398e-04
   3.0000e-01   -1.5000e+00    2.6000e+00    0.0000e+00   -3.0000e+00    4.8662e-04   -9.1717e-04    8.1949e-04   -3.1736e-04
   3.0000e-01   -1.5000e+00    2.6000e+00    1.5701e-01   -2.9959e+00    2.5568e-04   -1.0028e-03    6.4293e-04   -2.6802e-04
   3.0000e-01   -1.5000e+00    2.6000e+00    3.1359e-01   -2.9836e+00    3.4806e-05   -1.0312e-03    2.8898e-04   -1.9112e-04
   3.0000e-01   -1.5000e+00    2.6000e+00    4.6930e-01   -2.9631e+00   -1.6660e-04   -1.0155e-03    1.5466e-04   -1.8042e-04
   3.0000e-01   -1.5000e+00    2.6000e+00    6.2374e-01   -2.9344e+00   -3.3277e-04   -9.7141e-04   -1.3391e-04   -8.7112e-05
   3.0000e-01   -1.5000e+00    2.6000e+00    7.7646e-01   -2.8978e+00   -4.6719e-04   -9.1211e-04   -2.6033e-04   -5.2659e-05
   3.0000e-01   -1.5000e+00    2.6000e+00    9.2705e-01   -2.8532e+00   -5.6536e-04   -8.5288e-04   -3.2397e-04    2.4791e-06
   3.0000e-01   -1.5000e+00    2.6000e+00    1.0751e+00   -2.8007e+00   -6.4018e-04   -7.9672e-04   -4.3831e-04    1.8004e-04
   3.0000e-01   -1.5000e+00    2.6000e+00    1.2202e+00   -2.7406e+00   -6.8973e-04   -7.5306e-04   -4.5496e-04    2.4033e-04
   3.0000e-01   -1.5000e+00    2.6000e+00    1.3620e+00   -2.6730e+00   -7.1986e-04   -7.2346e-04   -6.5432e-04    2.4348e-04
   3.0000e-01   -1.5000e+00    2.6000e+00    1.5000e+00   -2.5981e+00   -7.2759e-04   -7.1560e-04   -6.0549e-04    3.0681e-04
   3.0000e-01   -1.5000e+00    2.6000e+00    1.6339e+00   -2.5160e+00   -7.1621e-04   -7.2733e-04   -5.8170e-04    2.1624e-04
   3.0000e-01   -1.5000e+00    2.6000e+00    1.7634e+00   -2.4271e+00   -6.8991e-04   -7.5288e-04   -6.1721e-04    2.9784e-04
   3.0000e-01   -1.5000e+00    2.6000e+00    1.8880e+00   -2.3314e+00   -6.4391e-04   -7.9355e-04   -5.1290e-04    2.8344e-04
   3.0000e-01   -1.5000e+00    2.6000e+00    2.0074e+00   -2.2294e+00   -5.6603e-04   -8.5245e-04   -5.2466e-04    1.8499e-04
   3.0000e-01   -1.5000e+00    2.6000e+00    2.1213e+00   -2.1213e+00   -4.6059e-04   -9.1562e-04   -3.5727e-04    1.0757e-04
   3.0000e-01   -1.5000e+00    2.6000e+00    2.2294e+00   -2.0074e+00   -3.3049e-04   -9.7226e-04   -2.6956e-04    1.2827e-05
   3.0000e-01   -1.5000e+00    2.6000e+00    2.3314e+00   -1.8880e+00   -1.6975e-04   -1.0150e-03   -1.6739e-04   -1.4384e-04
   3.0000e-01   -1.5000e+00    2.6000e+00    2.4271e+00   -1.7634e+00    3.2403e-05   -1.0313e-03    8.9810e-05   -1.5510e-04
   3.0000e-01   -1.5000e+00    2.6000e+00    2.5160e+00   -1.6339e+00    2.5896e-04   -1.0020e-03    2.7278e-04   -1.7512e-04
   3.0000e-01   -1.5000e+00    2.6000e+00    2.5981e+00   -1.5000e+00    4.9173e-04   -9.1455e-04    4.9276e-04   -1.0370e-04
   3.0000e-01   -1.5000e+00    2.6000e+00    2.6730e+00   -1.3620e+00    7.1703e-04   -7.5625e-04    6.9645e-04   -1.3200e-06
   3.0000e-01   -1.5000e+00    2.6000e+00    2.7406e+00   -1.2202e+00    9.1049e-04   -5.1596e-04    9.3651e-04    1.7999e-04
   3.0000e-01   -1.5000e+00    2.6000e+00    2.8007e+00   -1.0751e+00    1.0306e-03   -2.0695e-04    1.0239e-03    4.6433e-04
   3.0000e-01   -1.5000e+00    2.6000e+00    2.8532e+00   -9.2705e-01    1.0450e-03    1.5364e-04    1.1395e-03    7.1508e-04
   3.0000e-01   -1.5000e+00    2.6000e+00    2.8978e+00   -7.7646e-01    9.2785e-04    5.1601e-04    1.0081e-03    1.0723e-03
   3.0000e-01   -1.5000e+00    2.6000e+00    2.9344e+00   -6.2374e-01    6.6498e-04    8.3541e-04    6.1005e-04    1.2709e-03
   3.0000e-01   -1.5000e+00    2.6000e+00    2.9631e+00   -4.6930e-01    2.7365e-04    1.0388e-03    3.0306e-04    1.4706e-03
   3.0000e-01   -1.5000e+00    2.6000e+00    2.9836e+00   -3.1359e-01   -1.9724e-04    1.0630e-03   -1.2733e-04    1.4249e-03
   3.0000e-01   -1.5000e+00    2.6000e+00    2.9959e+00   -1.5701e-01   -6.5106e-04    8.7255e-04   -5.5169e-04    1.1272e-03
   3.0000e-01   -2.6000e+00    1.5000e+00    3.0000e+00    0.0000e+00    4.8474e-04   -9.1813e-04    7.5450e-04   -1.5349e-04
   3.0000e-01   -2.6000e+00    1.5000e+00    2.9959e+00    1.5701e-01    7.1774e-04   -7.5562e-04    1.0262e-03    -1.7202e-06
   3.0000e-01   -2.6000e+00    1.5000e+00    2.9836e+00    3.1359e-01    9.0911e-04   -5.1803e-04    1.2503e-03    1.5993e-04
   3.0000e-01   -2.6000e+00    1.5000e+00    2.9631e+00    4.6930e-01    1.0293e-03   -2.1214e-04    1.4198e-03    4.7008e-04
   3.0000e-01   -2.6000e+00    1.5000e+00    2.9344e+00    6.2374e-01    1.0458e-03    1.4689e-04    1.4781e-03    7.6672e-04
   3.0000e-01   -2.6000e+00    1.5000e+00    2.8978e+00    7.7646e-01    9.3042e-04    5.1102e-04    1.3300e-03    1.0745e-03
   3.0000e-01   -2.6000e+00    1.5000e+00    2.8532e+00    9.2705e-01    6.6882e-04    8.3204e-04    1.0960e-03    1.2955e-03
   3.0000e-01   -2.6000e+00    1.5000e+00    2.8007e+00    1.0751e+00    2.7941e-04    1.0371e-03    7.4310e-04    1.5355e-03
   3.0000e-01   -2.6000e+00    1.5000e+00    2.7406e+00    1.2202e+00   -1.8553e-04    1.0650e-03    3.1141e-04    1.4516e-03
   3.0000e-01   -2.6000e+00    1.5000e+00    2.6730e+00    1.3620e+00   -6.4232e-04    8.7864e-04   -2.0082e-04    1.2300e-03
   3.0000e-01   -2.6000e+00    1.5000e+00    2.5981e+00    1.5000e+00   -9.8379e-04    4.8397e-04   -5.5420e-04    7.9776e-04
   3.0000e-01   -2.6000e+00    1.5000e+00    2.5160e+00    1.6339e+00   -1.1037e-03   -5.5297e-05   -6.8235e-04    1.8597e-04
   3.0000e-01   -2.6000e+00    1.5000e+00    2.4271e+00    1.7634e+00   -9.3491e-04   -6.0601e-04   -4.5102e-04   -3.9493e-04
   3.0000e-01   -2.6000e+00    1.5000e+00    2.3314e+00    1.8880e+00   -4.9042e-04   -1.0112e-03   -7.9206e-05   -8.1567e-04
   3.0000e-01   -2.6000e+00    1.5000e+00    2.2294e+00    2.0074e+00    1.3736e-04   -1.1261e-03    5.3565e-04   -9.8832e-04
   3.0000e-01   -2.6000e+00    1.5000e+00    2.1213e+00    2.1213e+00    7.5188e-04   -8.6435e-04    1.1229e-03   -8.1744e-04
   3.0000e-01   -2.6000e+00    1.5000e+00    2.0074e+00    2.2294e+00    1.1227e-03   -2.8146e-04    1.4724e-03   -2.6809e-04
   3.0000e-01   -2.6000e+00    1.5000e+00    1.8880e+00    2.3314e+00    1.0863e-03    4.3454e-04    1.4187e-03    4.1088e-04
   3.0000e-01   -2.6000e+00    1.5000e+00    1.7634e+00    2.4271e+00    6.0493e-04    1.0173e-03    9.3408e-04    1.0335e-03
   3.0000e-01   -2.6000e+00    1.5000e+00    1.6339e+00    2.5160e+00   -1.6376e-04    1.1868e-03    1.1028e-04    1.1413e-03
   3.0000e-01   -2.6000e+00    1.5000e+00    1.5000e+00    2.5981e+00   -8.9054e-04    8.2425e-04   -6.4565e-04    6.7956e-04
   3.0000e-01   -2.6000e+00    1.5000e+00    1.3620e+00    2.6730e+00   -1.2285e-03    5.3084e-05   -1.0749e-03   -5.3950e-05
   3.0000e-01   -2.6000e+00    1.5000e+00    1.2202e+00    2.7406e+00   -9.6513e-04   -7.9030e-04   -7.9498e-04   -9.2187e-04
   3.0000e-01   -2.6000e+00    1.5000e+00    1.0751e+00    2.8007e+00   -1.8057e-04   -1.2532e-03   -9.7032e-05   -1.4029e-03
   3.0000e-01   -2.6000e+00    1.5000e+00    9.2705e-01    2.8532e+00    7.4694e-04   -1.0471e-03    8.1367e-04   -1.2654e-03
   3.0000e-01   -2.6000e+00    1.5000e+00    7.7646e-01    2.8978e+00    1.2864e-03   -2.3480e-04    1.3448e-03   -4.4436e-04
   3.0000e-01   -2.6000e+00    1.5000e+00    6.2374e-01    2.9344e+00    1.0907e-03    7.6233e-04    1.1463e-03    5.6440e-04
   3.0000e-01   -2.6000e+00    1.5000e+00    4.6930e-01    2.9631e+00    2.0512e-04    1.3401e-03    2.0992e-04    1.1110e-03
   3.0000e-01   -2.6000e+00    1.5000e+00    3.1359e-01    2.9836e+00   -8.6198e-04    1.0810e-03   -9.4602e-04    7.8950e-04
   3.0000e-01   -2.6000e+00    1.5000e+00    1.5701e-01    2.9959e+00   -1.4085e-03    9.1961e-05   -1.5449e-03   -7.2731e-05
   3.0000e-01   -2.6000e+00    1.5000e+00    0.0000e+00    3.0000e+00   -1.0227e-03   -1.0178e-03   -1.1728e-03   -1.3059e-03
   3.0000e-01   -2.6000e+00    1.5000e+00   -1.5701e-01    2.9959e+00    1.0645e-04   -1.4730e-03   -3.9063e-05   -1.7719e-03
   3.0000e-01   -2.6000e+00    1.5000e+00   -3.1359e-01    2.9836e+00    1.2268e-03   -8.8720e-04    1.0531e-03   -1.2491e-03
   3.0000e-01   -2.6000e+00    1.5000e+00   -4.6930e-01    2.9631e+00    1.5023e-03    4.0018e-04    1.2954e-03    5.5144e-05
   3.0000e-01   -2.6000e+00    1.5000e+00   -6.2374e-01    2.9344e+00    6.3846e-04    1.4667e-03    4.4971e-04    1.1496e-03
   3.0000e-01   -2.6000e+00    1.5000e+00   -7.7646e-01    2.8978e+00   -7.8153e-04    1.4519e-03   -1.0020e-03    1.1734e-03
   3.0000e-01   -2.6000e+00    1.5000e+00   -9.2705e-01    2.8532e+00   -1.6815e-03    2.7364e-04   -1.9045e-03    2.9110e-05
   3.0000e-01   -2.6000e+00    1.5000e+00   -1.0751e+00    2.8007e+00   -1.2689e-03   -1.2275e-03   -1.4892e-03   -1.4864e-03
   3.0000e-01   -2.6000e+00    1.5000e+00   -1.2202e+00    2.7406e+00    2.4186e-04   -1.8186e-03    -1.4284e-05   -2.0477e-03
   3.0000e-01   -2.6000e+00    1.5000e+00   -1.3620e+00    2.6730e+00    1.6862e-03   -9.0466e-04    1.4647e-03   -1.1256e-03
   3.0000e-01   -2.6000e+00    1.5000e+00   -1.5000e+00    2.5981e+00    1.7992e-03    8.8287e-04    1.6093e-03    6.5887e-04
   3.0000e-01   -2.6000e+00    1.5000e+00   -3.0000e+00    0.0000e+00    1.7929e-03    8.9701e-04    1.9876e-03    8.7785e-04
   3.0000e-01   -2.6000e+00    1.5000e+00   -2.9959e+00   -1.5701e-01    1.6972e-03   -8.8578e-04    1.9547e-03   -8.6796e-04
   3.0000e-01   -2.6000e+00    1.5000e+00   -2.9836e+00   -3.1359e-01    2.7172e-04   -1.8154e-03    5.1753e-04   -1.8885e-03
   3.0000e-01   -2.6000e+00    1.5000e+00   -2.9631e+00   -4.6930e-01   -1.2553e-03   -1.2422e-03   -1.0493e-03   -1.3116e-03
   3.0000e-01   -2.6000e+00    1.5000e+00   -2.9344e+00   -6.2374e-01   -1.6852e-03    2.5429e-04   -1.4313e-03    2.1126e-04
   3.0000e-01   -2.6000e+00    1.5000e+00   -2.8978e+00   -7.7646e-01   -7.9776e-04    1.4436e-03   -5.5360e-04    1.4124e-03
   3.0000e-01   -2.6000e+00    1.5000e+00   -2.8532e+00   -9.2705e-01    6.2070e-04    1.4748e-03    9.1034e-04    1.3137e-03
   3.0000e-01   -2.6000e+00    1.5000e+00   -2.8007e+00   -1.0751e+00    1.4983e-03    4.1698e-04    1.7800e-03    2.2154e-04
   3.0000e-01   -2.6000e+00    1.5000e+00   -2.7406e+00   -1.2202e+00    1.2384e-03   -8.7194e-04    1.5172e-03   -1.0045e-03
   3.0000e-01   -2.6000e+00    1.5000e+00   -2.6730e+00   -1.3620e+00    1.1651e-04   -1.4724e-03    4.0464e-04   -1.6079e-03
   3.0000e-01   -2.6000e+00    1.5000e+00   -2.5981e+00   -1.5000e+00   -1.0140e-03   -1.0270e-03   -7.1581e-04   -1.1804e-03
   3.0000e-01   -2.6000e+00    1.5000e+00   -2.5160e+00   -1.6339e+00   -1.4095e-03    7.8570e-05   -1.0420e-03   -1.4516e-05
   3.0000e-01   -2.6000e+00    1.5000e+00   -2.4271e+00   -1.7634e+00   -8.6586e-04    1.0780e-03   -5.9939e-04    9.8040e-04
   3.0000e-01   -2.6000e+00    1.5000e+00   -2.3314e+00   -1.8880e+00    1.9757e-04    1.3413e-03    4.3973e-04    1.1636e-03
   3.0000e-01   -2.6000e+00    1.5000e+00   -2.2294e+00   -2.0074e+00    1.0814e-03    7.7600e-04    1.4315e-03    5.4686e-04
   3.0000e-01   -2.6000e+00    1.5000e+00   -2.1213e+00   -2.1213e+00    1.2896e-03   -2.1856e-04    1.5946e-03   -4.0878e-04
   3.0000e-01   -2.6000e+00    1.5000e+00   -2.0074e+00   -2.2294e+00    7.5145e-04   -1.0441e-03    1.0168e-03   -1.1918e-03
   3.0000e-01   -2.6000e+00    1.5000e+00   -1.8880e+00   -2.3314e+00   -1.7340e-04   -1.2542e-03    1.4430e-04   -1.4198e-03
   3.0000e-01   -2.6000e+00    1.5000e+00   -1.7634e+00   -2.4271e+00   -9.5842e-04   -7.9852e-04   -7.2099e-04   -9.0087e-04
   3.0000e-01   -2.6000e+00    1.5000e+00   -1.6339e+00   -2.5160e+00   -1.2295e-03    3.6530e-05   -1.0157e-03   -1.0631e-04
   3.0000e-01   -2.6000e+00    1.5000e+00   -1.5000e+00   -2.5981e+00   -8.9682e-04    8.1751e-04   -6.9447e-04    7.2259e-04
   3.0000e-01   -2.6000e+00    1.5000e+00   -1.3620e+00   -2.6730e+00   -1.7128e-04    1.1858e-03    4.6892e-05    1.0704e-03
   3.0000e-01   -2.6000e+00    1.5000e+00   -1.2202e+00   -2.7406e+00    5.9562e-04    1.0231e-03    7.4607e-04    9.7574e-04
   3.0000e-01   -2.6000e+00    1.5000e+00   -1.0751e+00   -2.8007e+00    1.0809e-03    4.4881e-04    1.2229e-03    4.0720e-04
   3.0000e-01   -2.6000e+00    1.5000e+00   -9.2705e-01   -2.8532e+00    1.1245e-03   -2.7469e-04    1.2536e-03   -3.0710e-04
   3.0000e-01   -2.6000e+00    1.5000e+00   -7.7646e-01   -2.8978e+00    7.5473e-04   -8.6193e-04    8.3755e-04   -8.2193e-04
   3.0000e-01   -2.6000e+00    1.5000e+00   -6.2374e-01   -2.9344e+00    1.4886e-04   -1.1248e-03    2.0417e-04   -1.0234e-03
   3.0000e-01   -2.6000e+00    1.5000e+00   -4.6930e-01   -2.9631e+00   -4.7914e-04   -1.0169e-03   -3.9111e-04   -9.6681e-04
   3.0000e-01   -2.6000e+00    1.5000e+00   -3.1359e-01   -2.9836e+00   -9.3007e-04   -6.1379e-04   -8.5418e-04   -4.6873e-04
   3.0000e-01   -2.6000e+00    1.5000e+00   -1.5701e-01   -2.9959e+00   -1.1035e-03   -6.2410e-05   -1.0224e-03    1.6384e-04
   3.0000e-01   -2.6000e+00    1.5000e+00    0.0000e+00   -3.0000e+00   -9.8714e-04    4.7770e-04   -9.5717e-04    6.8299e-04
   3.0000e-01   -2.6000e+00    1.5000e+00    1.5701e-01   -2.9959e+00   -6.5106e-04    8.7255e-04   -6.4062e-04    1.1193e-03
   3.0000e-01   -2.6000e+00    1.5000e+00    3.1359e-01   -2.9836e+00   -1.9724e-04    1.0630e-03   -2.0018e-04    1.4098e-03
   3.0000e-01   -2.6000e+00    1.5000e+00    4.6930e-01   -2.9631e+00    2.7365e-04    1.0388e-03    2.9376e-04    1.4130e-03
   3.0000e-01   -2.6000e+00    1.5000e+00    6.2374e-01   -2.9344e+00    6.6498e-04    8.3541e-04    6.5283e-04    1.2984e-03
   3.0000e-01   -2.6000e+00    1.5000e+00    7.7646e-01   -2.8978e+00    9.2785e-04    5.1601e-04    9.2246e-04    9.8680e-04
   3.0000e-01   -2.6000e+00    1.5000e+00    9.2705e-01   -2.8532e+00    1.0450e-03    1.5364e-04    1.0488e-03    7.1259e-04
   3.0000e-01   -2.6000e+00    1.5000e+00    1.0751e+00   -2.8007e+00    1.0306e-03   -2.0695e-04    1.0008e-03    4.5223e-04
   3.0000e-01   -2.6000e+00    1.5000e+00    1.2202e+00   -2.7406e+00    9.1049e-04   -5.1596e-04    9.5190e-04    1.7359e-04
   3.0000e-01   -2.6000e+00    1.5000e+00    1.3620e+00   -2.6730e+00    7.1703e-04   -7.5625e-04    7.3592e-04    9.3567e-06
   3.0000e-01   -2.6000e+00    1.5000e+00    1.5000e+00   -2.5981e+00    4.9173e-04   -9.1455e-04    5.0605e-04   -7.9485e-05
   3.0000e-01   -2.6000e+00    1.5000e+00    1.6339e+00   -2.5160e+00    2.5896e-04   -1.0020e-03    3.3648e-04   -1.4302e-04
   3.0000e-01   -2.6000e+00    1.5000e+00    1.7634e+00   -2.4271e+00    3.2403e-05   -1.0313e-03    7.2593e-05   -9.3070e-05
   3.0000e-01   -2.6000e+00    1.5000e+00    1.8880e+00   -2.3314e+00   -1.6975e-04   -1.0150e-03   -1.4819e-04   -1.0442e-04
   3.0000e-01   -2.6000e+00    1.5000e+00    2.0074e+00   -2.2294e+00   -3.3049e-04   -9.7226e-04   -2.6163e-04    -3.6033e-05
   3.0000e-01   -2.6000e+00    1.5000e+00    2.1213e+00   -2.1213e+00   -4.6059e-04   -9.1562e-04   -3.5557e-04    1.4676e-04
   3.0000e-01   -2.6000e+00    1.5000e+00    2.2294e+00   -2.0074e+00   -5.6603e-04   -8.5245e-04   -5.0739e-04    2.1004e-04
   3.0000e-01   -2.6000e+00    1.5000e+00    2.3314e+00   -1.8880e+00   -6.4391e-04   -7.9355e-04   -5.1252e-04    2.5587e-04
   3.0000e-01   -2.6000e+00    1.5000e+00    2.4271e+00   -1.7634e+00   -6.8991e-04   -7.5288e-04   -6.5948e-04    3.2723e-04
   3.0000e-01   -2.6000e+00    1.5000e+00    2.5160e+00   -1.6339e+00   -7.1621e-04   -7.2733e-04   -6.4399e-04    3.4875e-04
   3.0000e-01   -2.6000e+00    1.5000e+00    2.5981e+00   -1.5000e+00   -7.2759e-04   -7.1560e-04   -6.2335e-04    4.0557e-04
   3.0000e-01   -2.6000e+00    1.5000e+00    2.6730e+00   -1.3620e+00   -7.1986e-04   -7.2346e-04   -6.3430e-04    4.4767e-04
   3.0000e-01   -2.6000e+00    1.5000e+00    2.7406e+00   -1.2202e+00   -6.8973e-04   -7.5306e-04   -6.1212e-04    3.0209e-04
   3.0000e-01   -2.6000e+00    1.5000e+00    2.8007e+00   -1.0751e+00   -6.4018e-04   -7.9672e-04   -4.8050e-04    2.8029e-04
   3.0000e-01   -2.6000e+00    1.5000e+00    2.8532e+00   -9.2705e-01   -5.6536e-04   -8.5288e-04   -3.8632e-04    1.8504e-04
   3.0000e-01   -2.6000e+00    1.5000e+00    2.8978e+00   -7.7646e-01   -4.6719e-04   -9.1211e-04   -3.1797e-04    9.4131e-05
   3.0000e-01   -2.6000e+00    1.5000e+00    2.9344e+00   -6.2374e-01   -3.3277e-04   -9.7141e-04   -1.5219e-04    4.2873e-05
   3.0000e-01   -2.6000e+00    1.5000e+00    2.9631e+00   -4.6930e-01   -1.6660e-04   -1.0155e-03    4.3253e-05   -3.3239e-05
   3.0000e-01   -2.6000e+00    1.5000e+00    2.9836e+00   -3.1359e-01    3.4806e-05   -1.0312e-03    3.0301e-04   -8.2591e-05
   3.0000e-01   -2.6000e+00    1.5000e+00    2.9959e+00   -1.5701e-01    2.5568e-04   -1.0028e-03    5.5910e-04   -1.1199e-04
   3.0000e-01   -3.0000e+00    0.0000e+00    3.0000e+00    0.0000e+00   -7.2250e-04   -7.2081e-04   -3.9127e-04    3.4418e-04
   3.0000e-01   -3.0000e+00    0.0000e+00    2.9959e+00    1.5701e-01   -7.0919e-04   -7.3424e-04   -4.2179e-04    2.8141e-04
   3.0000e-01   -3.0000e+00    0.0000e+00    2.9836e+00    3.1359e-01   -6.7957e-04   -7.6235e-04   -3.7302e-04    2.8733e-04
   3.0000e-01   -3.0000e+00    0.0000e+00    2.9631e+00    4.6930e-01   -6.3216e-04   -8.0316e-04   -3.1752e-04    2.7487e-04
   3.0000e-01   -3.0000e+00    0.0000e+00    2.9344e+00    6.2374e-01   -5.5748e-04   -8.5822e-04   -3.0703e-04    1.4294e-04
   3.0000e-01   -3.0000e+00    0.0000e+00    2.8978e+00    7.7646e-01   -4.5735e-04   -9.1719e-04   -1.6778e-04    7.5756e-05
   3.0000e-01   -3.0000e+00    0.0000e+00    2.8532e+00    9.2705e-01   -3.2103e-04   -9.7542e-04   -1.6486e-05    -3.5515e-05
   3.0000e-01   -3.0000e+00    0.0000e+00    2.8007e+00    1.0751e+00   -1.5492e-04   -1.0176e-03    1.4481e-04   -1.3334e-04
   3.0000e-01   -3.0000e+00    0.0000e+00    2.7406e+00    1.2202e+00    4.2211e-05   -1.0311e-03    2.5886e-04   -9.8849e-05
   3.0000e-01   -3.0000e+00    0.0000e+00    2.6730e+00    1.3620e+00    2.6298e-04   -1.0010e-03    5.0908e-04   -1.6103e-04
   3.0000e-01   -3.0000e+00    0.0000e+00    2.5981e+00    1.5000e+00    4.9869e-04   -9.1080e-04    7.3324e-04   -1.4937e-04
   3.0000e-01   -3.0000e+00    0.0000e+00    2.5160e+00    1.6339e+00    7.2687e-04   -7.4705e-04    9.8865e-04    6.0899e-07
   3.0000e-01   -3.0000e+00    0.0000e+00    2.4271e+00    1.7634e+00    9.1390e-04   -5.0977e-04    1.2183e-03    2.1430e-04
   3.0000e-01   -3.0000e+00    0.0000e+00    2.3314e+00    1.8880e+00    1.0309e-03   -2.0482e-04    1.2796e-03    4.7296e-04
   3.0000e-01   -3.0000e+00    0.0000e+00    2.2294e+00    2.0074e+00    1.0445e-03    1.5764e-04    1.3247e-03    7.6602e-04
   3.0000e-01   -3.0000e+00    0.0000e+00    2.1213e+00    2.1213e+00    9.2174e-04    5.2726e-04    1.1254e-03    1.0992e-03
   3.0000e-01   -3.0000e+00    0.0000e+00    2.0074e+00    2.2294e+00    6.5832e-04    8.4073e-04    9.2235e-04    1.3383e-03
   3.0000e-01   -3.0000e+00    0.0000e+00    1.8880e+00    2.3314e+00    2.7247e-04    1.0390e-03    5.1449e-04    1.4849e-03
   3.0000e-01   -3.0000e+00    0.0000e+00    1.7634e+00    2.4271e+00   -1.9768e-04    1.0630e-03   -1.8218e-05    1.3754e-03
   3.0000e-01   -3.0000e+00    0.0000e+00    1.6339e+00    2.5160e+00   -6.5633e-04    8.6867e-04   -5.7908e-04    1.1601e-03
   3.0000e-01   -3.0000e+00    0.0000e+00    1.5000e+00    2.5981e+00   -9.9048e-04    4.7103e-04   -9.6399e-04    6.8386e-04
   3.0000e-01   -3.0000e+00    0.0000e+00    1.3620e+00    2.6730e+00   -1.1034e-03   -6.3558e-05   -1.0159e-03    9.0220e-05
   3.0000e-01   -3.0000e+00    0.0000e+00    1.2202e+00    2.7406e+00   -9.2712e-04   -6.1857e-04   -8.8636e-04   -5.4426e-04
   3.0000e-01   -3.0000e+00    0.0000e+00    1.0751e+00    2.8007e+00   -4.7323e-04   -1.0199e-03   -5.0443e-04   -9.0984e-04
   3.0000e-01   -3.0000e+00    0.0000e+00    9.2705e-01    2.8532e+00    1.5644e-04   -1.1239e-03    1.1669e-04   -1.0894e-03
   3.0000e-01   -3.0000e+00    0.0000e+00    7.7646e-01    2.8978e+00    7.5908e-04   -8.5828e-04    7.4087e-04   -8.3142e-04
   3.0000e-01   -3.0000e+00    0.0000e+00    6.2374e-01    2.9344e+00    1.1258e-03   -2.6989e-04    9.8070e-04   -2.8345e-04
   3.0000e-01   -3.0000e+00    0.0000e+00    4.6930e-01    2.9631e+00    1.0790e-03    4.5350e-04    9.1305e-04    3.5382e-04
   3.0000e-01   -3.0000e+00    0.0000e+00    3.1359e-01    2.9836e+00    5.8602e-04    1.0288e-03    4.1580e-04    9.3590e-04
   3.0000e-01   -3.0000e+00    0.0000e+00    1.5701e-01    2.9959e+00   -1.7874e-04    1.1850e-03   -4.1583e-04    1.0415e-03
   3.0000e-01   -3.0000e+00    0.0000e+00    0.0000e+00    3.0000e+00   -9.0095e-04    8.1333e-04   -1.0996e-03    6.6075e-04
   3.0000e-01   -3.0000e+00    0.0000e+00   -1.5701e-01    2.9959e+00   -1.2297e-03    3.3121e-05   -1.4714e-03   -1.3230e-04
   3.0000e-01   -3.0000e+00    0.0000e+00   -3.1359e-01    2.9836e+00   -9.5654e-04   -8.0100e-04   -1.2292e-03   -9.7557e-04
   3.0000e-01   -3.0000e+00    0.0000e+00   -4.6930e-01    2.9631e+00   -1.6658e-04   -1.2554e-03   -4.0931e-04   -1.5321e-03
   3.0000e-01   -3.0000e+00    0.0000e+00   -6.2374e-01    2.9344e+00    7.5756e-04   -1.0399e-03    5.1327e-04   -1.2637e-03
   3.0000e-01   -3.0000e+00    0.0000e+00   -7.7646e-01    2.8978e+00    1.2893e-03   -2.2034e-04    1.0177e-03   -4.7811e-04
   3.0000e-01   -3.0000e+00    0.0000e+00   -9.2705e-01    2.8532e+00    1.0825e-03    7.7461e-04    8.2203e-04    4.9297e-04
   3.0000e-01   -3.0000e+00    0.0000e+00   -1.0751e+00    2.8007e+00    1.9048e-04    1.3427e-03    1.1698e-05    1.0794e-03
   3.0000e-01   -3.0000e+00    0.0000e+00   -1.2202e+00    2.7406e+00   -8.6808e-04    1.0765e-03   -1.1178e-03    9.0649e-04
   3.0000e-01   -3.0000e+00    0.0000e+00   -1.3620e+00    2.6730e+00   -1.4096e-03    7.8720e-05   -1.5939e-03   -9.3737e-05
   3.0000e-01   -3.0000e+00    0.0000e+00   -1.5000e+00    2.5981e+00   -1.0149e-03   -1.0260e-03   -1.1406e-03   -1.2221e-03
   3.0000e-01   -3.0000e+00    0.0000e+00   -1.6339e+00    2.5160e+00    1.2244e-04   -1.4723e-03   -6.9073e-05   -1.6096e-03
   3.0000e-01   -3.0000e+00    0.0000e+00   -1.7634e+00    2.4271e+00    1.2379e-03   -8.7250e-04    1.1448e-03   -1.0342e-03
   3.0000e-01   -3.0000e+00    0.0000e+00   -1.8880e+00    2.3314e+00    1.4992e-03    4.1292e-04    1.3639e-03    3.2812e-04
   3.0000e-01   -3.0000e+00    0.0000e+00   -2.0074e+00    2.2294e+00    6.3001e-04    1.4707e-03    5.9949e-04    1.3090e-03
   3.0000e-01   -3.0000e+00    0.0000e+00   -2.1213e+00    2.1213e+00   -7.9867e-04    1.4433e-03   -7.8292e-04    1.2988e-03
   3.0000e-01   -3.0000e+00    0.0000e+00   -2.2294e+00    2.0074e+00   -1.6858e-03    2.5140e-04   -1.6770e-03    1.3813e-04
   3.0000e-01   -3.0000e+00    0.0000e+00   -2.3314e+00    1.8880e+00   -1.2613e-03   -1.2357e-03   -1.2181e-03   -1.3198e-03
   3.0000e-01   -3.0000e+00    0.0000e+00   -2.4271e+00    1.7634e+00    2.5666e-04   -1.8170e-03    3.4142e-04   -1.8256e-03
   3.0000e-01   -3.0000e+00    0.0000e+00   -2.5160e+00    1.6339e+00    1.6940e-03   -8.9140e-04    1.8523e-03   -8.8612e-04
   3.0000e-01   -3.0000e+00    0.0000e+00   -2.5981e+00    1.5000e+00    1.7913e-03    9.0077e-04    2.0179e-03    8.8449e-04
   3.0000e-01   -3.0000e+00    0.0000e+00   -2.5981e+00   -1.5000e+00    1.7913e-03    9.0077e-04    1.9807e-03    9.1795e-04
   3.0000e-01   -3.0000e+00    0.0000e+00   -2.5160e+00   -1.6339e+00    1.6940e-03   -8.9140e-04    1.9042e-03   -8.7619e-04
   3.0000e-01   -3.0000e+00    0.0000e+00   -2.4271e+00   -1.7634e+00    2.5666e-04   -1.8170e-03    4.1469e-04   -1.8148e-03
   3.0000e-01   -3.0000e+00    0.0000e+00   -2.3314e+00   -1.8880e+00   -1.2613e-03   -1.2357e-03   -1.1559e-03   -1.3547e-03
   3.0000e-01   -3.0000e+00    0.0000e+00   -2.2294e+00   -2.0074e+00   -1.6858e-03    2.5140e-04   -1.6269e-03    1.8721e-04
   3.0000e-01   -3.0000e+00    0.0000e+00   -2.1213e+00   -2.1213e+00   -7.9867e-04    1.4433e-03   -8.0958e-04    1.3323e-03
   3.0000e-01   -3.0000e+00    0.0000e+00   -2.0074e+00   -2.2294e+00    6.3001e-04    1.4707e-03    5.6272e-04    1.3747e-03
   3.0000e-01   -3.0000e+00    0.0000e+00   -1.8880e+00   -2.3314e+00    1.4992e-03    4.1292e-04    1.4413e-03    2.2760e-04
   3.0000e-01   -3.0000e+00    0.0000e+00   -1.7634e+00   -2.4271e+00    1.2379e-03   -8.7250e-04    1.1236e-03   -1.0428e-03
   3.0000e-01   -3.0000e+00    0.0000e+00   -1.6339e+00   -2.5160e+00    1.2244e-04   -1.4723e-03   -6.5559e-05   -1.6262e-03
   3.0000e-01   -3.0000e+00    0.0000e+00   -1.5000e+00   -2.5981e+00   -1.0149e-03   -1.0260e-03   -1.2084e-03   -1.2348e-03
   3.0000e-01   -3.0000e+00    0.0000e+00   -1.3620e+00   -2.6730e+00   -1.4096e-03    7.8720e-05   -1.6436e-03   -1.0986e-04
   3.0000e-01   -3.0000e+00    0.0000e+00   -1.2202e+00   -2.7406e+00   -8.6808e-04    1.0765e-03   -1.0939e-03    8.2435e-04
   3.0000e-01   -3.0000e+00    0.0000e+00   -1.0751e+00   -2.8007e+00    1.9048e-04    1.3427e-03   -8.1286e-05    1.1141e-03
   3.0000e-01   -3.0000e+00    0.0000e+00   -9.2705e-01   -2.8532e+00    1.0825e-03    7.7461e-04    8.4573e-04    5.0739e-04
   3.0000e-01   -3.0000e+00    0.0000e+00   -7.7646e-01   -2.8978e+00    1.2893e-03   -2.2034e-04    1.0487e-03   -4.8133e-04
   3.0000e-01   -3.0000e+00    0.0000e+00   -6.2374e-01   -2.9344e+00    7.5756e-04   -1.0399e-03    5.9847e-04   -1.3049e-03
   3.0000e-01   -3.0000e+00    0.0000e+00   -4.6930e-01   -2.9631e+00   -1.6658e-04   -1.2554e-03   -4.5127e-04   -1.4736e-03
   3.0000e-01   -3.0000e+00    0.0000e+00   -3.1359e-01   -2.9836e+00   -9.5654e-04   -8.0100e-04   -1.2362e-03   -9.8730e-04
   3.0000e-01   -3.0000e+00    0.0000e+00   -1.5701e-01   -2.9959e+00   -1.2297e-03    3.3121e-05   -1.3975e-03   -1.8339e-04
   3.0000e-01   -3.0000e+00    0.0000e+00    0.0000e+00   -3.0000e+00   -9.0095e-04    8.1333e-04   -1.1125e-03    6.1193e-04
   3.0000e-01   -3.0000e+00    0.0000e+00    1.5701e-01   -2.9959e+00   -1.7874e-04    1.1850e-03   -3.7435e-04    1.0775e-03
   3.0000e-01   -3.0000e+00    0.0000e+00    3.1359e-01   -2.9836e+00    5.8602e-04    1.0288e-03    4.4808e-04    8.6328e-04
   3.0000e-01   -3.0000e+00    0.0000e+00    4.6930e-01   -2.9631e+00    1.0790e-03    4.5350e-04    9.9243e-04    3.9715e-04
   3.0000e-01   -3.0000e+00    0.0000e+00    6.2374e-01   -2.9344e+00    1.1258e-03   -2.6989e-04    1.0308e-03   -3.5606e-04
   3.0000e-01   -3.0000e+00    0.0000e+00    7.7646e-01   -2.8978e+00    7.5908e-04   -8.5828e-04    6.8067e-04   -9.0827e-04
   3.0000e-01   -3.0000e+00    0.0000e+00    9.2705e-01   -2.8532e+00    1.5644e-04   -1.1239e-03    1.2620e-04   -1.1117e-03
   3.0000e-01   -3.0000e+00    0.0000e+00    1.0751e+00   -2.8007e+00   -4.7323e-04   -1.0199e-03   -5.6838e-04   -9.1341e-04
   3.0000e-01   -3.0000e+00    0.0000e+00    1.2202e+00   -2.7406e+00   -9.2712e-04   -6.1857e-04   -8.9891e-04   -4.5502e-04
   3.0000e-01   -3.0000e+00    0.0000e+00    1.3620e+00   -2.6730e+00   -1.1034e-03   -6.3558e-05   -1.0528e-03    1.2157e-04
   3.0000e-01   -3.0000e+00    0.0000e+00    1.5000e+00   -2.5981e+00   -9.9048e-04    4.7103e-04   -8.6171e-04    7.1988e-04
   3.0000e-01   -3.0000e+00    0.0000e+00    1.6339e+00   -2.5160e+00   -6.5633e-04    8.6867e-04   -5.2760e-04    1.2800e-03
   3.0000e-01   -3.0000e+00    0.0000e+00    1.7634e+00   -2.4271e+00   -1.9768e-04    1.0630e-03   -5.5601e-05    1.4216e-03
   3.0000e-01   -3.0000e+00    0.0000e+00    1.8880e+00   -2.3314e+00    2.7247e-04    1.0390e-03    5.1315e-04    1.4213e-03
   3.0000e-01   -3.0000e+00    0.0000e+00    2.0074e+00   -2.2294e+00    6.5832e-04    8.4073e-04    8.1917e-04    1.2614e-03
   3.0000e-01   -3.0000e+00    0.0000e+00    2.1213e+00   -2.1213e+00    9.2174e-04    5.2726e-04    1.1599e-03    1.0848e-03
   3.0000e-01   -3.0000e+00    0.0000e+00    2.2294e+00   -2.0074e+00    1.0445e-03    1.5764e-04    1.3109e-03    7.0120e-04
   3.0000e-01   -3.0000e+00    0.0000e+00    2.3314e+00   -1.8880e+00    1.0309e-03   -2.0482e-04    1.3261e-03    4.8910e-04
   3.0000e-01   -3.0000e+00    0.0000e+00    2.4271e+00   -1.7634e+00    9.1390e-04   -5.0977e-04    1.1786e-03    1.9899e-04
   3.0000e-01   -3.0000e+00    0.0000e+00    2.5160e+00   -1.6339e+00    7.2687e-04   -7.4705e-04    1.0281e-03    2.9156e-05
   3.0000e-01   -3.0000e+00    0.0000e+00    2.5981e+00   -1.5000e+00    4.9869e-04   -9.1080e-04    8.0888e-04   -1.3752e-04
   3.0000e-01   -3.0000e+00    0.0000e+00    2.6730e+00   -1.3620e+00    2.6298e-04   -1.0010e-03    5.5061e-04   -1.8500e-04
   3.0000e-01   -3.0000e+00    0.0000e+00    2.7406e+00   -1.2202e+00    4.2211e-05   -1.0311e-03    3.6120e-04   -1.0570e-04
   3.0000e-01   -3.0000e+00    0.0000e+00    2.8007e+00   -1.0751e+00   -1.5492e-04   -1.0176e-03    1.3945e-04   -6.0423e-05
   3.0000e-01   -3.0000e+00    0.0000e+00    2.8532e+00   -9.2705e-01   -3.2103e-04   -9.7542e-04   -7.9787e-05    3.8430e-05
   3.0000e-01   -3.0000e+00    0.0000e+00    2.8978e+00   -7.7646e-01   -4.5735e-04   -9.1719e-04   -1.7211e-04    9.9506e-05
   3.0000e-01   -3.0000e+00    0.0000e+00    2.9344e+00   -6.2374e-01   -5.5748e-04   -8.5822e-04   -2.1641e-04    1.5240e-04
   3.0000e-01   -3.0000e+00    0.0000e+00    2.9631e+00   -4.6930e-01   -6.3216e-04   -8.0316e-04   -2.8830e-04    2.6006e-04
   3.0000e-01   -3.0000e+00    0.0000e+00    2.9836e+00   -3.1359e-01   -6.7957e-04   -7.6235e-04   -3.8270e-04    3.3250e-04
   3.0000e-01   -3.0000e+00    0.0000e+00    2.9959e+00   -1.5701e-01   -7.0919e-04   -7.3424e-04   -4.5797e-04    3.7045e-04
   3.0000e-01   -2.6000e+00   -1.5000e+00    3.0000e+00    0.0000e+00    4.8662e-04   -9.1717e-04    7.8623e-04   -6.9970e-05
   3.0000e-01   -2.6000e+00   -1.5000e+00    2.9959e+00    1.5701e-01    2.5568e-04   -1.0028e-03    5.1806e-04   -1.5414e-04
   3.0000e-01   -2.6000e+00   -1.5000e+00    2.9836e+00    3.1359e-01    3.4806e-05   -1.0312e-03    2.9499e-04   -1.2299e-04
   3.0000e-01   -2.6000e+00   -1.5000e+00    2.9631e+00    4.6930e-01   -1.6660e-04   -1.0155e-03    1.7764e-05   -6.8328e-05
   3.0000e-01   -2.6000e+00   -1.5000e+00    2.9344e+00    6.2374e-01   -3.3277e-04   -9.7141e-04   -8.0523e-05    2.0172e-05
   3.0000e-01   -2.6000e+00   -1.5000e+00    2.8978e+00    7.7646e-01   -4.6719e-04   -9.1211e-04   -3.1199e-04    1.4413e-04
   3.0000e-01   -2.6000e+00   -1.5000e+00    2.8532e+00    9.2705e-01   -5.6536e-04   -8.5288e-04   -4.6973e-04    1.2990e-04
   3.0000e-01   -2.6000e+00   -1.5000e+00    2.8007e+00    1.0751e+00   -6.4018e-04   -7.9672e-04   -4.9446e-04    2.9455e-04
   3.0000e-01   -2.6000e+00   -1.5000e+00    2.7406e+00    1.2202e+00   -6.8973e-04   -7.5306e-04   -5.5290e-04    3.1619e-04
   3.0000e-01   -2.6000e+00   -1.5000e+00    2.6730e+00    1.3620e+00   -7.1986e-04   -7.2346e-04   -6.0994e-04    3.3742e-04
   3.0000e-01   -2.6000e+00   -1.5000e+00    2.5981e+00    1.5000e+00   -7.2759e-04   -7.1560e-04   -6.2094e-04    3.4125e-04
   3.0000e-01   -2.6000e+00   -1.5000e+00    2.5160e+00    1.6339e+00   -7.1621e-04   -7.2733e-04   -6.3985e-04    3.9533e-04
   3.0000e-01   -2.6000e+00   -1.5000e+00    2.4271e+00    1.7634e+00   -6.8991e-04   -7.5288e-04   -6.8139e-04    3.3001e-04
   3.0000e-01   -2.6000e+00   -1.5000e+00    2.3314e+00    1.8880e+00   -6.4391e-04   -7.9355e-04   -5.4789e-04    3.4751e-04
   3.0000e-01   -2.6000e+00   -1.5000e+00    2.2294e+00    2.0074e+00   -5.6603e-04   -8.5245e-04   -5.6952e-04    2.2064e-04
   3.0000e-01   -2.6000e+00   -1.5000e+00    2.1213e+00    2.1213e+00   -4.6059e-04   -9.1562e-04   -4.6666e-04    6.5382e-05
   3.0000e-01   -2.6000e+00   -1.5000e+00    2.0074e+00    2.2294e+00   -3.3049e-04   -9.7226e-04   -2.3629e-04    4.6125e-05
   3.0000e-01   -2.6000e+00   -1.5000e+00    1.8880e+00    2.3314e+00   -1.6975e-04   -1.0150e-03   -1.6531e-04   -5.4932e-05
   3.0000e-01   -2.6000e+00   -1.5000e+00    1.7634e+00    2.4271e+00    3.2403e-05   -1.0313e-03    8.0001e-05   -1.1849e-04
   3.0000e-01   -2.6000e+00   -1.5000e+00    1.6339e+00    2.5160e+00    2.5896e-04   -1.0020e-03    3.5820e-04   -1.2373e-04
   3.0000e-01   -2.6000e+00   -1.5000e+00    1.5000e+00    2.5981e+00    4.9173e-04   -9.1455e-04    3.9727e-04   -1.2288e-04
   3.0000e-01   -2.6000e+00   -1.5000e+00    1.3620e+00    2.6730e+00    7.1703e-04   -7.5625e-04    7.0406e-04   -1.7508e-05
   3.0000e-01   -2.6000e+00   -1.5000e+00    1.2202e+00    2.7406e+00    9.1049e-04   -5.1596e-04    9.2132e-04    1.4818e-04
   3.0000e-01   -2.6000e+00   -1.5000e+00    1.0751e+00    2.8007e+00    1.0306e-03   -2.0695e-04    1.0003e-03    4.7192e-04
   3.0000e-01   -2.6000e+00   -1.5000e+00    9.2705e-01    2.8532e+00    1.0450e-03    1.5364e-04    1.0763e-03    6.9767e-04
   3.0000e-01   -2.6000e+00   -1.5000e+00    7.7646e-01    2.8978e+00    9.2785e-04    5.1601e-04    9.6584e-04    1.0498e-03
   3.0000e-01   -2.6000e+00   -1.5000e+00    6.2374e-01    2.9344e+00    6.6498e-04    8.3541e-04    7.2649e-04    1.2468e-03
   3.0000e-01   -2.6000e+00   -1.5000e+00    4.6930e-01    2.9631e+00    2.7365e-04    1.0388e-03    3.2184e-04    1.4087e-03
   3.0000e-01   -2.6000e+00   -1.5000e+00    3.1359e-01    2.9836e+00   -1.9724e-04    1.0630e-03   -1.3035e-04    1.3923e-03
   3.0000e-01   -2.6000e+00   -1.5000e+00    1.5701e-01    2.9959e+00   -6.5106e-04    8.7255e-04   -7.0180e-04    1.1566e-03
   3.0000e-01   -2.6000e+00   -1.5000e+00    0.0000e+00    3.0000e+00   -9.8714e-04    4.7770e-04   -1.0092e-03    7.0100e-04
   3.0000e-01   -2.6000e+00   -1.5000e+00   -1.5701e-01    2.9959e+00   -1.1035e-03   -6.2410e-05   -1.0525e-03    1.0654e-04
   3.0000e-01   -2.6000e+00   -1.5000e+00   -3.1359e-01    2.9836e+00   -9.3007e-04   -6.1379e-04   -9.1918e-04   -5.1585e-04
   3.0000e-01   -2.6000e+00   -1.5000e+00   -4.6930e-01    2.9631e+00   -4.7914e-04   -1.0169e-03   -4.3011e-04   -9.2904e-04
   3.0000e-01   -2.6000e+00   -1.5000e+00   -6.2374e-01    2.9344e+00    1.4886e-04   -1.1248e-03    2.9171e-04   -1.0402e-03
   3.0000e-01   -2.6000e+00   -1.5000e+00   -7.7646e-01    2.8978e+00    7.5473e-04   -8.6193e-04    8.4958e-04   -7.9133e-04
   3.0000e-01   -2.6000e+00   -1.5000e+00   -9.2705e-01    2.8532e+00    1.1245e-03   -2.7469e-04    1.2040e-03   -2.5638e-04
   3.0000e-01   -2.6000e+00   -1.5000e+00   -1.0751e+00    2.8007e+00    1.0809e-03    4.4881e-04    1.2226e-03    4.2268e-04
   3.0000e-01   -2.6000e+00   -1.5000e+00   -1.2202e+00    2.7406e+00    5.9562e-04    1.0231e-03    7.8602e-04    9.3892e-04
   3.0000e-01   -2.6000e+00   -1.5000e+00   -1.3620e+00    2.6730e+00   -1.7128e-04    1.1858e-03    4.3848e-05    1.1047e-03
   3.0000e-01   -2.6000e+00   -1.5000e+00   -1.5000e+00    2.5981e+00   -8.9682e-04    8.1751e-04   -6.0372e-04    7.0799e-04
   3.0000e-01   -2.6000e+00   -1.5000e+00   -1.6339e+00    2.5160e+00   -1.2295e-03    3.6530e-05   -9.5989e-04   -5.2349e-05
   3.0000e-01   -2.6000e+00   -1.5000e+00   -1.7634e+00    2.4271e+00   -9.5842e-04   -7.9852e-04   -7.6158e-04   -8.7393e-04
   3.0000e-01   -2.6000e+00   -1.5000e+00   -1.8880e+00    2.3314e+00   -1.7340e-04   -1.2542e-03    4.3015e-05   -1.4720e-03
   3.0000e-01   -2.6000e+00   -1.5000e+00   -2.0074e+00    2.2294e+00    7.5145e-04   -1.0441e-03    1.0534e-03   -1.1459e-03
   3.0000e-01   -2.6000e+00   -1.5000e+00   -2.1213e+00    2.1213e+00    1.2896e-03   -2.1856e-04    1.5754e-03   -3.7233e-04
   3.0000e-01   -2.6000e+00   -1.5000e+00   -2.2294e+00    2.0074e+00    1.0814e-03    7.7600e-04    1.4337e-03    6.5526e-04
   3.0000e-01   -2.6000e+00   -1.5000e+00   -2.3314e+00    1.8880e+00    1.9757e-04    1.3413e-03    4.7519e-04    1.2204e-03
   3.0000e-01   -2.6000e+00   -1.5000e+00   -2.4271e+00    1.7634e+00   -8.6586e-04    1.0780e-03   -6.0311e-04    9.1382e-04
   3.0000e-01   -2.6000e+00   -1.5000e+00   -2.5160e+00    1.6339e+00   -1.4095e-03    7.8570e-05   -1.1358e-03   -1.3994e-04
   3.0000e-01   -2.6000e+00   -1.5000e+00   -2.5981e+00    1.5000e+00   -1.0140e-03   -1.0270e-03   -7.4458e-04   -1.1137e-03
   3.0000e-01   -2.6000e+00   -1.5000e+00   -2.6730e+00    1.3620e+00    1.1651e-04   -1.4724e-03    3.8674e-04   -1.6162e-03
   3.0000e-01   -2.6000e+00   -1.5000e+00   -2.7406e+00    1.2202e+00    1.2384e-03   -8.7194e-04    1.5022e-03   -9.5251e-04
   3.0000e-01   -2.6000e+00   -1.5000e+00   -2.8007e+00    1.0751e+00    1.4983e-03    4.1698e-04    1.7975e-03    3.3451e-04
   3.0000e-01   -2.6000e+00   -1.5000e+00   -2.8532e+00    9.2705e-01    6.2070e-04    1.4748e-03    9.0633e-04    1.3446e-03
   3.0000e-01   -2.6000e+00   -1.5000e+00   -2.8978e+00    7.7646e-01   -7.9776e-04    1.4436e-03   -5.5644e-04    1.4000e-03
   3.0000e-01   -2.6000e+00   -1.5000e+00   -2.9344e+00    6.2374e-01   -1.6852e-03    2.5429e-04   -1.4244e-03    2.2325e-04
   3.0000e-01   -2.6000e+00   -1.5000e+00   -2.9631e+00    4.6930e-01   -1.2553e-03   -1.2422e-03   -1.1251e-03   -1.2464e-03
   3.0000e-01   -2.6000e+00   -1.5000e+00   -2.9836e+00    3.1359e-01    2.7172e-04   -1.8154e-03    4.8167e-04   -1.7654e-03
   3.0000e-01   -2.6000e+00   -1.5000e+00   -2.9959e+00    1.5701e-01    1.6972e-03   -8.8578e-04    1.8865e-03   -9.0123e-04
   3.0000e-01   -2.6000e+00   -1.5000e+00   -3.0000e+00    0.0000e+00    1.7867e-03    9.1095e-04    1.9975e-03    8.7387e-04
   3.0000e-01   -2.6000e+00   -1.5000e+00   -1.5000e+00   -2.5981e+00    1.7992e-03    8.8287e-04    1.6293e-03    6.4154e-04
   3.0000e-01   -2.6000e+00   -1.5000e+00   -1.3620e+00   -2.6730e+00    1.6862e-03   -9.0466e-04    1.5269e-03   -1.1115e-03
   3.0000e-01   -2.6000e+00   -1.5000e+00   -1.2202e+00   -2.7406e+00    2.4186e-04   -1.8186e-03    5.2595e-05   -2.0984e-03
   3.0000e-01   -2.6000e+00   -1.5000e+00   -1.0751e+00   -2.8007e+00   -1.2689e-03   -1.2275e-03   -1.4827e-03   -1.4837e-03
   3.0000e-01   -2.6000e+00   -1.5000e+00   -9.2705e-01   -2.8532e+00   -1.6815e-03    2.7364e-04   -1.9578e-03   -2.5388e-05
   3.0000e-01   -2.6000e+00   -1.5000e+00   -7.7646e-01   -2.8978e+00   -7.8153e-04    1.4519e-03   -9.4231e-04    1.1189e-03
   3.0000e-01   -2.6000e+00   -1.5000e+00   -6.2374e-01   -2.9344e+00    6.3846e-04    1.4667e-03    5.0134e-04    1.1516e-03
   3.0000e-01   -2.6000e+00   -1.5000e+00   -4.6930e-01   -2.9631e+00    1.5023e-03    4.0018e-04    1.3440e-03    6.4069e-05
   3.0000e-01   -2.6000e+00   -1.5000e+00   -3.1359e-01   -2.9836e+00    1.2268e-03   -8.8720e-04    1.0924e-03   -1.1635e-03
   3.0000e-01   -2.6000e+00   -1.5000e+00   -1.5701e-01   -2.9959e+00    1.0645e-04   -1.4730e-03    1.5909e-05   -1.7119e-03
   3.0000e-01   -2.6000e+00   -1.5000e+00    0.0000e+00   -3.0000e+00   -1.0227e-03   -1.0178e-03   -1.0872e-03   -1.2905e-03
   3.0000e-01   -2.6000e+00   -1.5000e+00    1.5701e-01   -2.9959e+00   -1.4085e-03    9.1961e-05   -1.5359e-03   -1.2985e-04
   3.0000e-01   -2.6000e+00   -1.5000e+00    3.1359e-01   -2.9836e+00   -8.6198e-04    1.0810e-03   -9.6288e-04    8.0775e-04
   3.0000e-01   -2.6000e+00   -1.5000e+00    4.6930e-01   -2.9631e+00    2.0512e-04    1.3401e-03    2.1001e-04    1.1155e-03
   3.0000e-01   -2.6000e+00   -1.5000e+00    6.2374e-01   -2.9344e+00    1.0907e-03    7.6233e-04    1.1609e-03    5.3981e-04
   3.0000e-01   -2.6000e+00   -1.5000e+00    7.7646e-01   -2.8978e+00    1.2864e-03   -2.3480e-04    1.2706e-03   -4.4676e-04
   3.0000e-01   -2.6000e+00   -1.5000e+00    9.2705e-01   -2.8532e+00    7.4694e-04   -1.0471e-03    8.3672e-04   -1.2391e-03
   3.0000e-01   -2.6000e+00   -1.5000e+00    1.0751e+00   -2.8007e+00   -1.8057e-04   -1.2532e-03   -8.2590e-06   -1.4169e-03
   3.0000e-01   -2.6000e+00   -1.5000e+00    1.2202e+00   -2.7406e+00   -9.6513e-04   -7.9030e-04   -8.6040e-04   -9.0181e-04
   3.0000e-01   -2.6000e+00   -1.5000e+00    1.3620e+00   -2.6730e+00   -1.2285e-03    5.3084e-05   -1.0768e-03    1.3946e-05
   3.0000e-01   -2.6000e+00   -1.5000e+00    1.5000e+00   -2.5981e+00   -8.9054e-04    8.2425e-04   -6.5102e-04    7.0019e-04
   3.0000e-01   -2.6000e+00   -1.5000e+00    1.6339e+00   -2.5160e+00   -1.6376e-04    1.1868e-03    1.3962e-04    1.2320e-03
   3.0000e-01   -2.6000e+00   -1.5000e+00    1.7634e+00   -2.4271e+00    6.0493e-04    1.0173e-03    8.2681e-04    1.0392e-03
   3.0000e-01   -2.6000e+00   -1.5000e+00    1.8880e+00   -2.3314e+00    1.0863e-03    4.3454e-04    1.4288e-03    4.6072e-04
   3.0000e-01   -2.6000e+00   -1.5000e+00    2.0074e+00   -2.2294e+00    1.1227e-03   -2.8146e-04    1.4861e-03   -2.0827e-04
   3.0000e-01   -2.6000e+00   -1.5000e+00    2.1213e+00   -2.1213e+00    7.5188e-04   -8.6435e-04    1.0997e-03   -7.2080e-04
   3.0000e-01   -2.6000e+00   -1.5000e+00    2.2294e+00   -2.0074e+00    1.3736e-04   -1.1261e-03    4.8057e-04   -9.2710e-04
   3.0000e-01   -2.6000e+00   -1.5000e+00    2.3314e+00   -1.8880e+00   -4.9042e-04   -1.0112e-03   -2.5559e-05   -8.9162e-04
   3.0000e-01   -2.6000e+00   -1.5000e+00    2.4271e+00   -1.7634e+00   -9.3491e-04   -6.0601e-04   -5.1582e-04   -3.4883e-04
   3.0000e-01   -2.6000e+00   -1.5000e+00    2.5160e+00   -1.6339e+00   -1.1037e-03   -5.5297e-05   -6.9593e-04    1.8713e-04
   3.0000e-01   -2.6000e+00   -1.5000e+00    2.5981e+00   -1.5000e+00   -9.8379e-04    4.8397e-04   -5.6889e-04    8.1790e-04
   3.0000e-01   -2.6000e+00   -1.5000e+00    2.6730e+00   -1.3620e+00   -6.4232e-04    8.7864e-04   -2.3505e-04    1.2143e-03
   3.0000e-01   -2.6000e+00   -1.5000e+00    2.7406e+00   -1.2202e+00   -1.8553e-04    1.0650e-03    2.5864e-04    1.4427e-03
   3.0000e-01   -2.6000e+00   -1.5000e+00    2.8007e+00   -1.0751e+00    2.7941e-04    1.0371e-03    6.6392e-04    1.4231e-03
   3.0000e-01   -2.6000e+00   -1.5000e+00    2.8532e+00   -9.2705e-01    6.6882e-04    8.3204e-04    1.0178e-03    1.2761e-03
   3.0000e-01   -2.6000e+00   -1.5000e+00    2.8978e+00   -7.7646e-01    9.3042e-04    5.1102e-04    1.2600e-03    1.0231e-03
   3.0000e-01   -2.6000e+00   -1.5000e+00    2.9344e+00   -6.2374e-01    1.0458e-03    1.4689e-04    1.4323e-03    7.4259e-04
   3.0000e-01   -2.6000e+00   -1.5000e+00    2.9631e+00   -4.6930e-01    1.0293e-03   -2.1214e-04    1.3561e-03    3.9901e-04
   3.0000e-01   -2.6000e+00   -1.5000e+00    2.9836e+00   -3.1359e-01    9.0911e-04   -5.1803e-04    1.2075e-03    1.3567e-04
   3.0000e-01   -2.6000e+00   -1.5000e+00    2.9959e+00   -1.5701e-01    7.1774e-04   -7.5562e-04    9.8711e-04    2.8891e-05
   3.0000e-01   -1.5000e+00   -2.6000e+00    3.0000e+00    0.0000e+00   -9.8714e-04    4.7770e-04   -9.4796e-04    7.1119e-04
   3.0000e-01   -1.5000e+00   -2.6000e+00    2.9959e+00    1.5701e-01   -6.5106e-04    8.7255e-04   -5.9776e-04    1.2494e-03
   3.0000e-01   -1.5000e+00   -2.6000e+00    2.9836e+00    3.1359e-01   -1.9724e-04    1.0630e-03   -2.0025e-04    1.4146e-03
   3.0000e-01   -1.5000e+00   -2.6000e+00    2.9631e+00    4.6930e-01    2.7365e-04    1.0388e-03    3.1415e-04    1.4136e-03
   3.0000e-01   -1.5000e+00   -2.6000e+00    2.9344e+00    6.2374e-01    6.6498e-04    8.3541e-04    7.1908e-04    1.3046e-03
   3.0000e-01   -1.5000e+00   -2.6000e+00    2.8978e+00    7.7646e-01    9.2785e-04    5.1601e-04    9.2352e-04    1.0553e-03
   3.0000e-01   -1.5000e+00   -2.6000e+00    2.8532e+00    9.2705e-01    1.0450e-03    1.5364e-04    1.0850e-03    7.8525e-04
   3.0000e-01   -1.5000e+00   -2.6000e+00    2.8007e+00    1.0751e+00    1.0306e-03   -2.0695e-04    1.0288e-03    4.8945e-04
   3.0000e-01   -1.5000e+00   -2.6000e+00    2.7406e+00    1.2202e+00    9.1049e-04   -5.1596e-04    9.2024e-04    1.1026e-04
   3.0000e-01   -1.5000e+00   -2.6000e+00    2.6730e+00    1.3620e+00    7.1703e-04   -7.5625e-04    7.5319e-04   -6.8324e-06
   3.0000e-01   -1.5000e+00   -2.6000e+00    2.5981e+00    1.5000e+00    4.9173e-04   -9.1455e-04    4.7478e-04   -7.7974e-05
   3.0000e-01   -1.5000e+00   -2.6000e+00    2.5160e+00    1.6339e+00    2.5896e-04   -1.0020e-03    2.5649e-04   -1.1652e-04
   3.0000e-01   -1.5000e+00   -2.6000e+00    2.4271e+00    1.7634e+00    3.2403e-05   -1.0313e-03    5.0675e-05   -1.1479e-04
   3.0000e-01   -1.5000e+00   -2.6000e+00    2.3314e+00    1.8880e+00   -1.6975e-04   -1.0150e-03   -1.1342e-04   -7.3308e-05
   3.0000e-01   -1.5000e+00   -2.6000e+00    2.2294e+00    2.0074e+00   -3.3049e-04   -9.7226e-04   -3.3404e-04    1.6203e-05
   3.0000e-01   -1.5000e+00   -2.6000e+00    2.1213e+00    2.1213e+00   -4.6059e-04   -9.1562e-04   -4.1934e-04    1.3711e-04
   3.0000e-01   -1.5000e+00   -2.6000e+00    2.0074e+00    2.2294e+00   -5.6603e-04   -8.5245e-04   -4.9275e-04    1.7227e-04
   3.0000e-01   -1.5000e+00   -2.6000e+00    1.8880e+00    2.3314e+00   -6.4391e-04   -7.9355e-04   -5.9770e-04    2.0017e-04
   3.0000e-01   -1.5000e+00   -2.6000e+00    1.7634e+00    2.4271e+00   -6.8991e-04   -7.5288e-04   -6.0154e-04    2.1923e-04
   3.0000e-01   -1.5000e+00   -2.6000e+00    1.6339e+00    2.5160e+00   -7.1621e-04   -7.2733e-04   -6.6070e-04    2.8422e-04
   3.0000e-01   -1.5000e+00   -2.6000e+00    1.5000e+00    2.5981e+00   -7.2759e-04   -7.1560e-04   -6.1073e-04    3.0117e-04
   3.0000e-01   -1.5000e+00   -2.6000e+00    1.3620e+00    2.6730e+00   -7.1986e-04   -7.2346e-04   -5.3769e-04    2.5949e-04
   3.0000e-01   -1.5000e+00   -2.6000e+00    1.2202e+00    2.7406e+00   -6.8973e-04   -7.5306e-04   -5.0528e-04    2.2308e-04
   3.0000e-01   -1.5000e+00   -2.6000e+00    1.0751e+00    2.8007e+00   -6.4018e-04   -7.9672e-04   -4.6627e-04    1.7261e-04
   3.0000e-01   -1.5000e+00   -2.6000e+00    9.2705e-01    2.8532e+00   -5.6536e-04   -8.5288e-04   -4.3823e-04    8.3241e-05
   3.0000e-01   -1.5000e+00   -2.6000e+00    7.7646e-01    2.8978e+00   -4.6719e-04   -9.1211e-04   -2.6095e-04   -4.3810e-05
   3.0000e-01   -1.5000e+00   -2.6000e+00    6.2374e-01    2.9344e+00   -3.3277e-04   -9.7141e-04   -1.5051e-04   -1.1877e-04
   3.0000e-01   -1.5000e+00   -2.6000e+00    4.6930e-01    2.9631e+00   -1.6660e-04   -1.0155e-03    4.0326e-05   -1.5244e-04
   3.0000e-01   -1.5000e+00   -2.6000e+00    3.1359e-01    2.9836e+00    3.4806e-05   -1.0312e-03    3.2338e-04   -3.0141e-04
   3.0000e-01   -1.5000e+00   -2.6000e+00    1.5701e-01    2.9959e+00    2.5568e-04   -1.0028e-03    5.5322e-04   -2.2674e-04
   3.0000e-01   -1.5000e+00   -2.6000e+00    0.0000e+00    3.0000e+00    4.8662e-04   -9.1717e-04    8.1420e-04   -2.2634e-04
   3.0000e-01   -1.5000e+00   -2.6000e+00   -1.5701e-01    2.9959e+00    7.1774e-04   -7.5562e-04    1.0718e-03   -1.0347e-04
   3.0000e-01   -1.5000e+00   -2.6000e+00   -3.1359e-01    2.9836e+00    9.0911e-04   -5.1803e-04    1.2343e-03    9.0013e-05
   3.0000e-01   -1.5000e+00   -2.6000e+00   -4.6930e-01    2.9631e+00    1.0293e-03   -2.1214e-04    1.4176e-03    4.5594e-04
   3.0000e-01   -1.5000e+00   -2.6000e+00   -6.2374e-01    2.9344e+00    1.0458e-03    1.4689e-04    1.4638e-03    6.4063e-04
   3.0000e-01   -1.5000e+00   -2.6000e+00   -7.7646e-01    2.8978e+00    9.3042e-04    5.1102e-04    1.4079e-03    9.6575e-04
   3.0000e-01   -1.5000e+00   -2.6000e+00   -9.2705e-01    2.8532e+00    6.6882e-04    8.3204e-04    1.1293e-03    1.2134e-03
   3.0000e-01   -1.5000e+00   -2.6000e+00   -1.0751e+00    2.8007e+00    2.7941e-04    1.0371e-03    7.9661e-04    1.3786e-03
   3.0000e-01   -1.5000e+00   -2.6000e+00   -1.2202e+00    2.7406e+00   -1.8553e-04    1.0650e-03    2.9329e-04    1.4238e-03
   3.0000e-01   -1.5000e+00   -2.6000e+00   -1.3620e+00    2.6730e+00   -6.4232e-04    8.7864e-04   -1.8682e-04    1.1483e-03
   3.0000e-01   -1.5000e+00   -2.6000e+00   -1.5000e+00    2.5981e+00   -9.8379e-04    4.8397e-04   -4.9918e-04    7.3506e-04
   3.0000e-01   -1.5000e+00   -2.6000e+00   -1.6339e+00    2.5160e+00   -1.1037e-03   -5.5297e-05   -6.8858e-04    1.3573e-04
   3.0000e-01   -1.5000e+00   -2.6000e+00   -1.7634e+00    2.4271e+00   -9.3491e-04   -6.0601e-04   -5.2584e-04   -4.9161e-04
   3.0000e-01   -1.5000e+00   -2.6000e+00   -1.8880e+00    2.3314e+00   -4.9042e-04   -1.0112e-03   -8.6294e-05   -8.6565e-04
   3.0000e-01   -1.5000e+00   -2.6000e+00   -2.0074e+00    2.2294e+00    1.3736e-04   -1.1261e-03    6.0287e-04   -9.6391e-04
   3.0000e-01   -1.5000e+00   -2.6000e+00   -2.1213e+00    2.1213e+00    7.5188e-04   -8.6435e-04    1.1316e-03   -8.6159e-04
   3.0000e-01   -1.5000e+00   -2.6000e+00   -2.2294e+00    2.0074e+00    1.1227e-03   -2.8146e-04    1.4400e-03   -2.2181e-04
   3.0000e-01   -1.5000e+00   -2.6000e+00   -2.3314e+00    1.8880e+00    1.0863e-03    4.3454e-04    1.3500e-03    3.9304e-04
   3.0000e-01   -1.5000e+00   -2.6000e+00   -2.4271e+00    1.7634e+00    6.0493e-04    1.0173e-03    8.6857e-04    1.0271e-03
   3.0000e-01   -1.5000e+00   -2.6000e+00   -2.5160e+00    1.6339e+00   -1.6376e-04    1.1868e-03    4.4911e-05    1.1503e-03
   3.0000e-01   -1.5000e+00   -2.6000e+00   -2.5981e+00    1.5000e+00   -8.9054e-04    8.2425e-04   -6.3766e-04    7.1996e-04
   3.0000e-01   -1.5000e+00   -2.6000e+00   -2.6730e+00    1.3620e+00   -1.2285e-03    5.3084e-05   -1.0495e-03   -1.1955e-04
   3.0000e-01   -1.5000e+00   -2.6000e+00   -2.7406e+00    1.2202e+00   -9.6513e-04   -7.9030e-04   -8.4985e-04   -9.2906e-04
   3.0000e-01   -1.5000e+00   -2.6000e+00   -2.8007e+00    1.0751e+00   -1.8057e-04   -1.2532e-03   -2.0055e-04   -1.3814e-03
   3.0000e-01   -1.5000e+00   -2.6000e+00   -2.8532e+00    9.2705e-01    7.4694e-04   -1.0471e-03    7.9127e-04   -1.2631e-03
   3.0000e-01   -1.5000e+00   -2.6000e+00   -2.8978e+00    7.7646e-01    1.2864e-03   -2.3480e-04    1.2230e-03   -4.2437e-04
   3.0000e-01   -1.5000e+00   -2.6000e+00   -2.9344e+00    6.2374e-01    1.0907e-03    7.6233e-04    1.0199e-03    5.8250e-04
   3.0000e-01   -1.5000e+00   -2.6000e+00   -2.9631e+00    4.6930e-01    2.0512e-04    1.3401e-03    8.0280e-05    1.1295e-03
   3.0000e-01   -1.5000e+00   -2.6000e+00   -2.9836e+00    3.1359e-01   -8.6198e-04    1.0810e-03   -9.7482e-04    8.8563e-04
   3.0000e-01   -1.5000e+00   -2.6000e+00   -2.9959e+00    1.5701e-01   -1.4085e-03    9.1961e-05   -1.5680e-03   -9.7235e-05
   3.0000e-01   -1.5000e+00   -2.6000e+00   -3.0000e+00    0.0000e+00   -1.0227e-03   -1.0178e-03   -1.1900e-03   -1.2057e-03
   3.0000e-01   -1.5000e+00   -2.6000e+00   -2.9959e+00   -1.5701e-01    1.0645e-04   -1.4730e-03   -6.7728e-05   -1.6547e-03
   3.0000e-01   -1.5000e+00   -2.6000e+00   -2.9836e+00   -3.1359e-01    1.2268e-03   -8.8720e-04    1.0357e-03   -1.0293e-03
   3.0000e-01   -1.5000e+00   -2.6000e+00   -2.9631e+00   -4.6930e-01    1.5023e-03    4.0018e-04    1.2110e-03    2.4460e-04
   3.0000e-01   -1.5000e+00   -2.6000e+00   -2.9344e+00   -6.2374e-01    6.3846e-04    1.4667e-03    4.5772e-04    1.2388e-03
   3.0000e-01   -1.5000e+00   -2.6000e+00   -2.8978e+00   -7.7646e-01   -7.8153e-04    1.4519e-03   -1.0329e-03    1.2440e-03
   3.0000e-01   -1.5000e+00   -2.6000e+00   -2.8532e+00   -9.2705e-01   -1.6815e-03    2.7364e-04   -1.9136e-03    9.3492e-05
   3.0000e-01   -1.5000e+00   -2.6000e+00   -2.8007e+00   -1.0751e+00   -1.2689e-03   -1.2275e-03   -1.5362e-03   -1.3825e-03
   3.0000e-01   -1.5000e+00   -2.6000e+00   -2.7406e+00   -1.2202e+00    2.4186e-04   -1.8186e-03    -2.2413e-05   -2.0315e-03
   3.0000e-01   -1.5000e+00   -2.6000e+00   -2.6730e+00   -1.3620e+00    1.6862e-03   -9.0466e-04    1.5043e-03   -1.0451e-03
   3.0000e-01   -1.5000e+00   -2.6000e+00   -2.5981e+00   -1.5000e+00    1.7992e-03    8.8287e-04    1.5785e-03    6.9383e-04
   3.0000e-01   -1.5000e+00   -2.6000e+00    0.0000e+00   -3.0000e+00    1.7867e-03    9.1095e-04    2.0154e-03    7.0410e-04
   3.0000e-01   -1.5000e+00   -2.6000e+00    1.5701e-01   -2.9959e+00    1.6972e-03   -8.8578e-04    1.8936e-03   -1.0661e-03
   3.0000e-01   -1.5000e+00   -2.6000e+00    3.1359e-01   -2.9836e+00    2.7172e-04   -1.8154e-03    4.9387e-04   -1.9556e-03
   3.0000e-01   -1.5000e+00   -2.6000e+00    4.6930e-01   -2.9631e+00   -1.2553e-03   -1.2422e-03   -1.0060e-03   -1.3109e-03
   3.0000e-01   -1.5000e+00   -2.6000e+00    6.2374e-01   -2.9344e+00   -1.6852e-03    2.5429e-04   -1.4141e-03    2.4536e-04
   3.0000e-01   -1.5000e+00   -2.6000e+00    7.7646e-01   -2.8978e+00   -7.9776e-04    1.4436e-03   -5.4496e-04    1.3736e-03
   3.0000e-01   -1.5000e+00   -2.6000e+00    9.2705e-01   -2.8532e+00    6.2070e-04    1.4748e-03    9.0354e-04    1.4388e-03
   3.0000e-01   -1.5000e+00   -2.6000e+00    1.0751e+00   -2.8007e+00    1.4983e-03    4.1698e-04    1.7566e-03    3.6179e-04
   3.0000e-01   -1.5000e+00   -2.6000e+00    1.2202e+00   -2.7406e+00    1.2384e-03   -8.7194e-04    1.5741e-03   -9.8083e-04
   3.0000e-01   -1.5000e+00   -2.6000e+00    1.3620e+00   -2.6730e+00    1.1651e-04   -1.4724e-03    3.9212e-04   -1.5346e-03
   3.0000e-01   -1.5000e+00   -2.6000e+00    1.5000e+00   -2.5981e+00   -1.0140e-03   -1.0270e-03   -7.4977e-04   -1.1380e-03
   3.0000e-01   -1.5000e+00   -2.6000e+00    1.6339e+00   -2.5160e+00   -1.4095e-03    7.8570e-05   -1.0612e-03    -8.0567e-06
   3.0000e-01   -1.5000e+00   -2.6000e+00    1.7634e+00   -2.4271e+00   -8.6586e-04    1.0780e-03   -5.2197e-04    9.7927e-04
   3.0000e-01   -1.5000e+00   -2.6000e+00    1.8880e+00   -2.3314e+00    1.9757e-04    1.3413e-03    4.6792e-04    1.2877e-03
   3.0000e-01   -1.5000e+00   -2.6000e+00    2.0074e+00   -2.2294e+00    1.0814e-03    7.7600e-04    1.3491e-03    6.5967e-04
   3.0000e-01   -1.5000e+00   -2.6000e+00    2.1213e+00   -2.1213e+00    1.2896e-03   -2.1856e-04    1.5344e-03   -2.9258e-04
   3.0000e-01   -1.5000e+00   -2.6000e+00    2.2294e+00   -2.0074e+00    7.5145e-04   -1.0441e-03    9.9214e-04   -1.1269e-03
   3.0000e-01   -1.5000e+00   -2.6000e+00    2.3314e+00   -1.8880e+00   -1.7340e-04   -1.2542e-03    1.3384e-06   -1.3619e-03
   3.0000e-01   -1.5000e+00   -2.6000e+00    2.4271e+00   -1.7634e+00   -9.5842e-04   -7.9852e-04   -7.1530e-04   -9.0151e-04
   3.0000e-01   -1.5000e+00   -2.6000e+00    2.5160e+00   -1.6339e+00   -1.2295e-03    3.6530e-05   -1.0256e-03   -7.5091e-05
   3.0000e-01   -1.5000e+00   -2.6000e+00    2.5981e+00   -1.5000e+00   -8.9682e-04    8.1751e-04   -6.6476e-04    7.9940e-04
   3.0000e-01   -1.5000e+00   -2.6000e+00    2.6730e+00   -1.3620e+00   -1.7128e-04    1.1858e-03    -5.0238e-06    1.1131e-03
   3.0000e-01   -1.5000e+00   -2.6000e+00    2.7406e+00   -1.2202e+00    5.9562e-04    1.0231e-03    8.3658e-04    9.8775e-04
   3.0000e-01   -1.5000e+00   -2.6000e+00    2.8007e+00   -1.0751e+00    1.0809e-03    4.4881e-04    1.2691e-03    4.0342e-04
   3.0000e-01   -1.5000e+00   -2.6000e+00    2.8532e+00   -9.2705e-01    1.1245e-03   -2.7469e-04    1.3024e-03   -2.8367e-04
   3.0000e-01   -1.5000e+00   -2.6000e+00    2.8978e+00   -7.7646e-01    7.5473e-04   -8.6193e-04    8.3740e-04   -8.6607e-04
   3.0000e-01   -1.5000e+00   -2.6000e+00    2.9344e+00   -6.2374e-01    1.4886e-04   -1.1248e-03    2.2540e-04   -1.0220e-03
   3.0000e-01   -1.5000e+00   -2.6000e+00    2.9631e+00   -4.6930e-01   -4.7914e-04   -1.0169e-03   -3.1576e-04   -9.5248e-04
   3.0000e-01   -1.5000e+00   -2.6000e+00    2.9836e+00   -3.1359e-01   -9.3007e-04   -6.1379e-04   -7.8265e-04   -3.8750e-04
   3.0000e-01   -1.5000e+00   -2.6000e+00    2.9959e+00   -1.5701e-01   -1.1035e-03   -6.2410e-05   -1.0229e-03    1.6823e-04
   3.0000e-01    0.0000e+00   -3.0000e+00    3.0000e+00    0.0000e+00   -9.0095e-04    8.1333e-04   -1.1054e-03    6.2223e-04
   3.0000e-01    0.0000e+00   -3.0000e+00    2.9959e+00    1.5701e-01   -1.7874e-04    1.1850e-03   -4.2426e-04    1.0104e-03
   3.0000e-01    0.0000e+00   -3.0000e+00    2.9836e+00    3.1359e-01    5.8602e-04    1.0288e-03    3.8265e-04    8.2202e-04
   3.0000e-01    0.0000e+00   -3.0000e+00    2.9631e+00    4.6930e-01    1.0790e-03    4.5350e-04    9.2895e-04    3.5662e-04
   3.0000e-01    0.0000e+00   -3.0000e+00    2.9344e+00    6.2374e-01    1.1258e-03   -2.6989e-04    9.9638e-04   -3.3137e-04
   3.0000e-01    0.0000e+00   -3.0000e+00    2.8978e+00    7.7646e-01    7.5908e-04   -8.5828e-04    7.4898e-04   -9.2350e-04
   3.0000e-01    0.0000e+00   -3.0000e+00    2.8532e+00    9.2705e-01    1.5644e-04   -1.1239e-03    3.0550e-05   -1.0589e-03
   3.0000e-01    0.0000e+00   -3.0000e+00    2.8007e+00    1.0751e+00   -4.7323e-04   -1.0199e-03   -4.4718e-04   -9.7094e-04
   3.0000e-01    0.0000e+00   -3.0000e+00    2.7406e+00    1.2202e+00   -9.2712e-04   -6.1857e-04   -8.8793e-04   -5.1913e-04
   3.0000e-01    0.0000e+00   -3.0000e+00    2.6730e+00    1.3620e+00   -1.1034e-03   -6.3558e-05   -1.0494e-03    1.2161e-04
   3.0000e-01    0.0000e+00   -3.0000e+00    2.5981e+00    1.5000e+00   -9.9048e-04    4.7103e-04   -8.6807e-04    7.6886e-04
   3.0000e-01    0.0000e+00   -3.0000e+00    2.5160e+00    1.6339e+00   -6.5633e-04    8.6867e-04   -6.0560e-04    1.2598e-03
   3.0000e-01    0.0000e+00   -3.0000e+00    2.4271e+00    1.7634e+00   -1.9768e-04    1.0630e-03   -1.2889e-04    1.3856e-03
   3.0000e-01    0.0000e+00   -3.0000e+00    2.3314e+00    1.8880e+00    2.7247e-04    1.0390e-03    4.8470e-04    1.3963e-03
   3.0000e-01    0.0000e+00   -3.0000e+00    2.2294e+00    2.0074e+00    6.5832e-04    8.4073e-04    8.1160e-04    1.2808e-03
   3.0000e-01    0.0000e+00   -3.0000e+00    2.1213e+00    2.1213e+00    9.2174e-04    5.2726e-04    1.1452e-03    1.0271e-03
   3.0000e-01    0.0000e+00   -3.0000e+00    2.0074e+00    2.2294e+00    1.0445e-03    1.5764e-04    1.2559e-03    6.9790e-04
   3.0000e-01    0.0000e+00   -3.0000e+00    1.8880e+00    2.3314e+00    1.0309e-03   -2.0482e-04    1.3244e-03    4.2840e-04
   3.0000e-01    0.0000e+00   -3.0000e+00    1.7634e+00    2.4271e+00    9.1390e-04   -5.0977e-04    1.2198e-03    6.8001e-05
   3.0000e-01    0.0000e+00   -3.0000e+00    1.6339e+00    2.5160e+00    7.2687e-04   -7.4705e-04    1.0440e-03   -1.0265e-04
   3.0000e-01    0.0000e+00   -3.0000e+00    1.5000e+00    2.5981e+00    4.9869e-04   -9.1080e-04    8.8718e-04   -2.6644e-04
   3.0000e-01    0.0000e+00   -3.0000e+00    1.3620e+00    2.6730e+00    2.6298e-04   -1.0010e-03    6.4467e-04   -2.9822e-04
   3.0000e-01    0.0000e+00   -3.0000e+00    1.2202e+00    2.7406e+00    4.2211e-05   -1.0311e-03    4.6567e-04   -2.2603e-04
   3.0000e-01    0.0000e+00   -3.0000e+00    1.0751e+00    2.8007e+00   -1.5492e-04   -1.0176e-03    2.4485e-04   -1.9185e-04
   3.0000e-01    0.0000e+00   -3.0000e+00    9.2705e-01    2.8532e+00   -3.2103e-04   -9.7542e-04    7.0594e-05   -1.1629e-04
   3.0000e-01    0.0000e+00   -3.0000e+00    7.7646e-01    2.8978e+00   -4.5735e-04   -9.1719e-04   -4.1380e-05   -3.4697e-05
   3.0000e-01    0.0000e+00   -3.0000e+00    6.2374e-01    2.9344e+00   -5.5748e-04   -8.5822e-04   -1.3064e-04    -7.3722e-05
   3.0000e-01    0.0000e+00   -3.0000e+00    4.6930e-01    2.9631e+00   -6.3216e-04   -8.0316e-04   -2.1946e-04    1.4307e-04
   3.0000e-01    0.0000e+00   -3.0000e+00    3.1359e-01    2.9836e+00   -6.7957e-04   -7.6235e-04   -1.9291e-04    1.4430e-04
   3.0000e-01    0.0000e+00   -3.0000e+00    1.5701e-01    2.9959e+00   -7.0919e-04   -7.3424e-04   -2.7640e-04    1.6213e-04
   3.0000e-01    0.0000e+00   -3.0000e+00    0.0000e+00    3.0000e+00   -7.2250e-04   -7.2081e-04   -2.5592e-04    2.0869e-04
   3.0000e-01    0.0000e+00   -3.0000e+00   -1.5701e-01    2.9959e+00   -7.0919e-04   -7.3424e-04   -3.0773e-04    1.9874e-04
   3.0000e-01    0.0000e+00   -3.0000e+00   -3.1359e-01    2.9836e+00   -6.7957e-04   -7.6235e-04   -2.0098e-04    1.0539e-04
   3.0000e-01    0.0000e+00   -3.0000e+00   -4.6930e-01    2.9631e+00   -6.3216e-04   -8.0316e-04   -2.0745e-04    1.0436e-04
   3.0000e-01    0.0000e+00   -3.0000e+00   -6.2374e-01    2.9344e+00   -5.5748e-04   -8.5822e-04   -1.0625e-04    1.9608e-06
   3.0000e-01    0.0000e+00   -3.0000e+00   -7.7646e-01    2.8978e+00   -4.5735e-04   -9.1719e-04   -5.8974e-05   -7.8589e-05
   3.0000e-01    0.0000e+00   -3.0000e+00   -9.2705e-01    2.8532e+00   -3.2103e-04   -9.7542e-04    9.7116e-05   -1.2535e-04
   3.0000e-01    0.0000e+00   -3.0000e+00   -1.0751e+00    2.8007e+00   -1.5492e-04   -1.0176e-03    2.3608e-04   -2.6050e-04
   3.0000e-01    0.0000e+00   -3.0000e+00   -1.2202e+00    2.7406e+00    4.2211e-05   -1.0311e-03    3.7892e-04   -2.3096e-04
   3.0000e-01    0.0000e+00   -3.0000e+00   -1.3620e+00    2.6730e+00    2.6298e-04   -1.0010e-03    5.7926e-04   -2.5078e-04
   3.0000e-01    0.0000e+00   -3.0000e+00   -1.5000e+00    2.5981e+00    4.9869e-04   -9.1080e-04    8.2549e-04   -2.2703e-04
   3.0000e-01    0.0000e+00   -3.0000e+00   -1.6339e+00    2.5160e+00    7.2687e-04   -7.4705e-04    1.0440e-03   -1.8287e-05
   3.0000e-01    0.0000e+00   -3.0000e+00   -1.7634e+00    2.4271e+00    9.1390e-04   -5.0977e-04    1.2183e-03    1.0316e-04
   3.0000e-01    0.0000e+00   -3.0000e+00   -1.8880e+00    2.3314e+00    1.0309e-03   -2.0482e-04    1.2469e-03    3.9197e-04
   3.0000e-01    0.0000e+00   -3.0000e+00   -2.0074e+00    2.2294e+00    1.0445e-03    1.5764e-04    1.3250e-03    7.1298e-04
   3.0000e-01    0.0000e+00   -3.0000e+00   -2.1213e+00    2.1213e+00    9.2174e-04    5.2726e-04    1.1714e-03    1.0304e-03
   3.0000e-01    0.0000e+00   -3.0000e+00   -2.2294e+00    2.0074e+00    6.5832e-04    8.4073e-04    7.8729e-04    1.2743e-03
   3.0000e-01    0.0000e+00   -3.0000e+00   -2.3314e+00    1.8880e+00    2.7247e-04    1.0390e-03    4.3758e-04    1.4498e-03
   3.0000e-01    0.0000e+00   -3.0000e+00   -2.4271e+00    1.7634e+00   -1.9768e-04    1.0630e-03   -1.0571e-04    1.3948e-03
   3.0000e-01    0.0000e+00   -3.0000e+00   -2.5160e+00    1.6339e+00   -6.5633e-04    8.6867e-04   -5.6837e-04    1.1987e-03
   3.0000e-01    0.0000e+00   -3.0000e+00   -2.5981e+00    1.5000e+00   -9.9048e-04    4.7103e-04   -9.1305e-04    7.2715e-04
   3.0000e-01    0.0000e+00   -3.0000e+00   -2.6730e+00    1.3620e+00   -1.1034e-03   -6.3558e-05   -1.0823e-03    8.1184e-05
   3.0000e-01    0.0000e+00   -3.0000e+00   -2.7406e+00    1.2202e+00   -9.2712e-04   -6.1857e-04   -9.9555e-04   -4.8882e-04
   3.0000e-01    0.0000e+00   -3.0000e+00   -2.8007e+00    1.0751e+00   -4.7323e-04   -1.0199e-03   -4.9555e-04   -9.1997e-04
   3.0000e-01    0.0000e+00   -3.0000e+00   -2.8532e+00    9.2705e-01    1.5644e-04   -1.1239e-03    8.5427e-05   -1.1399e-03
   3.0000e-01    0.0000e+00   -3.0000e+00   -2.8978e+00    7.7646e-01    7.5908e-04   -8.5828e-04    5.8518e-04   -8.2150e-04
   3.0000e-01    0.0000e+00   -3.0000e+00   -2.9344e+00    6.2374e-01    1.1258e-03   -2.6989e-04    9.7824e-04   -3.6422e-04
   3.0000e-01    0.0000e+00   -3.0000e+00   -2.9631e+00    4.6930e-01    1.0790e-03    4.5350e-04    9.4187e-04    3.7792e-04
   3.0000e-01    0.0000e+00   -3.0000e+00   -2.9836e+00    3.1359e-01    5.8602e-04    1.0288e-03    5.0555e-04    9.5298e-04
   3.0000e-01    0.0000e+00   -3.0000e+00   -2.9959e+00    1.5701e-01   -1.7874e-04    1.1850e-03   -3.7091e-04    1.0253e-03
   3.0000e-01    0.0000e+00   -3.0000e+00   -3.0000e+00    0.0000e+00   -9.0095e-04    8.1333e-04   -1.1102e-03    6.2715e-04
   3.0000e-01    0.0000e+00   -3.0000e+00   -2.9959e+00   -1.5701e-01   -1.2297e-03    3.3121e-05   -1.5069e-03   -1.4220e-04
   3.0000e-01    0.0000e+00   -3.0000e+00   -2.9836e+00   -3.1359e-01   -9.5654e-04   -8.0100e-04   -1.1738e-03   -1.1341e-03
   3.0000e-01    0.0000e+00   -3.0000e+00   -2.9631e+00   -4.6930e-01   -1.6658e-04   -1.2554e-03   -4.1700e-04   -1.5355e-03
   3.0000e-01    0.0000e+00   -3.0000e+00   -2.9344e+00   -6.2374e-01    7.5756e-04   -1.0399e-03    5.7202e-04   -1.3062e-03
   3.0000e-01    0.0000e+00   -3.0000e+00   -2.8978e+00   -7.7646e-01    1.2893e-03   -2.2034e-04    1.1315e-03   -5.5424e-04
   3.0000e-01    0.0000e+00   -3.0000e+00   -2.8532e+00   -9.2705e-01    1.0825e-03    7.7461e-04    8.4541e-04    5.2992e-04
   3.0000e-01    0.0000e+00   -3.0000e+00   -2.8007e+00   -1.0751e+00    1.9048e-04    1.3427e-03    -1.3495e-05    1.0158e-03
   3.0000e-01    0.0000e+00   -3.0000e+00   -2.7406e+00   -1.2202e+00   -8.6808e-04    1.0765e-03   -1.0460e-03    7.5967e-04
   3.0000e-01    0.0000e+00   -3.0000e+00   -2.6730e+00   -1.3620e+00   -1.4096e-03    7.8720e-05   -1.5243e-03   -1.6663e-04
   3.0000e-01    0.0000e+00   -3.0000e+00   -2.5981e+00   -1.5000e+00   -1.0149e-03   -1.0260e-03   -1.1798e-03   -1.3185e-03
   3.0000e-01    0.0000e+00   -3.0000e+00   -2.5160e+00   -1.6339e+00    1.2244e-04   -1.4723e-03    4.7120e-05   -1.7439e-03
   3.0000e-01    0.0000e+00   -3.0000e+00   -2.4271e+00   -1.7634e+00    1.2379e-03   -8.7250e-04    1.2237e-03   -1.1328e-03
   3.0000e-01    0.0000e+00   -3.0000e+00   -2.3314e+00   -1.8880e+00    1.4992e-03    4.1292e-04    1.4653e-03    1.1902e-04
   3.0000e-01    0.0000e+00   -3.0000e+00   -2.2294e+00   -2.0074e+00    6.3001e-04    1.4707e-03    5.8588e-04    1.2171e-03
   3.0000e-01    0.0000e+00   -3.0000e+00   -2.1213e+00   -2.1213e+00   -7.9867e-04    1.4433e-03   -7.3962e-04    1.2519e-03
   3.0000e-01    0.0000e+00   -3.0000e+00   -2.0074e+00   -2.2294e+00   -1.6858e-03    2.5140e-04   -1.6072e-03    1.2670e-04
   3.0000e-01    0.0000e+00   -3.0000e+00   -1.8880e+00   -2.3314e+00   -1.2613e-03   -1.2357e-03   -1.1384e-03   -1.4482e-03
   3.0000e-01    0.0000e+00   -3.0000e+00   -1.7634e+00   -2.4271e+00    2.5666e-04   -1.8170e-03    4.3052e-04   -2.0305e-03
   3.0000e-01    0.0000e+00   -3.0000e+00   -1.6339e+00   -2.5160e+00    1.6940e-03   -8.9140e-04    1.8942e-03   -1.1284e-03
   3.0000e-01    0.0000e+00   -3.0000e+00   -1.5000e+00   -2.5981e+00    1.7913e-03    9.0077e-04    2.0386e-03    7.5732e-04
   3.0000e-01    0.0000e+00   -3.0000e+00    1.5000e+00   -2.5981e+00    1.7913e-03    9.0077e-04    2.0215e-03    7.6056e-04
   3.0000e-01    0.0000e+00   -3.0000e+00    1.6339e+00   -2.5160e+00    1.6940e-03   -8.9140e-04    1.8397e-03   -1.0856e-03
   3.0000e-01    0.0000e+00   -3.0000e+00    1.7634e+00   -2.4271e+00    2.5666e-04   -1.8170e-03    4.7407e-04   -1.9767e-03
   3.0000e-01    0.0000e+00   -3.0000e+00    1.8880e+00   -2.3314e+00   -1.2613e-03   -1.2357e-03   -1.1575e-03   -1.4149e-03
   3.0000e-01    0.0000e+00   -3.0000e+00    2.0074e+00   -2.2294e+00   -1.6858e-03    2.5140e-04   -1.5783e-03    1.1314e-04
   3.0000e-01    0.0000e+00   -3.0000e+00    2.1213e+00   -2.1213e+00   -7.9867e-04    1.4433e-03   -6.9937e-04    1.2331e-03
   3.0000e-01    0.0000e+00   -3.0000e+00    2.2294e+00   -2.0074e+00    6.3001e-04    1.4707e-03    6.3640e-04    1.2962e-03
   3.0000e-01    0.0000e+00   -3.0000e+00    2.3314e+00   -1.8880e+00    1.4992e-03    4.1292e-04    1.4829e-03    1.2789e-04
   3.0000e-01    0.0000e+00   -3.0000e+00    2.4271e+00   -1.7634e+00    1.2379e-03   -8.7250e-04    1.1483e-03   -1.1689e-03
   3.0000e-01    0.0000e+00   -3.0000e+00    2.5160e+00   -1.6339e+00    1.2244e-04   -1.4723e-03    3.3225e-05   -1.7188e-03
   3.0000e-01    0.0000e+00   -3.0000e+00    2.5981e+00   -1.5000e+00   -1.0149e-03   -1.0260e-03   -1.0880e-03   -1.2655e-03
   3.0000e-01    0.0000e+00   -3.0000e+00    2.6730e+00   -1.3620e+00   -1.4096e-03    7.8720e-05   -1.5385e-03   -1.7716e-04
   3.0000e-01    0.0000e+00   -3.0000e+00    2.7406e+00   -1.2202e+00   -8.6808e-04    1.0765e-03   -9.4372e-04    8.2101e-04
   3.0000e-01    0.0000e+00   -3.0000e+00    2.8007e+00   -1.0751e+00    1.9048e-04    1.3427e-03    6.9440e-05    9.9922e-04
   3.0000e-01    0.0000e+00   -3.0000e+00    2.8532e+00   -9.2705e-01    1.0825e-03    7.7461e-04    8.5768e-04    4.6314e-04
   3.0000e-01    0.0000e+00   -3.0000e+00    2.8978e+00   -7.7646e-01    1.2893e-03   -2.2034e-04    9.7858e-04   -4.9308e-04
   3.0000e-01    0.0000e+00   -3.0000e+00    2.9344e+00   -6.2374e-01    7.5756e-04   -1.0399e-03    5.8713e-04   -1.3243e-03
   3.0000e-01    0.0000e+00   -3.0000e+00    2.9631e+00   -4.6930e-01   -1.6658e-04   -1.2554e-03   -3.8648e-04   -1.5365e-03
   3.0000e-01    0.0000e+00   -3.0000e+00    2.9836e+00   -3.1359e-01   -9.5654e-04   -8.0100e-04   -1.2020e-03   -1.0224e-03
   3.0000e-01    0.0000e+00   -3.0000e+00    2.9959e+00   -1.5701e-01   -1.2297e-03    3.3121e-05   -1.4980e-03   -1.3315e-04
   3.0000e-01    1.5000e+00   -2.6000e+00    3.0000e+00    0.0000e+00   -1.0227e-03   -1.0178e-03   -1.2773e-03   -1.1882e-03
   3.0000e-01    1.5000e+00   -2.6000e+00    2.9959e+00    1.5701e-01   -1.4085e-03    9.1961e-05   -1.5822e-03   -3.4106e-05
   3.0000e-01    1.5000e+00   -2.6000e+00    2.9836e+00    3.1359e-01   -8.6198e-04    1.0810e-03   -9.5810e-04    8.2653e-04
   3.0000e-01    1.5000e+00   -2.6000e+00    2.9631e+00    4.6930e-01    2.0512e-04    1.3401e-03    2.6501e-05    1.1297e-03
   3.0000e-01    1.5000e+00   -2.6000e+00    2.9344e+00    6.2374e-01    1.0907e-03    7.6233e-04    1.0209e-03    5.8681e-04
   3.0000e-01    1.5000e+00   -2.6000e+00    2.8978e+00    7.7646e-01    1.2864e-03   -2.3480e-04    1.2760e-03   -3.7211e-04
   3.0000e-01    1.5000e+00   -2.6000e+00    2.8532e+00    9.2705e-01    7.4694e-04   -1.0471e-03    7.2806e-04   -1.2670e-03
   3.0000e-01    1.5000e+00   -2.6000e+00    2.8007e+00    1.0751e+00   -1.8057e-04   -1.2532e-03   -9.6538e-05   -1.4100e-03
   3.0000e-01    1.5000e+00   -2.6000e+00    2.7406e+00    1.2202e+00   -9.6513e-04   -7.9030e-04   -8.5041e-04   -9.4473e-04
   3.0000e-01    1.5000e+00   -2.6000e+00    2.6730e+00    1.3620e+00   -1.2285e-03    5.3084e-05   -1.0730e-03   -8.4382e-06
   3.0000e-01    1.5000e+00   -2.6000e+00    2.5981e+00    1.5000e+00   -8.9054e-04    8.2425e-04   -7.4552e-04    6.8108e-04
   3.0000e-01    1.5000e+00   -2.6000e+00    2.5160e+00    1.6339e+00   -1.6376e-04    1.1868e-03    1.0569e-04    1.1674e-03
   3.0000e-01    1.5000e+00   -2.6000e+00    2.4271e+00    1.7634e+00    6.0493e-04    1.0173e-03    8.8181e-04    9.1643e-04
   3.0000e-01    1.5000e+00   -2.6000e+00    2.3314e+00    1.8880e+00    1.0863e-03    4.3454e-04    1.3330e-03    4.1425e-04
   3.0000e-01    1.5000e+00   -2.6000e+00    2.2294e+00    2.0074e+00    1.1227e-03   -2.8146e-04    1.4297e-03   -2.0095e-04
   3.0000e-01    1.5000e+00   -2.6000e+00    2.1213e+00    2.1213e+00    7.5188e-04   -8.6435e-04    1.2197e-03   -8.2238e-04
   3.0000e-01    1.5000e+00   -2.6000e+00    2.0074e+00    2.2294e+00    1.3736e-04   -1.1261e-03    5.6206e-04   -1.0639e-03
   3.0000e-01    1.5000e+00   -2.6000e+00    1.8880e+00    2.3314e+00   -4.9042e-04   -1.0112e-03   -2.0545e-05   -9.1042e-04
   3.0000e-01    1.5000e+00   -2.6000e+00    1.7634e+00    2.4271e+00   -9.3491e-04   -6.0601e-04   -4.8879e-04   -4.1427e-04
   3.0000e-01    1.5000e+00   -2.6000e+00    1.6339e+00    2.5160e+00   -1.1037e-03   -5.5297e-05   -6.2554e-04    2.0733e-04
   3.0000e-01    1.5000e+00   -2.6000e+00    1.5000e+00    2.5981e+00   -9.8379e-04    4.8397e-04   -5.8084e-04    6.8958e-04
   3.0000e-01    1.5000e+00   -2.6000e+00    1.3620e+00    2.6730e+00   -6.4232e-04    8.7864e-04   -2.0884e-04    1.1792e-03
   3.0000e-01    1.5000e+00   -2.6000e+00    1.2202e+00    2.7406e+00   -1.8553e-04    1.0650e-03    2.6137e-04    1.4043e-03
   3.0000e-01    1.5000e+00   -2.6000e+00    1.0751e+00    2.8007e+00    2.7941e-04    1.0371e-03    6.9656e-04    1.3982e-03
   3.0000e-01    1.5000e+00   -2.6000e+00    9.2705e-01    2.8532e+00    6.6882e-04    8.3204e-04    1.2044e-03    1.3057e-03
   3.0000e-01    1.5000e+00   -2.6000e+00    7.7646e-01    2.8978e+00    9.3042e-04    5.1102e-04    1.3026e-03    9.8487e-04
   3.0000e-01    1.5000e+00   -2.6000e+00    6.2374e-01    2.9344e+00    1.0458e-03    1.4689e-04    1.5019e-03    6.3924e-04
   3.0000e-01    1.5000e+00   -2.6000e+00    4.6930e-01    2.9631e+00    1.0293e-03   -2.1214e-04    1.3976e-03    3.7176e-04
   3.0000e-01    1.5000e+00   -2.6000e+00    3.1359e-01    2.9836e+00    9.0911e-04   -5.1803e-04    1.3004e-03    1.1198e-04
   3.0000e-01    1.5000e+00   -2.6000e+00    1.5701e-01    2.9959e+00    7.1774e-04   -7.5562e-04    1.0796e-03   -1.3141e-05
   3.0000e-01    1.5000e+00   -2.6000e+00    0.0000e+00    3.0000e+00    4.8474e-04   -9.1813e-04    8.0044e-04   -2.3483e-04
   3.0000e-01    1.5000e+00   -2.6000e+00   -1.5701e-01    2.9959e+00    2.5568e-04   -1.0028e-03    5.9687e-04   -2.2759e-04
   3.0000e-01    1.5000e+00   -2.6000e+00   -3.1359e-01    2.9836e+00    3.4806e-05   -1.0312e-03    2.8153e-04   -1.9198e-04
   3.0000e-01    1.5000e+00   -2.6000e+00   -4.6930e-01    2.9631e+00   -1.6660e-04   -1.0155e-03    5.5727e-05   -1.8416e-04
   3.0000e-01    1.5000e+00   -2.6000e+00   -6.2374e-01    2.9344e+00   -3.3277e-04   -9.7141e-04   -9.2480e-05   -1.2849e-04
   3.0000e-01    1.5000e+00   -2.6000e+00   -7.7646e-01    2.8978e+00   -4.6719e-04   -9.1211e-04   -1.9589e-04   -9.5861e-05
   3.0000e-01    1.5000e+00   -2.6000e+00   -9.2705e-01    2.8532e+00   -5.6536e-04   -8.5288e-04   -3.8913e-04    4.7648e-05
   3.0000e-01    1.5000e+00   -2.6000e+00   -1.0751e+00    2.8007e+00   -6.4018e-04   -7.9672e-04   -4.2701e-04    2.2011e-04
   3.0000e-01    1.5000e+00   -2.6000e+00   -1.2202e+00    2.7406e+00   -6.8973e-04   -7.5306e-04   -5.0181e-04    2.7964e-04
   3.0000e-01    1.5000e+00   -2.6000e+00   -1.3620e+00    2.6730e+00   -7.1986e-04   -7.2346e-04   -6.6042e-04    2.8020e-04
   3.0000e-01    1.5000e+00   -2.6000e+00   -1.5000e+00    2.5981e+00   -7.2759e-04   -7.1560e-04   -6.5867e-04    2.7998e-04
   3.0000e-01    1.5000e+00   -2.6000e+00   -1.6339e+00    2.5160e+00   -7.1621e-04   -7.2733e-04   -6.0873e-04    2.9169e-04
   3.0000e-01    1.5000e+00   -2.6000e+00   -1.7634e+00    2.4271e+00   -6.8991e-04   -7.5288e-04   -5.5456e-04    1.8955e-04
   3.0000e-01    1.5000e+00   -2.6000e+00   -1.8880e+00    2.3314e+00   -6.4391e-04   -7.9355e-04   -6.0030e-04    1.6071e-04
   3.0000e-01    1.5000e+00   -2.6000e+00   -2.0074e+00    2.2294e+00   -5.6603e-04   -8.5245e-04   -5.7052e-04    1.8162e-04
   3.0000e-01    1.5000e+00   -2.6000e+00   -2.1213e+00    2.1213e+00   -4.6059e-04   -9.1562e-04   -4.1344e-04    1.2074e-04
   3.0000e-01    1.5000e+00   -2.6000e+00   -2.2294e+00    2.0074e+00   -3.3049e-04   -9.7226e-04   -2.5261e-04   -1.5073e-05
   3.0000e-01    1.5000e+00   -2.6000e+00   -2.3314e+00    1.8880e+00   -1.6975e-04   -1.0150e-03   -1.7399e-04   -5.4260e-05
   3.0000e-01    1.5000e+00   -2.6000e+00   -2.4271e+00    1.7634e+00    3.2403e-05   -1.0313e-03    2.8311e-05   -1.8640e-04
   3.0000e-01    1.5000e+00   -2.6000e+00   -2.5160e+00    1.6339e+00    2.5896e-04   -1.0020e-03    2.3156e-04   -1.4939e-04
   3.0000e-01    1.5000e+00   -2.6000e+00   -2.5981e+00    1.5000e+00    4.9173e-04   -9.1455e-04    5.5367e-04   -1.1032e-04
   3.0000e-01    1.5000e+00   -2.6000e+00   -2.6730e+00    1.3620e+00    7.1703e-04   -7.5625e-04    7.7895e-04   -4.8103e-07
   3.0000e-01    1.5000e+00   -2.6000e+00   -2.7406e+00    1.2202e+00    9.1049e-04   -5.1596e-04    9.1181e-04    2.8277e-04
   3.0000e-01    1.5000e+00   -2.6000e+00   -2.8007e+00    1.0751e+00    1.0306e-03   -2.0695e-04    1.1181e-03    4.4267e-04
   3.0000e-01    1.5000e+00   -2.6000e+00   -2.8532e+00    9.2705e-01    1.0450e-03    1.5364e-04    1.0401e-03    6.7806e-04
   3.0000e-01    1.5000e+00   -2.6000e+00   -2.8978e+00    7.7646e-01    9.2785e-04    5.1601e-04    9.7752e-04    1.0302e-03
   3.0000e-01    1.5000e+00   -2.6000e+00   -2.9344e+00    6.2374e-01    6.6498e-04    8.3541e-04    7.2465e-04    1.3108e-03
   3.0000e-01    1.5000e+00   -2.6000e+00   -2.9631e+00    4.6930e-01    2.7365e-04    1.0388e-03    3.4243e-04    1.4839e-03
   3.0000e-01    1.5000e+00   -2.6000e+00   -2.9836e+00    3.1359e-01   -1.9724e-04    1.0630e-03   -1.2271e-04    1.3809e-03
   3.0000e-01    1.5000e+00   -2.6000e+00   -2.9959e+00    1.5701e-01   -6.5106e-04    8.7255e-04   -6.0336e-04    1.1816e-03
   3.0000e-01    1.5000e+00   -2.6000e+00   -3.0000e+00    0.0000e+00   -9.8714e-04    4.7770e-04   -9.3574e-04    7.3693e-04
   3.0000e-01    1.5000e+00   -2.6000e+00   -2.9959e+00   -1.5701e-01   -1.1035e-03   -6.2410e-05   -9.7376e-04    1.1890e-04
   3.0000e-01    1.5000e+00   -2.6000e+00   -2.9836e+00   -3.1359e-01   -9.3007e-04   -6.1379e-04   -8.4091e-04   -5.4267e-04
   3.0000e-01    1.5000e+00   -2.6000e+00   -2.9631e+00   -4.6930e-01   -4.7914e-04   -1.0169e-03   -3.8725e-04   -9.8325e-04
   3.0000e-01    1.5000e+00   -2.6000e+00   -2.9344e+00   -6.2374e-01    1.4886e-04   -1.1248e-03    2.9798e-04   -1.0856e-03
   3.0000e-01    1.5000e+00   -2.6000e+00   -2.8978e+00   -7.7646e-01    7.5473e-04   -8.6193e-04    8.8389e-04   -8.0773e-04
   3.0000e-01    1.5000e+00   -2.6000e+00   -2.8532e+00   -9.2705e-01    1.1245e-03   -2.7469e-04    1.3066e-03   -2.7821e-04
   3.0000e-01    1.5000e+00   -2.6000e+00   -2.8007e+00   -1.0751e+00    1.0809e-03    4.4881e-04    1.2930e-03    4.5804e-04
   3.0000e-01    1.5000e+00   -2.6000e+00   -2.7406e+00   -1.2202e+00    5.9562e-04    1.0231e-03    7.4183e-04    1.0014e-03
   3.0000e-01    1.5000e+00   -2.6000e+00   -2.6730e+00   -1.3620e+00   -1.7128e-04    1.1858e-03    -2.0101e-05    1.0940e-03
   3.0000e-01    1.5000e+00   -2.6000e+00   -2.5981e+00   -1.5000e+00   -8.9682e-04    8.1751e-04   -6.3018e-04    7.7017e-04
   3.0000e-01    1.5000e+00   -2.6000e+00   -2.5160e+00   -1.6339e+00   -1.2295e-03    3.6530e-05   -9.6465e-04   -3.5954e-05
   3.0000e-01    1.5000e+00   -2.6000e+00   -2.4271e+00   -1.7634e+00   -9.5842e-04   -7.9852e-04   -6.5678e-04   -9.3927e-04
   3.0000e-01    1.5000e+00   -2.6000e+00   -2.3314e+00   -1.8880e+00   -1.7340e-04   -1.2542e-03    7.3035e-05   -1.3397e-03
   3.0000e-01    1.5000e+00   -2.6000e+00   -2.2294e+00   -2.0074e+00    7.5145e-04   -1.0441e-03    1.0914e-03   -1.0924e-03
   3.0000e-01    1.5000e+00   -2.6000e+00   -2.1213e+00   -2.1213e+00    1.2896e-03   -2.1856e-04    1.5989e-03   -3.3055e-04
   3.0000e-01    1.5000e+00   -2.6000e+00   -2.0074e+00   -2.2294e+00    1.0814e-03    7.7600e-04    1.4393e-03    7.1001e-04
   3.0000e-01    1.5000e+00   -2.6000e+00   -1.8880e+00   -2.3314e+00    1.9757e-04    1.3413e-03    4.3858e-04    1.3445e-03
   3.0000e-01    1.5000e+00   -2.6000e+00   -1.7634e+00   -2.4271e+00   -8.6586e-04    1.0780e-03   -6.3807e-04    9.6603e-04
   3.0000e-01    1.5000e+00   -2.6000e+00   -1.6339e+00   -2.5160e+00   -1.4095e-03    7.8570e-05   -1.1371e-03    -3.5631e-05
   3.0000e-01    1.5000e+00   -2.6000e+00   -1.5000e+00   -2.5981e+00   -1.0140e-03   -1.0270e-03   -7.1444e-04   -1.0957e-03
   3.0000e-01    1.5000e+00   -2.6000e+00   -1.3620e+00   -2.6730e+00    1.1651e-04   -1.4724e-03    3.9904e-04   -1.4835e-03
   3.0000e-01    1.5000e+00   -2.6000e+00   -1.2202e+00   -2.7406e+00    1.2384e-03   -8.7194e-04    1.4543e-03   -9.0418e-04
   3.0000e-01    1.5000e+00   -2.6000e+00   -1.0751e+00   -2.8007e+00    1.4983e-03    4.1698e-04    1.7402e-03    3.8445e-04
   3.0000e-01    1.5000e+00   -2.6000e+00   -9.2705e-01   -2.8532e+00    6.2070e-04    1.4748e-03    9.5829e-04    1.4680e-03
   3.0000e-01    1.5000e+00   -2.6000e+00   -7.7646e-01   -2.8978e+00   -7.9776e-04    1.4436e-03   -5.4302e-04    1.3019e-03
   3.0000e-01    1.5000e+00   -2.6000e+00   -6.2374e-01   -2.9344e+00   -1.6852e-03    2.5429e-04   -1.4176e-03    1.4596e-04
   3.0000e-01    1.5000e+00   -2.6000e+00   -4.6930e-01   -2.9631e+00   -1.2553e-03   -1.2422e-03   -1.0717e-03   -1.3308e-03
   3.0000e-01    1.5000e+00   -2.6000e+00   -3.1359e-01   -2.9836e+00    2.7172e-04   -1.8154e-03    4.7847e-04   -1.8873e-03
   3.0000e-01    1.5000e+00   -2.6000e+00   -1.5701e-01   -2.9959e+00    1.6972e-03   -8.8578e-04    1.9641e-03   -1.0322e-03
   3.0000e-01    1.5000e+00   -2.6000e+00    0.0000e+00   -3.0000e+00    1.7929e-03    8.9701e-04    2.0149e-03    7.3946e-04
   3.0000e-01    1.5000e+00   -2.6000e+00    2.5981e+00   -1.5000e+00    1.7992e-03    8.8287e-04    1.5805e-03    7.7889e-04
   3.0000e-01    1.5000e+00   -2.6000e+00    2.6730e+00   -1.3620e+00    1.6862e-03   -9.0466e-04    1.4323e-03   -1.1148e-03
   3.0000e-01    1.5000e+00   -2.6000e+00    2.7406e+00   -1.2202e+00    2.4186e-04   -1.8186e-03    4.5465e-05   -2.0405e-03
   3.0000e-01    1.5000e+00   -2.6000e+00    2.8007e+00   -1.0751e+00   -1.2689e-03   -1.2275e-03   -1.5347e-03   -1.4795e-03
   3.0000e-01    1.5000e+00   -2.6000e+00    2.8532e+00   -9.2705e-01   -1.6815e-03    2.7364e-04   -1.8860e-03    1.0054e-04
   3.0000e-01    1.5000e+00   -2.6000e+00    2.8978e+00   -7.7646e-01   -7.8153e-04    1.4519e-03   -1.0144e-03    1.2017e-03
   3.0000e-01    1.5000e+00   -2.6000e+00    2.9344e+00   -6.2374e-01    6.3846e-04    1.4667e-03    4.1074e-04    1.2850e-03
   3.0000e-01    1.5000e+00   -2.6000e+00    2.9631e+00   -4.6930e-01    1.5023e-03    4.0018e-04    1.2522e-03    1.6018e-04
   3.0000e-01    1.5000e+00   -2.6000e+00    2.9836e+00   -3.1359e-01    1.2268e-03   -8.8720e-04    1.0009e-03   -1.1071e-03
   3.0000e-01    1.5000e+00   -2.6000e+00    2.9959e+00   -1.5701e-01    1.0645e-04   -1.4730e-03   -9.6431e-05   -1.6562e-03
   3.0000e-01    2.6000e+00   -1.5000e+00    3.0000e+00    0.0000e+00    1.7867e-03    9.1095e-04    1.9608e-03    9.3843e-04
   3.0000e-01    2.6000e+00   -1.5000e+00    2.9959e+00    1.5701e-01    1.6972e-03   -8.8578e-04    1.9029e-03   -8.8284e-04
   3.0000e-01    2.6000e+00   -1.5000e+00    2.9836e+00    3.1359e-01    2.7172e-04   -1.8154e-03    5.1518e-04   -1.8082e-03
   3.0000e-01    2.6000e+00   -1.5000e+00    2.9631e+00    4.6930e-01   -1.2553e-03   -1.2422e-03   -1.0443e-03   -1.2999e-03
   3.0000e-01    2.6000e+00   -1.5000e+00    2.9344e+00    6.2374e-01   -1.6852e-03    2.5429e-04   -1.3884e-03    2.0045e-04
   3.0000e-01    2.6000e+00   -1.5000e+00    2.8978e+00    7.7646e-01   -7.9776e-04    1.4436e-03   -4.7932e-04    1.3966e-03
   3.0000e-01    2.6000e+00   -1.5000e+00    2.8532e+00    9.2705e-01    6.2070e-04    1.4748e-03    8.9388e-04    1.4199e-03
   3.0000e-01    2.6000e+00   -1.5000e+00    2.8007e+00    1.0751e+00    1.4983e-03    4.1698e-04    1.7880e-03    3.5162e-04
   3.0000e-01    2.6000e+00   -1.5000e+00    2.7406e+00    1.2202e+00    1.2384e-03   -8.7194e-04    1.6129e-03   -9.4421e-04
   3.0000e-01    2.6000e+00   -1.5000e+00    2.6730e+00    1.3620e+00    1.1651e-04   -1.4724e-03    5.1115e-04   -1.6530e-03
   3.0000e-01    2.6000e+00   -1.5000e+00    2.5981e+00    1.5000e+00   -1.0140e-03   -1.0270e-03   -7.2148e-04   -1.1684e-03
   3.0000e-01    2.6000e+00   -1.5000e+00    2.5160e+00    1.6339e+00   -1.4095e-03    7.8570e-05   -1.1119e-03   -4.5457e-05
   3.0000e-01    2.6000e+00   -1.5000e+00    2.4271e+00    1.7634e+00   -8.6586e-04    1.0780e-03   -5.7097e-04    9.7497e-04
   3.0000e-01    2.6000e+00   -1.5000e+00    2.3314e+00    1.8880e+00    1.9757e-04    1.3413e-03    5.3545e-04    1.2087e-03
   3.0000e-01    2.6000e+00   -1.5000e+00    2.2294e+00    2.0074e+00    1.0814e-03    7.7600e-04    1.3383e-03    6.4921e-04
   3.0000e-01    2.6000e+00   -1.5000e+00    2.1213e+00    2.1213e+00    1.2896e-03   -2.1856e-04    1.5983e-03   -3.4974e-04
   3.0000e-01    2.6000e+00   -1.5000e+00    2.0074e+00    2.2294e+00    7.5145e-04   -1.0441e-03    1.0232e-03   -1.1338e-03
   3.0000e-01    2.6000e+00   -1.5000e+00    1.8880e+00    2.3314e+00   -1.7340e-04   -1.2542e-03    6.1820e-05   -1.4035e-03
   3.0000e-01    2.6000e+00   -1.5000e+00    1.7634e+00    2.4271e+00   -9.5842e-04   -7.9852e-04   -6.9396e-04   -9.0441e-04
   3.0000e-01    2.6000e+00   -1.5000e+00    1.6339e+00    2.5160e+00   -1.2295e-03    3.6530e-05   -9.7519e-04   -8.6546e-05
   3.0000e-01    2.6000e+00   -1.5000e+00    1.5000e+00    2.5981e+00   -8.9682e-04    8.1751e-04   -7.4059e-04    6.7371e-04
   3.0000e-01    2.6000e+00   -1.5000e+00    1.3620e+00    2.6730e+00   -1.7128e-04    1.1858e-03    -1.4680e-06    1.1341e-03
   3.0000e-01    2.6000e+00   -1.5000e+00    1.2202e+00    2.7406e+00    5.9562e-04    1.0231e-03    7.9167e-04    8.9719e-04
   3.0000e-01    2.6000e+00   -1.5000e+00    1.0751e+00    2.8007e+00    1.0809e-03    4.4881e-04    1.2486e-03    4.1080e-04
   3.0000e-01    2.6000e+00   -1.5000e+00    9.2705e-01    2.8532e+00    1.1245e-03   -2.7469e-04    1.2159e-03   -2.0108e-04
   3.0000e-01    2.6000e+00   -1.5000e+00    7.7646e-01    2.8978e+00    7.5473e-04   -8.6193e-04    8.7661e-04   -8.0773e-04
   3.0000e-01    2.6000e+00   -1.5000e+00    6.2374e-01    2.9344e+00    1.4886e-04   -1.1248e-03    3.3869e-04   -1.0875e-03
   3.0000e-01    2.6000e+00   -1.5000e+00    4.6930e-01    2.9631e+00   -4.7914e-04   -1.0169e-03   -4.1366e-04   -8.6524e-04
   3.0000e-01    2.6000e+00   -1.5000e+00    3.1359e-01    2.9836e+00   -9.3007e-04   -6.1379e-04   -9.1260e-04   -4.7215e-04
   3.0000e-01    2.6000e+00   -1.5000e+00    1.5701e-01    2.9959e+00   -1.1035e-03   -6.2410e-05   -1.0487e-03    1.5691e-04
   3.0000e-01    2.6000e+00   -1.5000e+00    0.0000e+00    3.0000e+00   -9.8520e-04    4.8154e-04   -9.2696e-04    6.7968e-04
   3.0000e-01    2.6000e+00   -1.5000e+00   -1.5701e-01    2.9959e+00   -6.5106e-04    8.7255e-04   -5.8265e-04    1.1863e-03
   3.0000e-01    2.6000e+00   -1.5000e+00   -3.1359e-01    2.9836e+00   -1.9724e-04    1.0630e-03   -2.1137e-04    1.3741e-03
   3.0000e-01    2.6000e+00   -1.5000e+00   -4.6930e-01    2.9631e+00    2.7365e-04    1.0388e-03    2.7389e-04    1.3888e-03
   3.0000e-01    2.6000e+00   -1.5000e+00   -6.2374e-01    2.9344e+00    6.6498e-04    8.3541e-04    7.1904e-04    1.2737e-03
   3.0000e-01    2.6000e+00   -1.5000e+00   -7.7646e-01    2.8978e+00    9.2785e-04    5.1601e-04    9.3068e-04    9.8689e-04
   3.0000e-01    2.6000e+00   -1.5000e+00   -9.2705e-01    2.8532e+00    1.0450e-03    1.5364e-04    1.0399e-03    7.7684e-04
   3.0000e-01    2.6000e+00   -1.5000e+00   -1.0751e+00    2.8007e+00    1.0306e-03   -2.0695e-04    1.0676e-03    3.6245e-04
   3.0000e-01    2.6000e+00   -1.5000e+00   -1.2202e+00    2.7406e+00    9.1049e-04   -5.1596e-04    8.8448e-04    1.9543e-04
   3.0000e-01    2.6000e+00   -1.5000e+00   -1.3620e+00    2.6730e+00    7.1703e-04   -7.5625e-04    7.1282e-04   -3.0329e-05
   3.0000e-01    2.6000e+00   -1.5000e+00   -1.5000e+00    2.5981e+00    4.9173e-04   -9.1455e-04    4.7559e-04   -1.6111e-04
   3.0000e-01    2.6000e+00   -1.5000e+00   -1.6339e+00    2.5160e+00    2.5896e-04   -1.0020e-03    2.7916e-04   -1.5995e-04
   3.0000e-01    2.6000e+00   -1.5000e+00   -1.7634e+00    2.4271e+00    3.2403e-05   -1.0313e-03    9.8307e-05   -1.2760e-04
   3.0000e-01    2.6000e+00   -1.5000e+00   -1.8880e+00    2.3314e+00   -1.6975e-04   -1.0150e-03   -1.7122e-04   -3.7494e-05
   3.0000e-01    2.6000e+00   -1.5000e+00   -2.0074e+00    2.2294e+00   -3.3049e-04   -9.7226e-04   -2.4547e-04    -5.4378e-06
   3.0000e-01    2.6000e+00   -1.5000e+00   -2.1213e+00    2.1213e+00   -4.6059e-04   -9.1562e-04   -4.8380e-04    9.7199e-05
   3.0000e-01    2.6000e+00   -1.5000e+00   -2.2294e+00    2.0074e+00   -5.6603e-04   -8.5245e-04   -5.6386e-04    2.6845e-04
   3.0000e-01    2.6000e+00   -1.5000e+00   -2.3314e+00    1.8880e+00   -6.4391e-04   -7.9355e-04   -6.2781e-04    2.7858e-04
   3.0000e-01    2.6000e+00   -1.5000e+00   -2.4271e+00    1.7634e+00   -6.8991e-04   -7.5288e-04   -5.6275e-04    3.8120e-04
   3.0000e-01    2.6000e+00   -1.5000e+00   -2.5160e+00    1.6339e+00   -7.1621e-04   -7.2733e-04   -6.5324e-04    3.5696e-04
   3.0000e-01    2.6000e+00   -1.5000e+00   -2.5981e+00    1.5000e+00   -7.2759e-04   -7.1560e-04   -6.3567e-04    3.9176e-04
   3.0000e-01    2.6000e+00   -1.5000e+00   -2.6730e+00    1.3620e+00   -7.1986e-04   -7.2346e-04   -5.4945e-04    3.8311e-04
   3.0000e-01    2.6000e+00   -1.5000e+00   -2.7406e+00    1.2202e+00   -6.8973e-04   -7.5306e-04   -6.1057e-04    3.8519e-04
   3.0000e-01    2.6000e+00   -1.5000e+00   -2.8007e+00    1.0751e+00   -6.4018e-04   -7.9672e-04   -4.5624e-04    2.7958e-04
   3.0000e-01    2.6000e+00   -1.5000e+00   -2.8532e+00    9.2705e-01   -5.6536e-04   -8.5288e-04   -3.7330e-04    2.0965e-04
   3.0000e-01    2.6000e+00   -1.5000e+00   -2.8978e+00    7.7646e-01   -4.6719e-04   -9.1211e-04   -3.2434e-04    1.1486e-04
   3.0000e-01    2.6000e+00   -1.5000e+00   -2.9344e+00    6.2374e-01   -3.3277e-04   -9.7141e-04   -1.6912e-04    3.0004e-07
   3.0000e-01    2.6000e+00   -1.5000e+00   -2.9631e+00    4.6930e-01   -1.6660e-04   -1.0155e-03    2.6398e-05   -4.8979e-05
   3.0000e-01    2.6000e+00   -1.5000e+00   -2.9836e+00    3.1359e-01    3.4806e-05   -1.0312e-03    2.8826e-04   -1.6928e-04
   3.0000e-01    2.6000e+00   -1.5000e+00   -2.9959e+00    1.5701e-01    2.5568e-04   -1.0028e-03    4.9224e-04   -1.4090e-04
   3.0000e-01    2.6000e+00   -1.5000e+00   -3.0000e+00    0.0000e+00    4.8662e-04   -9.1717e-04    8.0103e-04   -1.0538e-04
   3.0000e-01    2.6000e+00   -1.5000e+00   -2.9959e+00   -1.5701e-01    7.1774e-04   -7.5562e-04    9.5145e-04    4.9919e-05
   3.0000e-01    2.6000e+00   -1.5000e+00   -2.9836e+00   -3.1359e-01    9.0911e-04   -5.1803e-04    1.3091e-03    2.4481e-04
   3.0000e-01    2.6000e+00   -1.5000e+00   -2.9631e+00   -4.6930e-01    1.0293e-03   -2.1214e-04    1.4065e-03    4.6108e-04
   3.0000e-01    2.6000e+00   -1.5000e+00   -2.9344e+00   -6.2374e-01    1.0458e-03    1.4689e-04    1.3973e-03    7.4753e-04
   3.0000e-01    2.6000e+00   -1.5000e+00   -2.8978e+00   -7.7646e-01    9.3042e-04    5.1102e-04    1.2817e-03    1.0543e-03
   3.0000e-01    2.6000e+00   -1.5000e+00   -2.8532e+00   -9.2705e-01    6.6882e-04    8.3204e-04    1.0211e-03    1.3409e-03
   3.0000e-01    2.6000e+00   -1.5000e+00   -2.8007e+00   -1.0751e+00    2.7941e-04    1.0371e-03    6.8272e-04    1.5006e-03
   3.0000e-01    2.6000e+00   -1.5000e+00   -2.7406e+00   -1.2202e+00   -1.8553e-04    1.0650e-03    2.4551e-04    1.4334e-03
   3.0000e-01    2.6000e+00   -1.5000e+00   -2.6730e+00   -1.3620e+00   -6.4232e-04    8.7864e-04   -1.8176e-04    1.1716e-03
   3.0000e-01    2.6000e+00   -1.5000e+00   -2.5981e+00   -1.5000e+00   -9.8379e-04    4.8397e-04   -5.6384e-04    7.5528e-04
   3.0000e-01    2.6000e+00   -1.5000e+00   -2.5160e+00   -1.6339e+00   -1.1037e-03   -5.5297e-05   -6.5058e-04    1.9032e-04
   3.0000e-01    2.6000e+00   -1.5000e+00   -2.4271e+00   -1.7634e+00   -9.3491e-04   -6.0601e-04   -5.0570e-04   -3.8168e-04
   3.0000e-01    2.6000e+00   -1.5000e+00   -2.3314e+00   -1.8880e+00   -4.9042e-04   -1.0112e-03   -1.6783e-04   -8.8208e-04
   3.0000e-01    2.6000e+00   -1.5000e+00   -2.2294e+00   -2.0074e+00    1.3736e-04   -1.1261e-03    5.3439e-04   -9.6184e-04
   3.0000e-01    2.6000e+00   -1.5000e+00   -2.1213e+00   -2.1213e+00    7.5188e-04   -8.6435e-04    1.1462e-03   -7.2448e-04
   3.0000e-01    2.6000e+00   -1.5000e+00   -2.0074e+00   -2.2294e+00    1.1227e-03   -2.8146e-04    1.4654e-03   -2.2264e-04
   3.0000e-01    2.6000e+00   -1.5000e+00   -1.8880e+00   -2.3314e+00    1.0863e-03    4.3454e-04    1.3926e-03    4.3827e-04
   3.0000e-01    2.6000e+00   -1.5000e+00   -1.7634e+00   -2.4271e+00    6.0493e-04    1.0173e-03    8.6991e-04    9.8605e-04
   3.0000e-01    2.6000e+00   -1.5000e+00   -1.6339e+00   -2.5160e+00   -1.6376e-04    1.1868e-03    9.2983e-05    1.1211e-03
   3.0000e-01    2.6000e+00   -1.5000e+00   -1.5000e+00   -2.5981e+00   -8.9054e-04    8.2425e-04   -6.5996e-04    6.8494e-04
   3.0000e-01    2.6000e+00   -1.5000e+00   -1.3620e+00   -2.6730e+00   -1.2285e-03    5.3084e-05   -1.0189e-03   -4.1969e-05
   3.0000e-01    2.6000e+00   -1.5000e+00   -1.2202e+00   -2.7406e+00   -9.6513e-04   -7.9030e-04   -7.9127e-04   -9.3597e-04
   3.0000e-01    2.6000e+00   -1.5000e+00   -1.0751e+00   -2.8007e+00   -1.8057e-04   -1.2532e-03   -7.8801e-05   -1.3717e-03
   3.0000e-01    2.6000e+00   -1.5000e+00   -9.2705e-01   -2.8532e+00    7.4694e-04   -1.0471e-03    8.2466e-04   -1.1532e-03
   3.0000e-01    2.6000e+00   -1.5000e+00   -7.7646e-01   -2.8978e+00    1.2864e-03   -2.3480e-04    1.2811e-03   -4.4574e-04
   3.0000e-01    2.6000e+00   -1.5000e+00   -6.2374e-01   -2.9344e+00    1.0907e-03    7.6233e-04    1.0610e-03    5.1106e-04
   3.0000e-01    2.6000e+00   -1.5000e+00   -4.6930e-01   -2.9631e+00    2.0512e-04    1.3401e-03    1.5393e-04    1.0815e-03
   3.0000e-01    2.6000e+00   -1.5000e+00   -3.1359e-01   -2.9836e+00   -8.6198e-04    1.0810e-03   -8.8623e-04    7.8185e-04
   3.0000e-01    2.6000e+00   -1.5000e+00   -1.5701e-01   -2.9959e+00   -1.4085e-03    9.1961e-05   -1.4685e-03   -2.3139e-04
   3.0000e-01    2.6000e+00   -1.5000e+00    0.0000e+00   -3.0000e+00   -1.0295e-03   -1.0107e-03   -1.1547e-03   -1.2425e-03
   3.0000e-01    2.6000e+00   -1.5000e+00    1.5701e-01   -2.9959e+00    1.0645e-04   -1.4730e-03   -8.8573e-06   -1.7516e-03
   3.0000e-01    2.6000e+00   -1.5000e+00    3.1359e-01   -2.9836e+00    1.2268e-03   -8.8720e-04    1.0977e-03   -1.1593e-03
   3.0000e-01    2.6000e+00   -1.5000e+00    4.6930e-01   -2.9631e+00    1.5023e-03    4.0018e-04    1.3552e-03    1.5777e-04
   3.0000e-01    2.6000e+00   -1.5000e+00    6.2374e-01   -2.9344e+00    6.3846e-04    1.4667e-03    4.1623e-04    1.1721e-03
   3.0000e-01    2.6000e+00   -1.5000e+00    7.7646e-01   -2.8978e+00   -7.8153e-04    1.4519e-03   -9.5335e-04    1.1930e-03
   3.0000e-01    2.6000e+00   -1.5000e+00    9.2705e-01   -2.8532e+00   -1.6815e-03    2.7364e-04   -1.8626e-03    4.2862e-05
   3.0000e-01    2.6000e+00   -1.5000e+00    1.0751e+00   -2.8007e+00   -1.2689e-03   -1.2275e-03   -1.4934e-03   -1.5443e-03
   3.0000e-01    2.6000e+00   -1.5000e+00    1.2202e+00   -2.7406e+00    2.4186e-04   -1.8186e-03    8.1123e-05   -2.0718e-03
   3.0000e-01    2.6000e+00   -1.5000e+00    1.3620e+00   -2.6730e+00    1.6862e-03   -9.0466e-04    1.4594e-03   -1.1393e-03
   3.0000e-01    2.6000e+00   -1.5000e+00    1.5000e+00   -2.5981e+00    1.7992e-03    8.8287e-04    1.5813e-03    7.0220e-04
   4.0000e-01    3.0000e+00    0.0000e+00    2.5981e+00    1.5000e+00   -2.1743e-03   -7.9775e-04   -2.0651e-03   -6.4928e-04
   4.0000e-01    3.0000e+00    0.0000e+00    2.5160e+00    1.6339e+00   -1.3484e-03    1.7520e-03   -1.2142e-03    1.9049e-03
   4.0000e-01    3.0000e+00    0.0000e+00    2.4271e+00    1.7634e+00    1.2053e-03    1.7432e-03    1.3942e-03    1.8192e-03
   4.0000e-01    3.0000e+00    0.0000e+00    2.3314e+00    1.8880e+00    1.9588e-03   -5.6680e-04    2.1001e-03   -3.9718e-04
   4.0000e-01    3.0000e+00    0.0000e+00    2.2294e+00    2.0074e+00    1.1527e-04   -1.9650e-03    3.1070e-04   -1.8221e-03
   4.0000e-01    3.0000e+00    0.0000e+00    2.1213e+00    2.1213e+00   -1.7497e-03   -7.5343e-04   -1.4955e-03   -6.0875e-04
   4.0000e-01    3.0000e+00    0.0000e+00    2.0074e+00    2.2294e+00   -1.2785e-03    1.3340e-03   -1.0241e-03    1.5158e-03
   4.0000e-01    3.0000e+00    0.0000e+00    1.8880e+00    2.3314e+00    7.5192e-04    1.6308e-03    1.0078e-03    1.7686e-03
   4.0000e-01    3.0000e+00    0.0000e+00    1.7634e+00    2.4271e+00    1.7477e-03   -6.6354e-05    1.9910e-03    1.3760e-04
   4.0000e-01    3.0000e+00    0.0000e+00    1.6339e+00    2.5160e+00    6.1360e-04   -1.5920e-03    8.7224e-04   -1.4125e-03
   4.0000e-01    3.0000e+00    0.0000e+00    1.5000e+00    2.5981e+00   -1.1750e-03   -1.1819e-03   -9.5940e-04   -1.1218e-03
   4.0000e-01    3.0000e+00    0.0000e+00    1.3620e+00    2.6730e+00   -1.5368e-03    5.4430e-04   -1.3646e-03    6.3756e-04
   4.0000e-01    3.0000e+00    0.0000e+00    1.2202e+00    2.7406e+00   -1.8388e-04    1.5864e-03    1.5183e-05    1.7006e-03
   4.0000e-01    3.0000e+00    0.0000e+00    1.0751e+00    2.8007e+00    1.2982e-03    8.7598e-04    1.4191e-03    8.8646e-04
   4.0000e-01    3.0000e+00    0.0000e+00    9.2705e-01    2.8532e+00    1.3601e-03   -7.1613e-04    1.4172e-03   -7.1629e-04
   4.0000e-01    3.0000e+00    0.0000e+00    7.7646e-01    2.8978e+00    4.8948e-05   -1.5096e-03    3.4455e-05   -1.5799e-03
   4.0000e-01    3.0000e+00    0.0000e+00    6.2374e-01    2.9344e+00   -1.2476e-03   -8.0684e-04   -1.2976e-03   -8.6791e-04
   4.0000e-01    3.0000e+00    0.0000e+00    4.6930e-01    2.9631e+00   -1.3224e-03    6.2450e-04   -1.4239e-03    4.7471e-04
   4.0000e-01    3.0000e+00    0.0000e+00    3.1359e-01    2.9836e+00   -2.0201e-04    1.4265e-03   -4.3840e-04    1.4290e-03
   4.0000e-01    3.0000e+00    0.0000e+00    1.5701e-01    2.9959e+00    1.0432e-03    9.6430e-04    7.5381e-04    8.0856e-04
   4.0000e-01    3.0000e+00    0.0000e+00    0.0000e+00    3.0000e+00    1.3724e-03   -2.8451e-04    1.0721e-03   -5.1777e-04
   4.0000e-01    3.0000e+00    0.0000e+00   -1.5701e-01    2.9959e+00    6.1213e-04   -1.2412e-03    3.0899e-04   -1.4733e-03
   4.0000e-01    3.0000e+00    0.0000e+00   -3.1359e-01    2.9836e+00   -5.7218e-04   -1.2418e-03   -9.7749e-04   -1.4324e-03
   4.0000e-01    3.0000e+00    0.0000e+00   -4.6930e-01    2.9631e+00   -1.3042e-03   -3.5471e-04   -1.7807e-03   -6.5229e-04
   4.0000e-01    3.0000e+00    0.0000e+00   -6.2374e-01    2.9344e+00   -1.1193e-03    7.3117e-04   -1.6041e-03    3.8153e-04
   4.0000e-01    3.0000e+00    0.0000e+00   -7.7646e-01    2.8978e+00   -2.3299e-04    1.3025e-03   -7.0847e-04    1.0083e-03
   4.0000e-01    3.0000e+00    0.0000e+00   -9.2705e-01    2.8532e+00    7.4433e-04    1.0785e-03    2.6623e-04    7.8017e-04
   4.0000e-01    3.0000e+00    0.0000e+00   -1.0751e+00    2.8007e+00    1.2718e-03    2.6183e-04    8.3042e-04   -5.0173e-05
   4.0000e-01    3.0000e+00    0.0000e+00   -1.2202e+00    2.7406e+00    1.1121e-03   -6.4803e-04    6.5409e-04   -9.2322e-04
   4.0000e-01    3.0000e+00    0.0000e+00   -1.3620e+00    2.6730e+00    4.2008e-04   -1.2051e-03    -1.9209e-05   -1.4612e-03
   4.0000e-01    3.0000e+00    0.0000e+00   -1.5000e+00    2.5981e+00   -4.1423e-04   -1.1969e-03   -7.8674e-04   -1.4592e-03
   4.0000e-01    3.0000e+00    0.0000e+00   -1.6339e+00    2.5160e+00   -1.0392e-03   -7.0757e-04   -1.2784e-03   -1.0574e-03
   4.0000e-01    3.0000e+00    0.0000e+00   -1.7634e+00    2.4271e+00   -1.2482e-03    2.4710e-05   -1.4965e-03   -2.2189e-04
   4.0000e-01    3.0000e+00    0.0000e+00   -1.8880e+00    2.3314e+00   -1.0189e-03    7.0739e-04   -1.1245e-03    5.0213e-04
   4.0000e-01    3.0000e+00    0.0000e+00   -2.0074e+00    2.2294e+00   -5.0287e-04    1.1258e-03   -4.9039e-04    9.2535e-04
   4.0000e-01    3.0000e+00    0.0000e+00   -2.1213e+00    2.1213e+00    1.1730e-04    1.2206e-03    1.2554e-04    1.1165e-03
   4.0000e-01    3.0000e+00    0.0000e+00   -2.2294e+00    2.0074e+00    6.7754e-04    1.0143e-03    7.7658e-04    9.6375e-04
   4.0000e-01    3.0000e+00    0.0000e+00   -2.3314e+00    1.8880e+00    1.0529e-03    6.0373e-04    1.2025e-03    5.7034e-04
   4.0000e-01    3.0000e+00    0.0000e+00   -2.4271e+00    1.7634e+00    1.2019e-03    1.2507e-04    1.4570e-03    1.7342e-04
   4.0000e-01    3.0000e+00    0.0000e+00   -2.5160e+00    1.6339e+00    1.1556e-03   -3.3655e-04    1.4405e-03   -1.5662e-04
   4.0000e-01    3.0000e+00    0.0000e+00   -2.5981e+00    1.5000e+00    9.5855e-04   -7.2032e-04    1.3670e-03   -4.3417e-04
   4.0000e-01    3.0000e+00    0.0000e+00   -2.6730e+00    1.3620e+00    6.7571e-04   -9.8563e-04    1.1134e-03   -6.5077e-04
   4.0000e-01    3.0000e+00    0.0000e+00   -2.7406e+00    1.2202e+00    3.6684e-04   -1.1338e-03    9.3417e-04   -7.5276e-04
   4.0000e-01    3.0000e+00    0.0000e+00   -2.8007e+00    1.0751e+00    6.7580e-05   -1.1866e-03    6.5501e-04   -7.2979e-04
   4.0000e-01    3.0000e+00    0.0000e+00   -2.8532e+00    9.2705e-01   -1.9547e-04   -1.1695e-03    5.0860e-04   -6.6016e-04
   4.0000e-01    3.0000e+00    0.0000e+00   -2.8978e+00    7.7646e-01   -4.1515e-04   -1.1082e-03    3.3709e-04   -5.4298e-04
   4.0000e-01    3.0000e+00    0.0000e+00   -2.9344e+00    6.2374e-01   -5.7669e-04   -1.0315e-03    2.4535e-04   -4.0523e-04
   4.0000e-01    3.0000e+00    0.0000e+00   -2.9631e+00    4.6930e-01   -6.9606e-04   -9.5308e-04    8.6560e-05   -3.4886e-04
   4.0000e-01    3.0000e+00    0.0000e+00   -2.9836e+00    3.1359e-01   -7.7087e-04   -8.9239e-04    -1.5480e-05   -1.8248e-04
   4.0000e-01    3.0000e+00    0.0000e+00   -2.9959e+00    1.5701e-01   -8.1703e-04   -8.4967e-04    -2.7453e-06   -1.2765e-04
   4.0000e-01    3.0000e+00    0.0000e+00   -3.0000e+00    0.0000e+00   -8.3757e-04   -8.2903e-04   -3.0541e-05   -1.2346e-04
   4.0000e-01    3.0000e+00    0.0000e+00   -2.9959e+00   -1.5701e-01   -8.1703e-04   -8.4967e-04    -1.7386e-05   -1.2713e-04
   4.0000e-01    3.0000e+00    0.0000e+00   -2.9836e+00   -3.1359e-01   -7.7087e-04   -8.9239e-04    2.9192e-05   -1.2767e-04
   4.0000e-01    3.0000e+00    0.0000e+00   -2.9631e+00   -4.6930e-01   -6.9606e-04   -9.5308e-04    6.7622e-05   -2.4800e-04
   4.0000e-01    3.0000e+00    0.0000e+00   -2.9344e+00   -6.2374e-01   -5.7669e-04   -1.0315e-03    1.4266e-04   -4.2341e-04
   4.0000e-01    3.0000e+00    0.0000e+00   -2.8978e+00   -7.7646e-01   -4.1515e-04   -1.1082e-03    2.7469e-04   -4.8632e-04
   4.0000e-01    3.0000e+00    0.0000e+00   -2.8532e+00   -9.2705e-01   -1.9547e-04   -1.1695e-03    4.9209e-04   -6.4128e-04
   4.0000e-01    3.0000e+00    0.0000e+00   -2.8007e+00   -1.0751e+00    6.7580e-05   -1.1866e-03    6.9336e-04   -7.6694e-04
   4.0000e-01    3.0000e+00    0.0000e+00   -2.7406e+00   -1.2202e+00    3.6684e-04   -1.1338e-03    9.7409e-04   -6.9025e-04
   4.0000e-01    3.0000e+00    0.0000e+00   -2.6730e+00   -1.3620e+00    6.7571e-04   -9.8563e-04    1.1621e-03   -6.6584e-04
   4.0000e-01    3.0000e+00    0.0000e+00   -2.5981e+00   -1.5000e+00    9.5855e-04   -7.2032e-04    1.3955e-03   -4.7860e-04
   4.0000e-01    3.0000e+00    0.0000e+00   -2.5160e+00   -1.6339e+00    1.1556e-03   -3.3655e-04    1.4815e-03   -1.7804e-04
   4.0000e-01    3.0000e+00    0.0000e+00   -2.4271e+00   -1.7634e+00    1.2019e-03    1.2507e-04    1.4402e-03    2.1118e-04
   4.0000e-01    3.0000e+00    0.0000e+00   -2.3314e+00   -1.8880e+00    1.0529e-03    6.0373e-04    1.2462e-03    6.2556e-04
   4.0000e-01    3.0000e+00    0.0000e+00   -2.2294e+00   -2.0074e+00    6.7754e-04    1.0143e-03    7.4209e-04    9.6147e-04
   4.0000e-01    3.0000e+00    0.0000e+00   -2.1213e+00   -2.1213e+00    1.1730e-04    1.2206e-03    5.7224e-05    1.1884e-03
   4.0000e-01    3.0000e+00    0.0000e+00   -2.0074e+00   -2.2294e+00   -5.0287e-04    1.1258e-03   -5.7244e-04    1.0138e-03
   4.0000e-01    3.0000e+00    0.0000e+00   -1.8880e+00   -2.3314e+00   -1.0189e-03    7.0739e-04   -1.2072e-03    5.7100e-04
   4.0000e-01    3.0000e+00    0.0000e+00   -1.7634e+00   -2.4271e+00   -1.2482e-03    2.4710e-05   -1.4840e-03   -1.5329e-04
   4.0000e-01    3.0000e+00    0.0000e+00   -1.6339e+00   -2.5160e+00   -1.0392e-03   -7.0757e-04   -1.3464e-03   -9.7536e-04
   4.0000e-01    3.0000e+00    0.0000e+00   -1.5000e+00   -2.5981e+00   -4.1423e-04   -1.1969e-03   -7.9912e-04   -1.4846e-03
   4.0000e-01    3.0000e+00    0.0000e+00   -1.3620e+00   -2.6730e+00    4.2008e-04   -1.2051e-03    1.4845e-05   -1.4576e-03
   4.0000e-01    3.0000e+00    0.0000e+00   -1.2202e+00   -2.7406e+00    1.1121e-03   -6.4803e-04    7.1990e-04   -9.6499e-04
   4.0000e-01    3.0000e+00    0.0000e+00   -1.0751e+00   -2.8007e+00    1.2718e-03    2.6183e-04    8.4347e-04   -1.6310e-04
   4.0000e-01    3.0000e+00    0.0000e+00   -9.2705e-01   -2.8532e+00    7.4433e-04    1.0785e-03    2.4208e-04    7.6517e-04
   4.0000e-01    3.0000e+00    0.0000e+00   -7.7646e-01   -2.8978e+00   -2.3299e-04    1.3025e-03   -6.8588e-04    1.0065e-03
   4.0000e-01    3.0000e+00    0.0000e+00   -6.2374e-01   -2.9344e+00   -1.1193e-03    7.3117e-04   -1.5934e-03    4.1520e-04
   4.0000e-01    3.0000e+00    0.0000e+00   -4.6930e-01   -2.9631e+00   -1.3042e-03   -3.5471e-04   -1.7811e-03   -5.6399e-04
   4.0000e-01    3.0000e+00    0.0000e+00   -3.1359e-01   -2.9836e+00   -5.7218e-04   -1.2418e-03   -9.4154e-04   -1.4513e-03
   4.0000e-01    3.0000e+00    0.0000e+00   -1.5701e-01   -2.9959e+00    6.1213e-04   -1.2412e-03    2.4555e-04   -1.4906e-03
   4.0000e-01    3.0000e+00    0.0000e+00    0.0000e+00   -3.0000e+00    1.3724e-03   -2.8451e-04    1.0764e-03   -4.8239e-04
   4.0000e-01    3.0000e+00    0.0000e+00    1.5701e-01   -2.9959e+00    1.0432e-03    9.6430e-04    7.8160e-04    7.9701e-04
   4.0000e-01    3.0000e+00    0.0000e+00    3.1359e-01   -2.9836e+00   -2.0201e-04    1.4265e-03   -4.2015e-04    1.2621e-03
   4.0000e-01    3.0000e+00    0.0000e+00    4.6930e-01   -2.9631e+00   -1.3224e-03    6.2450e-04   -1.4626e-03    4.7753e-04
   4.0000e-01    3.0000e+00    0.0000e+00    6.2374e-01   -2.9344e+00   -1.2476e-03   -8.0684e-04   -1.2926e-03   -8.3583e-04
   4.0000e-01    3.0000e+00    0.0000e+00    7.7646e-01   -2.8978e+00    4.8948e-05   -1.5096e-03    1.5019e-05   -1.6018e-03
   4.0000e-01    3.0000e+00    0.0000e+00    9.2705e-01   -2.8532e+00    1.3601e-03   -7.1613e-04    1.4270e-03   -6.9781e-04
   4.0000e-01    3.0000e+00    0.0000e+00    1.0751e+00   -2.8007e+00    1.2982e-03    8.7598e-04    1.4042e-03    8.6880e-04
   4.0000e-01    3.0000e+00    0.0000e+00    1.2202e+00   -2.7406e+00   -1.8388e-04    1.5864e-03   -1.0377e-04    1.7218e-03
   4.0000e-01    3.0000e+00    0.0000e+00    1.3620e+00   -2.6730e+00   -1.5368e-03    5.4430e-04   -1.3554e-03    6.6177e-04
   4.0000e-01    3.0000e+00    0.0000e+00    1.5000e+00   -2.5981e+00   -1.1750e-03   -1.1819e-03   -9.5905e-04   -1.0436e-03
   4.0000e-01    3.0000e+00    0.0000e+00    1.6339e+00   -2.5160e+00    6.1360e-04   -1.5920e-03    8.0493e-04   -1.4646e-03
   4.0000e-01    3.0000e+00    0.0000e+00    1.7634e+00   -2.4271e+00    1.7477e-03   -6.6354e-05    1.9480e-03    5.2098e-05
   4.0000e-01    3.0000e+00    0.0000e+00    1.8880e+00   -2.3314e+00    7.5192e-04    1.6308e-03    9.7950e-04    1.7324e-03
   4.0000e-01    3.0000e+00    0.0000e+00    2.0074e+00   -2.2294e+00   -1.2785e-03    1.3340e-03   -1.0491e-03    1.4849e-03
   4.0000e-01    3.0000e+00    0.0000e+00    2.1213e+00   -2.1213e+00   -1.7497e-03   -7.5343e-04   -1.5622e-03   -5.7751e-04
   4.0000e-01    3.0000e+00    0.0000e+00    2.2294e+00   -2.0074e+00    1.1527e-04   -1.9650e-03    3.2556e-04   -1.8179e-03
   4.0000e-01    3.0000e+00    0.0000e+00    2.3314e+00   -1.8880e+00    1.9588e-03   -5.6680e-04    2.2176e-03   -3.6916e-04
   4.0000e-01    3.0000e+00    0.0000e+00    2.4271e+00   -1.7634e+00    1.2053e-03    1.7432e-03    1.3977e-03    1.8944e-03
   4.0000e-01    3.0000e+00    0.0000e+00    2.5160e+00   -1.6339e+00   -1.3484e-03    1.7520e-03   -1.2012e-03    1.9320e-03
   4.0000e-01    3.0000e+00    0.0000e+00    2.5981e+00   -1.5000e+00   -2.1743e-03   -7.9775e-04   -2.1356e-03   -6.8601e-04
   4.0000e-01    2.6000e+00    1.5000e+00    3.0000e+00    0.0000e+00   -2.1761e-03   -7.9174e-04   -1.9900e-03   -6.7145e-04
   4.0000e-01    2.6000e+00    1.5000e+00    1.5000e+00    2.5981e+00   -2.1833e-03   -7.6948e-04   -1.9985e-03   -8.3607e-04
   4.0000e-01    2.6000e+00    1.5000e+00    1.3620e+00    2.6730e+00   -1.3295e-03    1.7655e-03   -1.1355e-03    1.6774e-03
   4.0000e-01    2.6000e+00    1.5000e+00    1.2202e+00    2.7406e+00    1.2236e-03    1.7301e-03    1.3445e-03    1.7307e-03
   4.0000e-01    2.6000e+00    1.5000e+00    1.0751e+00    2.8007e+00    1.9540e-03   -5.8306e-04    2.1117e-03   -7.0535e-04
   4.0000e-01    2.6000e+00    1.5000e+00    9.2705e-01    2.8532e+00    8.0721e-05   -1.9659e-03    2.2243e-04   -1.9926e-03
   4.0000e-01    2.6000e+00    1.5000e+00    7.7646e-01    2.8978e+00   -1.7603e-03   -7.2619e-04   -1.6045e-03   -7.2548e-04
   4.0000e-01    2.6000e+00    1.5000e+00    6.2374e-01    2.9344e+00   -1.2680e-03    1.3436e-03   -1.1384e-03    1.3433e-03
   4.0000e-01    2.6000e+00    1.5000e+00    4.6930e-01    2.9631e+00    7.6992e-04    1.6221e-03    8.8440e-04    1.5800e-03
   4.0000e-01    2.6000e+00    1.5000e+00    3.1359e-01    2.9836e+00    1.7458e-03   -9.4569e-05    1.8063e-03   -1.2552e-04
   4.0000e-01    2.6000e+00    1.5000e+00    1.5701e-01    2.9959e+00    5.9040e-04   -1.6001e-03    6.1933e-04   -1.5765e-03
   4.0000e-01    2.6000e+00    1.5000e+00    0.0000e+00    3.0000e+00   -1.1975e-03   -1.1583e-03   -1.0897e-03   -1.1538e-03
   4.0000e-01    2.6000e+00    1.5000e+00   -1.5701e-01    2.9959e+00   -1.5295e-03    5.6347e-04   -1.4911e-03    5.0690e-04
   4.0000e-01    2.6000e+00    1.5000e+00   -3.1359e-01    2.9836e+00   -1.7212e-04    1.5873e-03   -1.3178e-04    1.5653e-03
   4.0000e-01    2.6000e+00    1.5000e+00   -4.6930e-01    2.9631e+00    1.3105e-03    8.5643e-04    1.3863e-03    8.2299e-04
   4.0000e-01    2.6000e+00    1.5000e+00   -6.2374e-01    2.9344e+00    1.3489e-03   -7.3627e-04    1.3740e-03   -8.8439e-04
   4.0000e-01    2.6000e+00    1.5000e+00   -7.7646e-01    2.8978e+00    2.5923e-05   -1.5097e-03    4.9201e-05   -1.7513e-03
   4.0000e-01    2.6000e+00    1.5000e+00   -9.2705e-01    2.8532e+00   -1.2580e-03   -7.8959e-04   -1.1784e-03   -1.0467e-03
   4.0000e-01    2.6000e+00    1.5000e+00   -1.0751e+00    2.8007e+00   -1.3125e-03    6.4443e-04   -1.2272e-03    2.8061e-04
   4.0000e-01    2.6000e+00    1.5000e+00   -1.2202e+00    2.7406e+00   -1.8055e-04    1.4292e-03   -4.5991e-05    1.0448e-03
   4.0000e-01    2.6000e+00    1.5000e+00   -1.3620e+00    2.6730e+00    1.0637e-03    9.4059e-04    1.2499e-03    5.1605e-04
   4.0000e-01    2.6000e+00    1.5000e+00   -1.5000e+00    2.5981e+00    1.3693e-03   -2.9762e-04    1.5034e-03   -7.9941e-04
   4.0000e-01    2.6000e+00    1.5000e+00   -1.6339e+00    2.5160e+00    5.9038e-04   -1.2511e-03    7.8351e-04   -1.7822e-03
   4.0000e-01    2.6000e+00    1.5000e+00   -1.7634e+00    2.4271e+00   -6.0332e-04   -1.2263e-03   -3.6090e-04   -1.9037e-03
   4.0000e-01    2.6000e+00    1.5000e+00   -1.8880e+00    2.3314e+00   -1.3117e-03   -3.2360e-04   -1.0579e-03   -1.1054e-03
   4.0000e-01    2.6000e+00    1.5000e+00   -2.0074e+00    2.2294e+00   -1.1082e-03    7.4689e-04   -7.5963e-04    4.1032e-05
   4.0000e-01    2.6000e+00    1.5000e+00   -2.1213e+00    2.1213e+00   -2.1792e-04    1.3048e-03    4.8775e-05    4.6160e-04
   4.0000e-01    2.6000e+00    1.5000e+00   -2.2294e+00    2.0074e+00    7.6883e-04    1.0606e-03    1.1125e-03    1.6275e-04
   4.0000e-01    2.6000e+00    1.5000e+00   -2.3314e+00    1.8880e+00    1.2768e-03    2.3187e-04    1.6804e-03   -6.2789e-04
   4.0000e-01    2.6000e+00    1.5000e+00   -2.4271e+00    1.7634e+00    1.0995e-03   -6.6784e-04    1.4675e-03   -1.5081e-03
   4.0000e-01    2.6000e+00    1.5000e+00   -2.5160e+00    1.6339e+00    4.0737e-04   -1.2093e-03    7.9823e-04   -2.1301e-03
   4.0000e-01    2.6000e+00    1.5000e+00   -2.5981e+00    1.5000e+00   -4.3574e-04   -1.1886e-03   -3.4256e-05   -2.1085e-03
   4.0000e-01    2.6000e+00    1.5000e+00   -2.6730e+00    1.3620e+00   -1.0538e-03   -6.8481e-04   -6.0911e-04   -1.5156e-03
   4.0000e-01    2.6000e+00    1.5000e+00   -2.7406e+00    1.2202e+00   -1.2475e-03    4.4210e-05   -8.6685e-04   -7.5606e-04
   4.0000e-01    2.6000e+00    1.5000e+00   -2.8007e+00    1.0751e+00   -1.0121e-03    7.1689e-04   -6.5324e-04    1.1028e-05
   4.0000e-01    2.6000e+00    1.5000e+00   -2.8532e+00    9.2705e-01   -4.8304e-04    1.1341e-03   -1.3971e-04    5.1584e-04
   4.0000e-01    2.6000e+00    1.5000e+00   -2.8978e+00    7.7646e-01    1.4582e-04    1.2170e-03    5.1395e-04    7.3096e-04
   4.0000e-01    2.6000e+00    1.5000e+00   -2.9344e+00    6.2374e-01    6.9145e-04    1.0045e-03    1.1190e-03    6.5643e-04
   4.0000e-01    2.6000e+00    1.5000e+00   -2.9631e+00    4.6930e-01    1.0585e-03    5.9339e-04    1.4455e-03    3.3278e-04
   4.0000e-01    2.6000e+00    1.5000e+00   -2.9836e+00    3.1359e-01    1.2032e-03    1.1026e-04    1.5893e-03    3.0426e-05
   4.0000e-01    2.6000e+00    1.5000e+00   -2.9959e+00    1.5701e-01    1.1499e-03   -3.5504e-04    1.5729e-03   -2.9591e-04
   4.0000e-01    2.6000e+00    1.5000e+00   -3.0000e+00    0.0000e+00    9.4369e-04   -7.3949e-04    1.3256e-03   -4.9120e-04
   4.0000e-01    2.6000e+00    1.5000e+00   -2.9959e+00   -1.5701e-01    6.6621e-04   -9.9212e-04    1.1457e-03   -5.1387e-04
   4.0000e-01    2.6000e+00    1.5000e+00   -2.9836e+00   -3.1359e-01    3.5608e-04   -1.1370e-03    8.2916e-04   -6.0250e-04
   4.0000e-01    2.6000e+00    1.5000e+00   -2.9631e+00   -4.6930e-01    4.9619e-05   -1.1873e-03    5.6540e-04   -4.9458e-04
   4.0000e-01    2.6000e+00    1.5000e+00   -2.9344e+00   -6.2374e-01   -2.1394e-04   -1.1662e-03    2.3901e-04   -2.8179e-04
   4.0000e-01    2.6000e+00    1.5000e+00   -2.8978e+00   -7.7646e-01   -4.3067e-04   -1.1021e-03    1.9564e-05   -7.5338e-05
   4.0000e-01    2.6000e+00    1.5000e+00   -2.8532e+00   -9.2705e-01   -5.8897e-04   -1.0243e-03   -7.9484e-05    1.0385e-04
   4.0000e-01    2.6000e+00    1.5000e+00   -2.8007e+00   -1.0751e+00   -7.0843e-04   -9.4407e-04   -2.1383e-04    2.9587e-04
   4.0000e-01    2.6000e+00    1.5000e+00   -2.7406e+00   -1.2202e+00   -7.8637e-04   -8.7892e-04   -2.3378e-04    3.9090e-04
   4.0000e-01    2.6000e+00    1.5000e+00   -2.6730e+00   -1.3620e+00   -8.3304e-04   -8.3365e-04   -2.5667e-04    4.0250e-04
   4.0000e-01    2.6000e+00    1.5000e+00   -2.5981e+00   -1.5000e+00   -8.4487e-04   -8.2143e-04   -2.9579e-04    5.4141e-04
   4.0000e-01    2.6000e+00    1.5000e+00   -2.5160e+00   -1.6339e+00   -8.2731e-04   -8.3950e-04   -3.3500e-04    5.4484e-04
   4.0000e-01    2.6000e+00    1.5000e+00   -2.4271e+00   -1.7634e+00   -7.8645e-04   -8.7864e-04   -2.5599e-04    4.5670e-04
   4.0000e-01    2.6000e+00    1.5000e+00   -2.3314e+00   -1.8880e+00   -7.1412e-04   -9.3963e-04   -2.2029e-04    3.8490e-04
   4.0000e-01    2.6000e+00    1.5000e+00   -2.2294e+00   -2.0074e+00   -5.8980e-04   -1.0240e-03   -1.1414e-04    2.9885e-04
   4.0000e-01    2.6000e+00    1.5000e+00   -2.1213e+00   -2.1213e+00   -4.1965e-04   -1.1066e-03    -1.5653e-05    1.5247e-04
   4.0000e-01    2.6000e+00    1.5000e+00   -2.0074e+00   -2.2294e+00   -2.0979e-04   -1.1670e-03    1.2972e-04   -3.1681e-05
   4.0000e-01    2.6000e+00    1.5000e+00   -1.8880e+00   -2.3314e+00    4.5286e-05   -1.1875e-03    3.3277e-04   -1.5900e-04
   4.0000e-01    2.6000e+00    1.5000e+00   -1.7634e+00   -2.4271e+00    3.5316e-04   -1.1380e-03    6.7731e-04   -1.4028e-04
   4.0000e-01    2.6000e+00    1.5000e+00   -1.6339e+00   -2.5160e+00    6.7109e-04   -9.8895e-04    9.1713e-04   -2.0444e-04
   4.0000e-01    2.6000e+00    1.5000e+00   -1.5000e+00   -2.5981e+00    9.5167e-04   -7.2950e-04    1.1857e-03   -3.2466e-05
   4.0000e-01    2.6000e+00    1.5000e+00   -1.3620e+00   -2.6730e+00    1.1496e-03   -3.5574e-04    1.2994e-03    2.5695e-04
   4.0000e-01    2.6000e+00    1.5000e+00   -1.2202e+00   -2.7406e+00    1.2031e-03    1.1482e-04    1.3368e-03    5.1468e-04
   4.0000e-01    2.6000e+00    1.5000e+00   -1.0751e+00   -2.8007e+00    1.0544e-03    6.0144e-04    1.1006e-03    9.5356e-04
   4.0000e-01    2.6000e+00    1.5000e+00   -9.2705e-01   -2.8532e+00    6.8221e-04    1.0111e-03    6.4023e-04    1.1981e-03
   4.0000e-01    2.6000e+00    1.5000e+00   -7.7646e-01   -2.8978e+00    1.3649e-04    1.2184e-03    8.9615e-05    1.3513e-03
   4.0000e-01    2.6000e+00    1.5000e+00   -6.2374e-01   -2.9344e+00   -4.9114e-04    1.1310e-03   -6.0182e-04    1.1879e-03
   4.0000e-01    2.6000e+00    1.5000e+00   -4.6930e-01   -2.9631e+00   -1.0180e-03    7.0874e-04   -1.1499e-03    6.9355e-04
   4.0000e-01    2.6000e+00    1.5000e+00   -3.1359e-01   -2.9836e+00   -1.2483e-03    2.5146e-05   -1.3390e-03   -5.8956e-05
   4.0000e-01    2.6000e+00    1.5000e+00   -1.5701e-01   -2.9959e+00   -1.0448e-03   -6.9934e-04   -1.1502e-03   -7.9066e-04
   4.0000e-01    2.6000e+00    1.5000e+00    0.0000e+00   -3.0000e+00   -4.3123e-04   -1.1906e-03   -5.9324e-04   -1.3961e-03
   4.0000e-01    2.6000e+00    1.5000e+00    1.5701e-01   -2.9959e+00    4.1838e-04   -1.2058e-03    1.9339e-04   -1.4514e-03
   4.0000e-01    2.6000e+00    1.5000e+00    3.1359e-01   -2.9836e+00    1.1074e-03   -6.5540e-04    8.9497e-04   -8.9044e-04
   4.0000e-01    2.6000e+00    1.5000e+00    4.6930e-01   -2.9631e+00    1.2735e-03    2.5155e-04    1.0499e-03    2.0739e-05
   4.0000e-01    2.6000e+00    1.5000e+00    6.2374e-01   -2.9344e+00    7.5414e-04    1.0715e-03    5.1203e-04    8.1483e-04
   4.0000e-01    2.6000e+00    1.5000e+00    7.7646e-01   -2.8978e+00   -2.2398e-04    1.3038e-03   -5.1526e-04    1.0513e-03
   4.0000e-01    2.6000e+00    1.5000e+00    9.2705e-01   -2.8532e+00   -1.1146e-03    7.3777e-04   -1.3471e-03    5.0725e-04
   4.0000e-01    2.6000e+00    1.5000e+00    1.0751e+00   -2.8007e+00   -1.3063e-03   -3.4671e-04   -1.5714e-03   -5.2050e-04
   4.0000e-01    2.6000e+00    1.5000e+00    1.2202e+00   -2.7406e+00   -5.8815e-04   -1.2341e-03   -8.3582e-04   -1.4722e-03
   4.0000e-01    2.6000e+00    1.5000e+00    1.3620e+00   -2.6730e+00    6.0104e-04   -1.2461e-03    3.2997e-04   -1.4361e-03
   4.0000e-01    2.6000e+00    1.5000e+00    1.5000e+00   -2.5981e+00    1.3722e-03   -2.8374e-04    1.1014e-03   -4.0149e-04
   4.0000e-01    2.6000e+00    1.5000e+00    1.6339e+00   -2.5160e+00    1.0470e-03    9.5984e-04    7.9701e-04    9.1493e-04
   4.0000e-01    2.6000e+00    1.5000e+00    1.7634e+00   -2.4271e+00   -1.9660e-04    1.4270e-03   -4.8361e-04    1.3374e-03
   4.0000e-01    2.6000e+00    1.5000e+00    1.8880e+00   -2.3314e+00   -1.3172e-03    6.3451e-04   -1.5627e-03    6.1850e-04
   4.0000e-01    2.6000e+00    1.5000e+00    2.0074e+00   -2.2294e+00   -1.2538e-03   -7.9658e-04   -1.5547e-03   -8.0060e-04
   4.0000e-01    2.6000e+00    1.5000e+00    2.1213e+00   -2.1213e+00    5.1079e-05   -1.5095e-03   -1.8135e-04   -1.5235e-03
   4.0000e-01    2.6000e+00    1.5000e+00    2.2294e+00   -2.0074e+00    1.3609e-03   -7.1419e-04    1.1016e-03   -6.7385e-04
   4.0000e-01    2.6000e+00    1.5000e+00    2.3314e+00   -1.8880e+00    1.3043e-03    8.6592e-04    1.0823e-03    9.1392e-04
   4.0000e-01    2.6000e+00    1.5000e+00    2.4271e+00   -1.7634e+00   -1.7921e-04    1.5865e-03   -4.3036e-04    1.5710e-03
   4.0000e-01    2.6000e+00    1.5000e+00    2.5160e+00   -1.6339e+00   -1.5366e-03    5.4454e-04   -1.7475e-03    5.9641e-04
   4.0000e-01    2.6000e+00    1.5000e+00    2.5981e+00   -1.5000e+00   -1.1741e-03   -1.1830e-03   -1.3445e-03   -1.1355e-03
   4.0000e-01    2.6000e+00    1.5000e+00    2.6730e+00   -1.3620e+00    6.0446e-04   -1.5949e-03    4.6344e-04   -1.4922e-03
   4.0000e-01    2.6000e+00    1.5000e+00    2.7406e+00   -1.2202e+00    1.7479e-03   -6.5610e-05    1.5810e-03    6.6574e-05
   4.0000e-01    2.6000e+00    1.5000e+00    2.8007e+00   -1.0751e+00    7.4655e-04    1.6336e-03    6.2138e-04    1.7142e-03
   4.0000e-01    2.6000e+00    1.5000e+00    2.8532e+00   -9.2705e-01   -1.2896e-03    1.3234e-03   -1.3643e-03    1.4371e-03
   4.0000e-01    2.6000e+00    1.5000e+00    2.8978e+00   -7.7646e-01   -1.7501e-03   -7.5174e-04   -1.8377e-03   -6.0741e-04
   4.0000e-01    2.6000e+00    1.5000e+00    2.9344e+00   -6.2374e-01    1.1054e-04   -1.9652e-03    8.4744e-05   -1.8661e-03
   4.0000e-01    2.6000e+00    1.5000e+00    2.9631e+00   -4.6930e-01    1.9630e-03   -5.5393e-04    1.9013e-03   -4.0662e-04
   4.0000e-01    2.6000e+00    1.5000e+00    2.9836e+00   -3.1359e-01    1.1865e-03    1.7569e-03    1.2199e-03    1.8961e-03
   4.0000e-01    2.6000e+00    1.5000e+00    2.9959e+00   -1.5701e-01   -1.3564e-03    1.7461e-03   -1.2506e-03    1.7904e-03
   4.0000e-01    1.5000e+00    2.6000e+00    3.0000e+00    0.0000e+00   -1.1975e-03   -1.1583e-03   -9.3028e-04   -9.8891e-04
   4.0000e-01    1.5000e+00    2.6000e+00    2.9959e+00    1.5701e-01    5.9040e-04   -1.6001e-03    8.1180e-04   -1.4439e-03
   4.0000e-01    1.5000e+00    2.6000e+00    2.9836e+00    3.1359e-01    1.7458e-03   -9.4569e-05    2.0023e-03    -2.1087e-05
   4.0000e-01    1.5000e+00    2.6000e+00    2.9631e+00    4.6930e-01    7.6992e-04    1.6221e-03    1.0725e-03    1.7880e-03
   4.0000e-01    1.5000e+00    2.6000e+00    2.9344e+00    6.2374e-01   -1.2680e-03    1.3436e-03   -9.3948e-04    1.4274e-03
   4.0000e-01    1.5000e+00    2.6000e+00    2.8978e+00    7.7646e-01   -1.7603e-03   -7.2619e-04   -1.4140e-03   -6.8799e-04
   4.0000e-01    1.5000e+00    2.6000e+00    2.8532e+00    9.2705e-01    8.0721e-05   -1.9659e-03    4.3748e-04   -1.8678e-03
   4.0000e-01    1.5000e+00    2.6000e+00    2.8007e+00    1.0751e+00    1.9540e-03   -5.8306e-04    2.2496e-03   -5.9692e-04
   4.0000e-01    1.5000e+00    2.6000e+00    2.7406e+00    1.2202e+00    1.2236e-03    1.7301e-03    1.5124e-03    1.7311e-03
   4.0000e-01    1.5000e+00    2.6000e+00    2.6730e+00    1.3620e+00   -1.3295e-03    1.7655e-03   -1.0950e-03    1.7718e-03
   4.0000e-01    1.5000e+00    2.6000e+00    2.5981e+00    1.5000e+00   -2.1833e-03   -7.6948e-04   -2.0007e-03   -8.6160e-04
   4.0000e-01    1.5000e+00    2.6000e+00    0.0000e+00    3.0000e+00   -2.1761e-03   -7.9174e-04   -2.0791e-03   -6.4430e-04
   4.0000e-01    1.5000e+00    2.6000e+00   -1.5701e-01    2.9959e+00   -1.3564e-03    1.7461e-03   -1.2393e-03    1.9146e-03
   4.0000e-01    1.5000e+00    2.6000e+00   -3.1359e-01    2.9836e+00    1.1865e-03    1.7569e-03    1.3693e-03    1.9336e-03
   4.0000e-01    1.5000e+00    2.6000e+00   -4.6930e-01    2.9631e+00    1.9630e-03   -5.5393e-04    2.2095e-03   -4.1486e-04
   4.0000e-01    1.5000e+00    2.6000e+00   -6.2374e-01    2.9344e+00    1.1054e-04   -1.9652e-03    3.9550e-04   -1.8470e-03
   4.0000e-01    1.5000e+00    2.6000e+00   -7.7646e-01    2.8978e+00   -1.7501e-03   -7.5174e-04   -1.3922e-03   -5.9386e-04
   4.0000e-01    1.5000e+00    2.6000e+00   -9.2705e-01    2.8532e+00   -1.2896e-03    1.3234e-03   -8.7575e-04    1.4219e-03
   4.0000e-01    1.5000e+00    2.6000e+00   -1.0751e+00    2.8007e+00    7.4655e-04    1.6336e-03    1.2220e-03    1.7288e-03
   4.0000e-01    1.5000e+00    2.6000e+00   -1.2202e+00    2.7406e+00    1.7479e-03   -6.5610e-05    2.2957e-03    5.0518e-05
   4.0000e-01    1.5000e+00    2.6000e+00   -1.3620e+00    2.6730e+00    6.0446e-04   -1.5949e-03    1.1123e-03   -1.5997e-03
   4.0000e-01    1.5000e+00    2.6000e+00   -1.5000e+00    2.5981e+00   -1.1741e-03   -1.1830e-03   -5.6855e-04   -1.2824e-03
   4.0000e-01    1.5000e+00    2.6000e+00   -1.6339e+00    2.5160e+00   -1.5366e-03    5.4454e-04   -8.7406e-04    4.5907e-04
   4.0000e-01    1.5000e+00    2.6000e+00   -1.7634e+00    2.4271e+00   -1.7921e-04    1.5865e-03    3.9020e-04    1.4890e-03
   4.0000e-01    1.5000e+00    2.6000e+00   -1.8880e+00    2.3314e+00    1.3043e-03    8.6592e-04    1.8087e-03    6.8475e-04
   4.0000e-01    1.5000e+00    2.6000e+00   -2.0074e+00    2.2294e+00    1.3609e-03   -7.1419e-04    1.8865e-03   -9.5312e-04
   4.0000e-01    1.5000e+00    2.6000e+00   -2.1213e+00    2.1213e+00    5.1079e-05   -1.5095e-03    5.9079e-04   -1.7698e-03
   4.0000e-01    1.5000e+00    2.6000e+00   -2.2294e+00    2.0074e+00   -1.2538e-03   -7.9658e-04   -7.6416e-04   -1.0642e-03
   4.0000e-01    1.5000e+00    2.6000e+00   -2.3314e+00    1.8880e+00   -1.3172e-03    6.3451e-04   -9.0389e-04    2.2443e-04
   4.0000e-01    1.5000e+00    2.6000e+00   -2.4271e+00    1.7634e+00   -1.9660e-04    1.4270e-03    1.9199e-04    9.8356e-04
   4.0000e-01    1.5000e+00    2.6000e+00   -2.5160e+00    1.6339e+00    1.0470e-03    9.5984e-04    1.3300e-03    3.3351e-04
   4.0000e-01    1.5000e+00    2.6000e+00   -2.5981e+00    1.5000e+00    1.3722e-03   -2.8374e-04    1.5717e-03   -8.0236e-04
   4.0000e-01    1.5000e+00    2.6000e+00   -2.6730e+00    1.3620e+00    6.0104e-04   -1.2461e-03    6.8126e-04   -1.8124e-03
   4.0000e-01    1.5000e+00    2.6000e+00   -2.7406e+00    1.2202e+00   -5.8815e-04   -1.2341e-03   -5.4211e-04   -1.8681e-03
   4.0000e-01    1.5000e+00    2.6000e+00   -2.8007e+00    1.0751e+00   -1.3063e-03   -3.4671e-04   -1.2592e-03   -8.6934e-04
   4.0000e-01    1.5000e+00    2.6000e+00   -2.8532e+00    9.2705e-01   -1.1146e-03    7.3777e-04   -1.2466e-03    2.4713e-04
   4.0000e-01    1.5000e+00    2.6000e+00   -2.8978e+00    7.7646e-01   -2.2398e-04    1.3038e-03   -4.3032e-04    7.2704e-04
   4.0000e-01    1.5000e+00    2.6000e+00   -2.9344e+00    6.2374e-01    7.5414e-04    1.0715e-03    5.1928e-04    4.9477e-04
   4.0000e-01    1.5000e+00    2.6000e+00   -2.9631e+00    4.6930e-01    1.2735e-03    2.5155e-04    9.7699e-04   -1.7983e-04
   4.0000e-01    1.5000e+00    2.6000e+00   -2.9836e+00    3.1359e-01    1.1074e-03   -6.5540e-04    7.7856e-04   -1.1339e-03
   4.0000e-01    1.5000e+00    2.6000e+00   -2.9959e+00    1.5701e-01    4.1838e-04   -1.2058e-03    5.9483e-05   -1.5712e-03
   4.0000e-01    1.5000e+00    2.6000e+00   -3.0000e+00    0.0000e+00   -4.3123e-04   -1.1906e-03   -8.2921e-04   -1.5599e-03
   4.0000e-01    1.5000e+00    2.6000e+00   -2.9959e+00   -1.5701e-01   -1.0448e-03   -6.9934e-04   -1.4442e-03   -9.2145e-04
   4.0000e-01    1.5000e+00    2.6000e+00   -2.9836e+00   -3.1359e-01   -1.2483e-03    2.5146e-05   -1.5351e-03    1.3957e-05
   4.0000e-01    1.5000e+00    2.6000e+00   -2.9631e+00   -4.6930e-01   -1.0180e-03    7.0874e-04   -1.2747e-03    6.6633e-04
   4.0000e-01    1.5000e+00    2.6000e+00   -2.9344e+00   -6.2374e-01   -4.9114e-04    1.1310e-03   -7.4315e-04    1.2607e-03
   4.0000e-01    1.5000e+00    2.6000e+00   -2.8978e+00   -7.7646e-01    1.3649e-04    1.2184e-03   -1.5528e-05    1.4282e-03
   4.0000e-01    1.5000e+00    2.6000e+00   -2.8532e+00   -9.2705e-01    6.8221e-04    1.0111e-03    5.8355e-04    1.3561e-03
   4.0000e-01    1.5000e+00    2.6000e+00   -2.8007e+00   -1.0751e+00    1.0544e-03    6.0144e-04    1.1038e-03    1.0084e-03
   4.0000e-01    1.5000e+00    2.6000e+00   -2.7406e+00   -1.2202e+00    1.2031e-03    1.1482e-04    1.2522e-03    6.4199e-04
   4.0000e-01    1.5000e+00    2.6000e+00   -2.6730e+00   -1.3620e+00    1.1496e-03   -3.5574e-04    1.2551e-03    1.6853e-04
   4.0000e-01    1.5000e+00    2.6000e+00   -2.5981e+00   -1.5000e+00    9.5167e-04   -7.2950e-04    1.1661e-03   -6.1267e-05
   4.0000e-01    1.5000e+00    2.6000e+00   -2.5160e+00   -1.6339e+00    6.7109e-04   -9.8895e-04    9.8512e-04   -2.0441e-04
   4.0000e-01    1.5000e+00    2.6000e+00   -2.4271e+00   -1.7634e+00    3.5316e-04   -1.1380e-03    7.4434e-04   -3.2185e-04
   4.0000e-01    1.5000e+00    2.6000e+00   -2.3314e+00   -1.8880e+00    4.5286e-05   -1.1875e-03    4.8942e-04   -3.4283e-04
   4.0000e-01    1.5000e+00    2.6000e+00   -2.2294e+00   -2.0074e+00   -2.0979e-04   -1.1670e-03    2.7491e-04   -2.2069e-04
   4.0000e-01    1.5000e+00    2.6000e+00   -2.1213e+00   -2.1213e+00   -4.1965e-04   -1.1066e-03    1.0662e-04   -1.2818e-04
   4.0000e-01    1.5000e+00    2.6000e+00   -2.0074e+00   -2.2294e+00   -5.8980e-04   -1.0240e-03   -2.9677e-05    3.8891e-06
   4.0000e-01    1.5000e+00    2.6000e+00   -1.8880e+00   -2.3314e+00   -7.1412e-04   -9.3963e-04   -1.2786e-04    8.8087e-05
   4.0000e-01    1.5000e+00    2.6000e+00   -1.7634e+00   -2.4271e+00   -7.8645e-04   -8.7864e-04   -1.3584e-04    1.0778e-04
   4.0000e-01    1.5000e+00    2.6000e+00   -1.6339e+00   -2.5160e+00   -8.2731e-04   -8.3950e-04   -1.7580e-04    1.3573e-04
   4.0000e-01    1.5000e+00    2.6000e+00   -1.5000e+00   -2.5981e+00   -8.4487e-04   -8.2143e-04   -1.8881e-04    2.1646e-04
   4.0000e-01    1.5000e+00    2.6000e+00   -1.3620e+00   -2.6730e+00   -8.3304e-04   -8.3365e-04   -2.4732e-04    -9.8826e-06
   4.0000e-01    1.5000e+00    2.6000e+00   -1.2202e+00   -2.7406e+00   -7.8637e-04   -8.7892e-04   -1.7247e-04   -5.6455e-05
   4.0000e-01    1.5000e+00    2.6000e+00   -1.0751e+00   -2.8007e+00   -7.0843e-04   -9.4407e-04   -1.2991e-04   -1.7522e-04
   4.0000e-01    1.5000e+00    2.6000e+00   -9.2705e-01   -2.8532e+00   -5.8897e-04   -1.0243e-03   -2.6004e-05   -2.6570e-04
   4.0000e-01    1.5000e+00    2.6000e+00   -7.7646e-01   -2.8978e+00   -4.3067e-04   -1.1021e-03    1.7808e-04   -4.3843e-04
   4.0000e-01    1.5000e+00    2.6000e+00   -6.2374e-01   -2.9344e+00   -2.1394e-04   -1.1662e-03    4.1450e-04   -6.5922e-04
   4.0000e-01    1.5000e+00    2.6000e+00   -4.6930e-01   -2.9631e+00    4.9619e-05   -1.1873e-03    4.7432e-04   -6.6806e-04
   4.0000e-01    1.5000e+00    2.6000e+00   -3.1359e-01   -2.9836e+00    3.5608e-04   -1.1370e-03    8.5135e-04   -7.8476e-04
   4.0000e-01    1.5000e+00    2.6000e+00   -1.5701e-01   -2.9959e+00    6.6621e-04   -9.9212e-04    1.0542e-03   -7.8052e-04
   4.0000e-01    1.5000e+00    2.6000e+00    0.0000e+00   -3.0000e+00    9.4369e-04   -7.3949e-04    1.3901e-03   -5.7617e-04
   4.0000e-01    1.5000e+00    2.6000e+00    1.5701e-01   -2.9959e+00    1.1499e-03   -3.5504e-04    1.4517e-03   -3.0504e-04
   4.0000e-01    1.5000e+00    2.6000e+00    3.1359e-01   -2.9836e+00    1.2032e-03    1.1026e-04    1.5822e-03    1.6112e-04
   4.0000e-01    1.5000e+00    2.6000e+00    4.6930e-01   -2.9631e+00    1.0585e-03    5.9339e-04    1.3625e-03    6.2427e-04
   4.0000e-01    1.5000e+00    2.6000e+00    6.2374e-01   -2.9344e+00    6.9145e-04    1.0045e-03    9.7850e-04    9.2892e-04
   4.0000e-01    1.5000e+00    2.6000e+00    7.7646e-01   -2.8978e+00    1.4582e-04    1.2170e-03    3.9446e-04    1.0444e-03
   4.0000e-01    1.5000e+00    2.6000e+00    9.2705e-01   -2.8532e+00   -4.8304e-04    1.1341e-03   -3.8320e-04    8.2105e-04
   4.0000e-01    1.5000e+00    2.6000e+00    1.0751e+00   -2.8007e+00   -1.0121e-03    7.1689e-04   -9.4350e-04    4.2974e-04
   4.0000e-01    1.5000e+00    2.6000e+00    1.2202e+00   -2.7406e+00   -1.2475e-03    4.4210e-05   -1.2052e-03   -2.7153e-04
   4.0000e-01    1.5000e+00    2.6000e+00    1.3620e+00   -2.6730e+00   -1.0538e-03   -6.8481e-04   -1.0673e-03   -1.0200e-03
   4.0000e-01    1.5000e+00    2.6000e+00    1.5000e+00   -2.5981e+00   -4.3574e-04   -1.1886e-03   -4.6358e-04   -1.5552e-03
   4.0000e-01    1.5000e+00    2.6000e+00    1.6339e+00   -2.5160e+00    4.0737e-04   -1.2093e-03    2.8347e-04   -1.6785e-03
   4.0000e-01    1.5000e+00    2.6000e+00    1.7634e+00   -2.4271e+00    1.0995e-03   -6.6784e-04    9.7010e-04   -1.0646e-03
   4.0000e-01    1.5000e+00    2.6000e+00    1.8880e+00   -2.3314e+00    1.2768e-03    2.3187e-04    1.0374e-03   -9.1499e-05
   4.0000e-01    1.5000e+00    2.6000e+00    2.0074e+00   -2.2294e+00    7.6883e-04    1.0606e-03    5.6368e-04    7.4733e-04
   4.0000e-01    1.5000e+00    2.6000e+00    2.1213e+00   -2.1213e+00   -2.1792e-04    1.3048e-03   -4.4873e-04    9.4934e-04
   4.0000e-01    1.5000e+00    2.6000e+00    2.2294e+00   -2.0074e+00   -1.1082e-03    7.4689e-04   -1.4042e-03    4.4290e-04
   4.0000e-01    1.5000e+00    2.6000e+00    2.3314e+00   -1.8880e+00   -1.3117e-03   -3.2360e-04   -1.5473e-03   -5.3914e-04
   4.0000e-01    1.5000e+00    2.6000e+00    2.4271e+00   -1.7634e+00   -6.0332e-04   -1.2263e-03   -9.1095e-04   -1.4072e-03
   4.0000e-01    1.5000e+00    2.6000e+00    2.5160e+00   -1.6339e+00    5.9038e-04   -1.2511e-03    3.1601e-04   -1.4293e-03
   4.0000e-01    1.5000e+00    2.6000e+00    2.5981e+00   -1.5000e+00    1.3693e-03   -2.9762e-04    1.1176e-03   -3.9870e-04
   4.0000e-01    1.5000e+00    2.6000e+00    2.6730e+00   -1.3620e+00    1.0637e-03    9.4059e-04    8.1857e-04    8.0243e-04
   4.0000e-01    1.5000e+00    2.6000e+00    2.7406e+00   -1.2202e+00   -1.8055e-04    1.4292e-03   -3.6874e-04    1.3657e-03
   4.0000e-01    1.5000e+00    2.6000e+00    2.8007e+00   -1.0751e+00   -1.3125e-03    6.4443e-04   -1.5105e-03    5.9897e-04
   4.0000e-01    1.5000e+00    2.6000e+00    2.8532e+00   -9.2705e-01   -1.2580e-03   -7.8959e-04   -1.3711e-03   -7.7190e-04
   4.0000e-01    1.5000e+00    2.6000e+00    2.8978e+00   -7.7646e-01    2.5923e-05   -1.5097e-03   -1.5958e-06   -1.4709e-03
   4.0000e-01    1.5000e+00    2.6000e+00    2.9344e+00   -6.2374e-01    1.3489e-03   -7.3627e-04    1.3747e-03   -6.7809e-04
   4.0000e-01    1.5000e+00    2.6000e+00    2.9631e+00   -4.6930e-01    1.3105e-03    8.5643e-04    1.3979e-03    9.6370e-04
   4.0000e-01    1.5000e+00    2.6000e+00    2.9836e+00   -3.1359e-01   -1.7212e-04    1.5873e-03   -2.8554e-05    1.7482e-03
   4.0000e-01    1.5000e+00    2.6000e+00    2.9959e+00   -1.5701e-01   -1.5295e-03    5.6347e-04   -1.3659e-03    6.2160e-04
   4.0000e-01    0.0000e+00    3.0000e+00    3.0000e+00    0.0000e+00    1.3724e-03   -2.8451e-04    1.0531e-03   -4.5150e-04
   4.0000e-01    0.0000e+00    3.0000e+00    2.9959e+00    1.5701e-01    1.0432e-03    9.6430e-04    7.6000e-04    7.9095e-04
   4.0000e-01    0.0000e+00    3.0000e+00    2.9836e+00    3.1359e-01   -2.0201e-04    1.4265e-03   -5.1346e-04    1.2258e-03
   4.0000e-01    0.0000e+00    3.0000e+00    2.9631e+00    4.6930e-01   -1.3224e-03    6.2450e-04   -1.5108e-03    5.0149e-04
   4.0000e-01    0.0000e+00    3.0000e+00    2.9344e+00    6.2374e-01   -1.2476e-03   -8.0684e-04   -1.4408e-03   -9.2710e-04
   4.0000e-01    0.0000e+00    3.0000e+00    2.8978e+00    7.7646e-01    4.8948e-05   -1.5096e-03   -9.9227e-05   -1.6670e-03
   4.0000e-01    0.0000e+00    3.0000e+00    2.8532e+00    9.2705e-01    1.3601e-03   -7.1613e-04    1.2849e-03   -8.0421e-04
   4.0000e-01    0.0000e+00    3.0000e+00    2.8007e+00    1.0751e+00    1.2982e-03    8.7598e-04    1.2772e-03    8.2669e-04
   4.0000e-01    0.0000e+00    3.0000e+00    2.7406e+00    1.2202e+00   -1.8388e-04    1.5864e-03   -1.1848e-04    1.5651e-03
   4.0000e-01    0.0000e+00    3.0000e+00    2.6730e+00    1.3620e+00   -1.5368e-03    5.4430e-04   -1.5116e-03    5.4242e-04
   4.0000e-01    0.0000e+00    3.0000e+00    2.5981e+00    1.5000e+00   -1.1750e-03   -1.1819e-03   -1.1607e-03   -1.1950e-03
   4.0000e-01    0.0000e+00    3.0000e+00    2.5160e+00    1.6339e+00    6.1360e-04   -1.5920e-03    7.4522e-04   -1.5639e-03
   4.0000e-01    0.0000e+00    3.0000e+00    2.4271e+00    1.7634e+00    1.7477e-03   -6.6354e-05    1.8888e-03    2.5789e-05
   4.0000e-01    0.0000e+00    3.0000e+00    2.3314e+00    1.8880e+00    7.5192e-04    1.6308e-03    8.4643e-04    1.6994e-03
   4.0000e-01    0.0000e+00    3.0000e+00    2.2294e+00    2.0074e+00   -1.2785e-03    1.3340e-03   -1.1558e-03    1.4327e-03
   4.0000e-01    0.0000e+00    3.0000e+00    2.1213e+00    2.1213e+00   -1.7497e-03   -7.5343e-04   -1.6216e-03   -6.4986e-04
   4.0000e-01    0.0000e+00    3.0000e+00    2.0074e+00    2.2294e+00    1.1527e-04   -1.9650e-03    2.8860e-04   -1.8522e-03
   4.0000e-01    0.0000e+00    3.0000e+00    1.8880e+00    2.3314e+00    1.9588e-03   -5.6680e-04    2.0546e-03   -4.7747e-04
   4.0000e-01    0.0000e+00    3.0000e+00    1.7634e+00    2.4271e+00    1.2053e-03    1.7432e-03    1.2648e-03    1.8980e-03
   4.0000e-01    0.0000e+00    3.0000e+00    1.6339e+00    2.5160e+00   -1.3484e-03    1.7520e-03   -1.2369e-03    1.8710e-03
   4.0000e-01    0.0000e+00    3.0000e+00    1.5000e+00    2.5981e+00   -2.1743e-03   -7.9775e-04   -2.2019e-03   -6.8338e-04
   4.0000e-01    0.0000e+00    3.0000e+00   -1.5000e+00    2.5981e+00   -2.1743e-03   -7.9775e-04   -2.1190e-03   -6.9495e-04
   4.0000e-01    0.0000e+00    3.0000e+00   -1.6339e+00    2.5160e+00   -1.3484e-03    1.7520e-03   -1.3578e-03    1.8636e-03
   4.0000e-01    0.0000e+00    3.0000e+00   -1.7634e+00    2.4271e+00    1.2053e-03    1.7432e-03    1.2150e-03    1.8716e-03
   4.0000e-01    0.0000e+00    3.0000e+00   -1.8880e+00    2.3314e+00    1.9588e-03   -5.6680e-04    2.0476e-03   -4.6165e-04
   4.0000e-01    0.0000e+00    3.0000e+00   -2.0074e+00    2.2294e+00    1.1527e-04   -1.9650e-03    2.7936e-04   -1.9090e-03
   4.0000e-01    0.0000e+00    3.0000e+00   -2.1213e+00    2.1213e+00   -1.7497e-03   -7.5343e-04   -1.7053e-03   -6.7981e-04
   4.0000e-01    0.0000e+00    3.0000e+00   -2.2294e+00    2.0074e+00   -1.2785e-03    1.3340e-03   -1.1351e-03    1.3387e-03
   4.0000e-01    0.0000e+00    3.0000e+00   -2.3314e+00    1.8880e+00    7.5192e-04    1.6308e-03    8.6019e-04    1.6572e-03
   4.0000e-01    0.0000e+00    3.0000e+00   -2.4271e+00    1.7634e+00    1.7477e-03   -6.6354e-05    1.8592e-03   -6.7528e-05
   4.0000e-01    0.0000e+00    3.0000e+00   -2.5160e+00    1.6339e+00    6.1360e-04   -1.5920e-03    8.0470e-04   -1.5987e-03
   4.0000e-01    0.0000e+00    3.0000e+00   -2.5981e+00    1.5000e+00   -1.1750e-03   -1.1819e-03   -1.0996e-03   -1.2166e-03
   4.0000e-01    0.0000e+00    3.0000e+00   -2.6730e+00    1.3620e+00   -1.5368e-03    5.4430e-04   -1.5960e-03    5.5872e-04
   4.0000e-01    0.0000e+00    3.0000e+00   -2.7406e+00    1.2202e+00   -1.8388e-04    1.5864e-03   -2.9709e-04    1.5801e-03
   4.0000e-01    0.0000e+00    3.0000e+00   -2.8007e+00    1.0751e+00    1.2982e-03    8.7598e-04    1.2138e-03    7.4951e-04
   4.0000e-01    0.0000e+00    3.0000e+00   -2.8532e+00    9.2705e-01    1.3601e-03   -7.1613e-04    1.2783e-03   -7.3109e-04
   4.0000e-01    0.0000e+00    3.0000e+00   -2.8978e+00    7.7646e-01    4.8948e-05   -1.5096e-03   -6.1147e-05   -1.6315e-03
   4.0000e-01    0.0000e+00    3.0000e+00   -2.9344e+00    6.2374e-01   -1.2476e-03   -8.0684e-04   -1.4415e-03   -9.1662e-04
   4.0000e-01    0.0000e+00    3.0000e+00   -2.9631e+00    4.6930e-01   -1.3224e-03    6.2450e-04   -1.5444e-03    4.9912e-04
   4.0000e-01    0.0000e+00    3.0000e+00   -2.9836e+00    3.1359e-01   -2.0201e-04    1.4265e-03   -5.2236e-04    1.2761e-03
   4.0000e-01    0.0000e+00    3.0000e+00   -2.9959e+00    1.5701e-01    1.0432e-03    9.6430e-04    7.7083e-04    7.2894e-04
   4.0000e-01    0.0000e+00    3.0000e+00   -3.0000e+00    0.0000e+00    1.3724e-03   -2.8451e-04    1.0178e-03   -4.8686e-04
   4.0000e-01    0.0000e+00    3.0000e+00   -2.9959e+00   -1.5701e-01    6.1213e-04   -1.2412e-03    2.5492e-04   -1.4420e-03
   4.0000e-01    0.0000e+00    3.0000e+00   -2.9836e+00   -3.1359e-01   -5.7218e-04   -1.2418e-03   -9.8104e-04   -1.4965e-03
   4.0000e-01    0.0000e+00    3.0000e+00   -2.9631e+00   -4.6930e-01   -1.3042e-03   -3.5471e-04   -1.5921e-03   -6.1368e-04
   4.0000e-01    0.0000e+00    3.0000e+00   -2.9344e+00   -6.2374e-01   -1.1193e-03    7.3117e-04   -1.5016e-03    4.9226e-04
   4.0000e-01    0.0000e+00    3.0000e+00   -2.8978e+00   -7.7646e-01   -2.3299e-04    1.3025e-03   -6.0240e-04    1.1146e-03
   4.0000e-01    0.0000e+00    3.0000e+00   -2.8532e+00   -9.2705e-01    7.4433e-04    1.0785e-03    3.8191e-04    8.7828e-04
   4.0000e-01    0.0000e+00    3.0000e+00   -2.8007e+00   -1.0751e+00    1.2718e-03    2.6183e-04    9.2402e-04    6.5204e-05
   4.0000e-01    0.0000e+00    3.0000e+00   -2.7406e+00   -1.2202e+00    1.1121e-03   -6.4803e-04    8.2139e-04   -8.6941e-04
   4.0000e-01    0.0000e+00    3.0000e+00   -2.6730e+00   -1.3620e+00    4.2008e-04   -1.2051e-03    1.7443e-04   -1.3845e-03
   4.0000e-01    0.0000e+00    3.0000e+00   -2.5981e+00   -1.5000e+00   -4.1423e-04   -1.1969e-03   -6.5280e-04   -1.4149e-03
   4.0000e-01    0.0000e+00    3.0000e+00   -2.5160e+00   -1.6339e+00   -1.0392e-03   -7.0757e-04   -1.1044e-03   -8.4908e-04
   4.0000e-01    0.0000e+00    3.0000e+00   -2.4271e+00   -1.7634e+00   -1.2482e-03    2.4710e-05   -1.3446e-03   -8.4775e-05
   4.0000e-01    0.0000e+00    3.0000e+00   -2.3314e+00   -1.8880e+00   -1.0189e-03    7.0739e-04   -1.0432e-03    5.2118e-04
   4.0000e-01    0.0000e+00    3.0000e+00   -2.2294e+00   -2.0074e+00   -5.0287e-04    1.1258e-03   -4.5440e-04    1.0516e-03
   4.0000e-01    0.0000e+00    3.0000e+00   -2.1213e+00   -2.1213e+00    1.1730e-04    1.2206e-03    2.3831e-04    1.1594e-03
   4.0000e-01    0.0000e+00    3.0000e+00   -2.0074e+00   -2.2294e+00    6.7754e-04    1.0143e-03    8.4293e-04    1.0626e-03
   4.0000e-01    0.0000e+00    3.0000e+00   -1.8880e+00   -2.3314e+00    1.0529e-03    6.0373e-04    1.2856e-03    6.3329e-04
   4.0000e-01    0.0000e+00    3.0000e+00   -1.7634e+00   -2.4271e+00    1.2019e-03    1.2507e-04    1.5162e-03    1.9972e-04
   4.0000e-01    0.0000e+00    3.0000e+00   -1.6339e+00   -2.5160e+00    1.1556e-03   -3.3655e-04    1.5555e-03   -2.0915e-04
   4.0000e-01    0.0000e+00    3.0000e+00   -1.5000e+00   -2.5981e+00    9.5855e-04   -7.2032e-04    1.3894e-03   -5.7090e-04
   4.0000e-01    0.0000e+00    3.0000e+00   -1.3620e+00   -2.6730e+00    6.7571e-04   -9.8563e-04    1.0998e-03   -7.4275e-04
   4.0000e-01    0.0000e+00    3.0000e+00   -1.2202e+00   -2.7406e+00    3.6684e-04   -1.1338e-03    8.9383e-04   -8.5146e-04
   4.0000e-01    0.0000e+00    3.0000e+00   -1.0751e+00   -2.8007e+00    6.7580e-05   -1.1866e-03    6.5453e-04   -9.4378e-04
   4.0000e-01    0.0000e+00    3.0000e+00   -9.2705e-01   -2.8532e+00   -1.9547e-04   -1.1695e-03    4.0557e-04   -9.1064e-04
   4.0000e-01    0.0000e+00    3.0000e+00   -7.7646e-01   -2.8978e+00   -4.1515e-04   -1.1082e-03    2.3380e-04   -7.8737e-04
   4.0000e-01    0.0000e+00    3.0000e+00   -6.2374e-01   -2.9344e+00   -5.7669e-04   -1.0315e-03    9.5297e-05   -6.1541e-04
   4.0000e-01    0.0000e+00    3.0000e+00   -4.6930e-01   -2.9631e+00   -6.9606e-04   -9.5308e-04   -4.0963e-05   -5.4356e-04
   4.0000e-01    0.0000e+00    3.0000e+00   -3.1359e-01   -2.9836e+00   -7.7087e-04   -8.9239e-04   -3.8063e-05   -5.2442e-04
   4.0000e-01    0.0000e+00    3.0000e+00   -1.5701e-01   -2.9959e+00   -8.1703e-04   -8.4967e-04   -9.6118e-05   -4.0803e-04
   4.0000e-01    0.0000e+00    3.0000e+00    0.0000e+00   -3.0000e+00   -8.3757e-04   -8.2903e-04   -9.9356e-05   -4.5494e-04
   4.0000e-01    0.0000e+00    3.0000e+00    1.5701e-01   -2.9959e+00   -8.1703e-04   -8.4967e-04   -1.1977e-04   -3.7160e-04
   4.0000e-01    0.0000e+00    3.0000e+00    3.1359e-01   -2.9836e+00   -7.7087e-04   -8.9239e-04   -3.3006e-05   -4.9173e-04
   4.0000e-01    0.0000e+00    3.0000e+00    4.6930e-01   -2.9631e+00   -6.9606e-04   -9.5308e-04   -3.1359e-05   -4.7467e-04
   4.0000e-01    0.0000e+00    3.0000e+00    6.2374e-01   -2.9344e+00   -5.7669e-04   -1.0315e-03    2.5568e-05   -6.4392e-04
   4.0000e-01    0.0000e+00    3.0000e+00    7.7646e-01   -2.8978e+00   -4.1515e-04   -1.1082e-03    2.2117e-04   -7.4080e-04
   4.0000e-01    0.0000e+00    3.0000e+00    9.2705e-01   -2.8532e+00   -1.9547e-04   -1.1695e-03    3.6662e-04   -8.0089e-04
   4.0000e-01    0.0000e+00    3.0000e+00    1.0751e+00   -2.8007e+00    6.7580e-05   -1.1866e-03    6.6014e-04   -8.2238e-04
   4.0000e-01    0.0000e+00    3.0000e+00    1.2202e+00   -2.7406e+00    3.6684e-04   -1.1338e-03    8.5485e-04   -8.9281e-04
   4.0000e-01    0.0000e+00    3.0000e+00    1.3620e+00   -2.6730e+00    6.7571e-04   -9.8563e-04    1.1864e-03   -7.0225e-04
   4.0000e-01    0.0000e+00    3.0000e+00    1.5000e+00   -2.5981e+00    9.5855e-04   -7.2032e-04    1.3756e-03   -6.0134e-04
   4.0000e-01    0.0000e+00    3.0000e+00    1.6339e+00   -2.5160e+00    1.1556e-03   -3.3655e-04    1.5080e-03   -1.6705e-04
   4.0000e-01    0.0000e+00    3.0000e+00    1.7634e+00   -2.4271e+00    1.2019e-03    1.2507e-04    1.5278e-03    2.5540e-04
   4.0000e-01    0.0000e+00    3.0000e+00    1.8880e+00   -2.3314e+00    1.0529e-03    6.0373e-04    1.3623e-03    6.3320e-04
   4.0000e-01    0.0000e+00    3.0000e+00    2.0074e+00   -2.2294e+00    6.7754e-04    1.0143e-03    8.1766e-04    9.7596e-04
   4.0000e-01    0.0000e+00    3.0000e+00    2.1213e+00   -2.1213e+00    1.1730e-04    1.2206e-03    2.2087e-04    1.2257e-03
   4.0000e-01    0.0000e+00    3.0000e+00    2.2294e+00   -2.0074e+00   -5.0287e-04    1.1258e-03   -3.9654e-04    1.0642e-03
   4.0000e-01    0.0000e+00    3.0000e+00    2.3314e+00   -1.8880e+00   -1.0189e-03    7.0739e-04   -1.0405e-03    5.9946e-04
   4.0000e-01    0.0000e+00    3.0000e+00    2.4271e+00   -1.7634e+00   -1.2482e-03    2.4710e-05   -1.2860e-03   -1.3666e-04
   4.0000e-01    0.0000e+00    3.0000e+00    2.5160e+00   -1.6339e+00   -1.0392e-03   -7.0757e-04   -1.1836e-03   -8.7065e-04
   4.0000e-01    0.0000e+00    3.0000e+00    2.5981e+00   -1.5000e+00   -4.1423e-04   -1.1969e-03   -6.0970e-04   -1.3122e-03
   4.0000e-01    0.0000e+00    3.0000e+00    2.6730e+00   -1.3620e+00    4.2008e-04   -1.2051e-03    1.4474e-04   -1.3141e-03
   4.0000e-01    0.0000e+00    3.0000e+00    2.7406e+00   -1.2202e+00    1.1121e-03   -6.4803e-04    8.0509e-04   -8.9327e-04
   4.0000e-01    0.0000e+00    3.0000e+00    2.8007e+00   -1.0751e+00    1.2718e-03    2.6183e-04    9.3121e-04    6.0609e-05
   4.0000e-01    0.0000e+00    3.0000e+00    2.8532e+00   -9.2705e-01    7.4433e-04    1.0785e-03    4.0253e-04    8.8812e-04
   4.0000e-01    0.0000e+00    3.0000e+00    2.8978e+00   -7.7646e-01   -2.3299e-04    1.3025e-03   -6.2254e-04    1.0082e-03
   4.0000e-01    0.0000e+00    3.0000e+00    2.9344e+00   -6.2374e-01   -1.1193e-03    7.3117e-04   -1.4996e-03    5.0914e-04
   4.0000e-01    0.0000e+00    3.0000e+00    2.9631e+00   -4.6930e-01   -1.3042e-03   -3.5471e-04   -1.7245e-03   -5.8649e-04
   4.0000e-01    0.0000e+00    3.0000e+00    2.9836e+00   -3.1359e-01   -5.7218e-04   -1.2418e-03   -9.0824e-04   -1.4936e-03
   4.0000e-01    0.0000e+00    3.0000e+00    2.9959e+00   -1.5701e-01    6.1213e-04   -1.2412e-03    2.4245e-04   -1.4932e-03
   4.0000e-01   -1.5000e+00    2.6000e+00    3.0000e+00    0.0000e+00   -4.3123e-04   -1.1906e-03   -8.0709e-04   -1.4576e-03
   4.0000e-01   -1.5000e+00    2.6000e+00    2.9959e+00    1.5701e-01    4.1838e-04   -1.2058e-03    1.5343e-04   -1.5236e-03
   4.0000e-01   -1.5000e+00    2.6000e+00    2.9836e+00    3.1359e-01    1.1074e-03   -6.5540e-04    7.1217e-04   -1.1371e-03
   4.0000e-01   -1.5000e+00    2.6000e+00    2.9631e+00    4.6930e-01    1.2735e-03    2.5155e-04    9.5075e-04   -1.6602e-04
   4.0000e-01   -1.5000e+00    2.6000e+00    2.9344e+00    6.2374e-01    7.5414e-04    1.0715e-03    5.0561e-04    5.3574e-04
   4.0000e-01   -1.5000e+00    2.6000e+00    2.8978e+00    7.7646e-01   -2.2398e-04    1.3038e-03   -4.0346e-04    8.1100e-04
   4.0000e-01   -1.5000e+00    2.6000e+00    2.8532e+00    9.2705e-01   -1.1146e-03    7.3777e-04   -1.2063e-03    1.3751e-04
   4.0000e-01   -1.5000e+00    2.6000e+00    2.8007e+00    1.0751e+00   -1.3063e-03   -3.4671e-04   -1.3594e-03   -9.5932e-04
   4.0000e-01   -1.5000e+00    2.6000e+00    2.7406e+00    1.2202e+00   -5.8815e-04   -1.2341e-03   -6.0524e-04   -1.8399e-03
   4.0000e-01   -1.5000e+00    2.6000e+00    2.6730e+00    1.3620e+00    6.0104e-04   -1.2461e-03    6.8765e-04   -1.8412e-03
   4.0000e-01   -1.5000e+00    2.6000e+00    2.5981e+00    1.5000e+00    1.3722e-03   -2.8374e-04    1.5836e-03   -8.0006e-04
   4.0000e-01   -1.5000e+00    2.6000e+00    2.5160e+00    1.6339e+00    1.0470e-03    9.5984e-04    1.2826e-03    4.9693e-04
   4.0000e-01   -1.5000e+00    2.6000e+00    2.4271e+00    1.7634e+00   -1.9660e-04    1.4270e-03    2.0325e-04    9.9873e-04
   4.0000e-01   -1.5000e+00    2.6000e+00    2.3314e+00    1.8880e+00   -1.3172e-03    6.3451e-04   -9.2775e-04    2.2657e-04
   4.0000e-01   -1.5000e+00    2.6000e+00    2.2294e+00    2.0074e+00   -1.2538e-03   -7.9658e-04   -7.8321e-04   -1.1672e-03
   4.0000e-01   -1.5000e+00    2.6000e+00    2.1213e+00    2.1213e+00    5.1079e-05   -1.5095e-03    5.1372e-04   -1.8131e-03
   4.0000e-01   -1.5000e+00    2.6000e+00    2.0074e+00    2.2294e+00    1.3609e-03   -7.1419e-04    1.9690e-03   -9.8314e-04
   4.0000e-01   -1.5000e+00    2.6000e+00    1.8880e+00    2.3314e+00    1.3043e-03    8.6592e-04    1.8186e-03    6.7363e-04
   4.0000e-01   -1.5000e+00    2.6000e+00    1.7634e+00    2.4271e+00   -1.7921e-04    1.5865e-03    4.6029e-04    1.3895e-03
   4.0000e-01   -1.5000e+00    2.6000e+00    1.6339e+00    2.5160e+00   -1.5366e-03    5.4454e-04   -9.3138e-04    4.7856e-04
   4.0000e-01   -1.5000e+00    2.6000e+00    1.5000e+00    2.5981e+00   -1.1741e-03   -1.1830e-03   -5.6988e-04   -1.1995e-03
   4.0000e-01   -1.5000e+00    2.6000e+00    1.3620e+00    2.6730e+00    6.0446e-04   -1.5949e-03    1.1863e-03   -1.6498e-03
   4.0000e-01   -1.5000e+00    2.6000e+00    1.2202e+00    2.7406e+00    1.7479e-03   -6.5610e-05    2.2945e-03    2.8462e-05
   4.0000e-01   -1.5000e+00    2.6000e+00    1.0751e+00    2.8007e+00    7.4655e-04    1.6336e-03    1.2175e-03    1.7228e-03
   4.0000e-01   -1.5000e+00    2.6000e+00    9.2705e-01    2.8532e+00   -1.2896e-03    1.3234e-03   -9.0078e-04    1.4741e-03
   4.0000e-01   -1.5000e+00    2.6000e+00    7.7646e-01    2.8978e+00   -1.7501e-03   -7.5174e-04   -1.4044e-03   -5.6947e-04
   4.0000e-01   -1.5000e+00    2.6000e+00    6.2374e-01    2.9344e+00    1.1054e-04   -1.9652e-03    4.0179e-04   -1.8031e-03
   4.0000e-01   -1.5000e+00    2.6000e+00    4.6930e-01    2.9631e+00    1.9630e-03   -5.5393e-04    2.1825e-03   -3.3892e-04
   4.0000e-01   -1.5000e+00    2.6000e+00    3.1359e-01    2.9836e+00    1.1865e-03    1.7569e-03    1.2849e-03    1.9196e-03
   4.0000e-01   -1.5000e+00    2.6000e+00    1.5701e-01    2.9959e+00   -1.3564e-03    1.7461e-03   -1.3281e-03    1.8474e-03
   4.0000e-01   -1.5000e+00    2.6000e+00    0.0000e+00    3.0000e+00   -2.1688e-03   -8.1403e-04   -2.0576e-03   -6.4345e-04
   4.0000e-01   -1.5000e+00    2.6000e+00   -2.5981e+00    1.5000e+00   -2.1833e-03   -7.6948e-04   -2.0911e-03   -8.2847e-04
   4.0000e-01   -1.5000e+00    2.6000e+00   -2.6730e+00    1.3620e+00   -1.3295e-03    1.7655e-03   -1.1417e-03    1.7509e-03
   4.0000e-01   -1.5000e+00    2.6000e+00   -2.7406e+00    1.2202e+00    1.2236e-03    1.7301e-03    1.5412e-03    1.7444e-03
   4.0000e-01   -1.5000e+00    2.6000e+00   -2.8007e+00    1.0751e+00    1.9540e-03   -5.8306e-04    2.2498e-03   -5.4902e-04
   4.0000e-01   -1.5000e+00    2.6000e+00   -2.8532e+00    9.2705e-01    8.0721e-05   -1.9659e-03    3.4178e-04   -1.8999e-03
   4.0000e-01   -1.5000e+00    2.6000e+00   -2.8978e+00    7.7646e-01   -1.7603e-03   -7.2619e-04   -1.4127e-03   -6.8762e-04
   4.0000e-01   -1.5000e+00    2.6000e+00   -2.9344e+00    6.2374e-01   -1.2680e-03    1.3436e-03   -9.7658e-04    1.4792e-03
   4.0000e-01   -1.5000e+00    2.6000e+00   -2.9631e+00    4.6930e-01    7.6992e-04    1.6221e-03    1.0839e-03    1.6785e-03
   4.0000e-01   -1.5000e+00    2.6000e+00   -2.9836e+00    3.1359e-01    1.7458e-03   -9.4569e-05    2.0166e-03    5.2788e-07
   4.0000e-01   -1.5000e+00    2.6000e+00   -2.9959e+00    1.5701e-01    5.9040e-04   -1.6001e-03    8.4563e-04   -1.4841e-03
   4.0000e-01   -1.5000e+00    2.6000e+00   -3.0000e+00    0.0000e+00   -1.1975e-03   -1.1583e-03   -9.8639e-04   -9.7745e-04
   4.0000e-01   -1.5000e+00    2.6000e+00   -2.9959e+00   -1.5701e-01   -1.5295e-03    5.6347e-04   -1.3246e-03    7.3527e-04
   4.0000e-01   -1.5000e+00    2.6000e+00   -2.9836e+00   -3.1359e-01   -1.7212e-04    1.5873e-03   -1.1220e-04    1.6992e-03
   4.0000e-01   -1.5000e+00    2.6000e+00   -2.9631e+00   -4.6930e-01    1.3105e-03    8.5643e-04    1.4211e-03    9.7561e-04
   4.0000e-01   -1.5000e+00    2.6000e+00   -2.9344e+00   -6.2374e-01    1.3489e-03   -7.3627e-04    1.3330e-03   -6.9222e-04
   4.0000e-01   -1.5000e+00    2.6000e+00   -2.8978e+00   -7.7646e-01    2.5923e-05   -1.5097e-03    1.3122e-05   -1.4709e-03
   4.0000e-01   -1.5000e+00    2.6000e+00   -2.8532e+00   -9.2705e-01   -1.2580e-03   -7.8959e-04   -1.3379e-03   -7.6711e-04
   4.0000e-01   -1.5000e+00    2.6000e+00   -2.8007e+00   -1.0751e+00   -1.3125e-03    6.4443e-04   -1.4725e-03    6.3181e-04
   4.0000e-01   -1.5000e+00    2.6000e+00   -2.7406e+00   -1.2202e+00   -1.8055e-04    1.4292e-03   -4.1249e-04    1.4384e-03
   4.0000e-01   -1.5000e+00    2.6000e+00   -2.6730e+00   -1.3620e+00    1.0637e-03    9.4059e-04    8.4408e-04    9.0034e-04
   4.0000e-01   -1.5000e+00    2.6000e+00   -2.5981e+00   -1.5000e+00    1.3693e-03   -2.9762e-04    1.0807e-03   -4.5010e-04
   4.0000e-01   -1.5000e+00    2.6000e+00   -2.5160e+00   -1.6339e+00    5.9038e-04   -1.2511e-03    2.9036e-04   -1.4568e-03
   4.0000e-01   -1.5000e+00    2.6000e+00   -2.4271e+00   -1.7634e+00   -6.0332e-04   -1.2263e-03   -8.7688e-04   -1.4120e-03
   4.0000e-01   -1.5000e+00    2.6000e+00   -2.3314e+00   -1.8880e+00   -1.3117e-03   -3.2360e-04   -1.6302e-03   -5.8287e-04
   4.0000e-01   -1.5000e+00    2.6000e+00   -2.2294e+00   -2.0074e+00   -1.1082e-03    7.4689e-04   -1.3818e-03    4.3541e-04
   4.0000e-01   -1.5000e+00    2.6000e+00   -2.1213e+00   -2.1213e+00   -2.1792e-04    1.3048e-03   -4.9906e-04    1.0474e-03
   4.0000e-01   -1.5000e+00    2.6000e+00   -2.0074e+00   -2.2294e+00    7.6883e-04    1.0606e-03    5.0215e-04    7.0311e-04
   4.0000e-01   -1.5000e+00    2.6000e+00   -1.8880e+00   -2.3314e+00    1.2768e-03    2.3187e-04    1.1635e-03   -2.0213e-04
   4.0000e-01   -1.5000e+00    2.6000e+00   -1.7634e+00   -2.4271e+00    1.0995e-03   -6.6784e-04    8.9411e-04   -9.6959e-04
   4.0000e-01   -1.5000e+00    2.6000e+00   -1.6339e+00   -2.5160e+00    4.0737e-04   -1.2093e-03    2.7898e-04   -1.5631e-03
   4.0000e-01   -1.5000e+00    2.6000e+00   -1.5000e+00   -2.5981e+00   -4.3574e-04   -1.1886e-03   -4.2175e-04   -1.5820e-03
   4.0000e-01   -1.5000e+00    2.6000e+00   -1.3620e+00   -2.6730e+00   -1.0538e-03   -6.8481e-04   -1.0885e-03   -1.0225e-03
   4.0000e-01   -1.5000e+00    2.6000e+00   -1.2202e+00   -2.7406e+00   -1.2475e-03    4.4210e-05   -1.2080e-03   -3.0478e-04
   4.0000e-01   -1.5000e+00    2.6000e+00   -1.0751e+00   -2.8007e+00   -1.0121e-03    7.1689e-04   -9.2104e-04    3.7112e-04
   4.0000e-01   -1.5000e+00    2.6000e+00   -9.2705e-01   -2.8532e+00   -4.8304e-04    1.1341e-03   -3.1651e-04    9.1101e-04
   4.0000e-01   -1.5000e+00    2.6000e+00   -7.7646e-01   -2.8978e+00    1.4582e-04    1.2170e-03    3.3923e-04    1.0054e-03
   4.0000e-01   -1.5000e+00    2.6000e+00   -6.2374e-01   -2.9344e+00    6.9145e-04    1.0045e-03    9.6084e-04    8.4214e-04
   4.0000e-01   -1.5000e+00    2.6000e+00   -4.6930e-01   -2.9631e+00    1.0585e-03    5.9339e-04    1.3432e-03    5.1703e-04
   4.0000e-01   -1.5000e+00    2.6000e+00   -3.1359e-01   -2.9836e+00    1.2032e-03    1.1026e-04    1.5978e-03    1.1205e-04
   4.0000e-01   -1.5000e+00    2.6000e+00   -1.5701e-01   -2.9959e+00    1.1499e-03   -3.5504e-04    1.5270e-03   -2.7636e-04
   4.0000e-01   -1.5000e+00    2.6000e+00    0.0000e+00   -3.0000e+00    9.4572e-04   -7.3696e-04    1.3520e-03   -6.0470e-04
   4.0000e-01   -1.5000e+00    2.6000e+00    1.5701e-01   -2.9959e+00    6.6621e-04   -9.9212e-04    1.0868e-03   -6.9879e-04
   4.0000e-01   -1.5000e+00    2.6000e+00    3.1359e-01   -2.9836e+00    3.5608e-04   -1.1370e-03    8.2107e-04   -7.7929e-04
   4.0000e-01   -1.5000e+00    2.6000e+00    4.6930e-01   -2.9631e+00    4.9619e-05   -1.1873e-03    5.4898e-04   -7.9190e-04
   4.0000e-01   -1.5000e+00    2.6000e+00    6.2374e-01   -2.9344e+00   -2.1394e-04   -1.1662e-03    3.1190e-04   -5.7912e-04
   4.0000e-01   -1.5000e+00    2.6000e+00    7.7646e-01   -2.8978e+00   -4.3067e-04   -1.1021e-03    1.2118e-04   -5.0625e-04
   4.0000e-01   -1.5000e+00    2.6000e+00    9.2705e-01   -2.8532e+00   -5.8897e-04   -1.0243e-03   -2.2090e-05   -3.3094e-04
   4.0000e-01   -1.5000e+00    2.6000e+00    1.0751e+00   -2.8007e+00   -7.0843e-04   -9.4407e-04   -1.0202e-04   -1.7826e-04
   4.0000e-01   -1.5000e+00    2.6000e+00    1.2202e+00   -2.7406e+00   -7.8637e-04   -8.7892e-04   -1.8213e-04   -4.9036e-05
   4.0000e-01   -1.5000e+00    2.6000e+00    1.3620e+00   -2.6730e+00   -8.3304e-04   -8.3365e-04   -2.0461e-04    8.1283e-05
   4.0000e-01   -1.5000e+00    2.6000e+00    1.5000e+00   -2.5981e+00   -8.4487e-04   -8.2143e-04   -2.2559e-04    1.5340e-04
   4.0000e-01   -1.5000e+00    2.6000e+00    1.6339e+00   -2.5160e+00   -8.2731e-04   -8.3950e-04   -2.3133e-04    1.9363e-04
   4.0000e-01   -1.5000e+00    2.6000e+00    1.7634e+00   -2.4271e+00   -7.8645e-04   -8.7864e-04   -1.8070e-04    1.8349e-04
   4.0000e-01   -1.5000e+00    2.6000e+00    1.8880e+00   -2.3314e+00   -7.1412e-04   -9.3963e-04   -1.4497e-04    8.1785e-05
   4.0000e-01   -1.5000e+00    2.6000e+00    2.0074e+00   -2.2294e+00   -5.8980e-04   -1.0240e-03   -8.0100e-05   -1.4106e-05
   4.0000e-01   -1.5000e+00    2.6000e+00    2.1213e+00   -2.1213e+00   -4.1965e-04   -1.1066e-03    1.0221e-04   -1.2845e-04
   4.0000e-01   -1.5000e+00    2.6000e+00    2.2294e+00   -2.0074e+00   -2.0979e-04   -1.1670e-03    2.9540e-04   -2.1097e-04
   4.0000e-01   -1.5000e+00    2.6000e+00    2.3314e+00   -1.8880e+00    4.5286e-05   -1.1875e-03    5.0612e-04   -3.2129e-04
   4.0000e-01   -1.5000e+00    2.6000e+00    2.4271e+00   -1.7634e+00    3.5316e-04   -1.1380e-03    6.7878e-04   -3.0850e-04
   4.0000e-01   -1.5000e+00    2.6000e+00    2.5160e+00   -1.6339e+00    6.7109e-04   -9.8895e-04    9.7381e-04   -1.8742e-04
   4.0000e-01   -1.5000e+00    2.6000e+00    2.5981e+00   -1.5000e+00    9.5167e-04   -7.2950e-04    1.1451e-03   -5.1004e-05
   4.0000e-01   -1.5000e+00    2.6000e+00    2.6730e+00   -1.3620e+00    1.1496e-03   -3.5574e-04    1.2712e-03    2.7632e-04
   4.0000e-01   -1.5000e+00    2.6000e+00    2.7406e+00   -1.2202e+00    1.2031e-03    1.1482e-04    1.2772e-03    6.2115e-04
   4.0000e-01   -1.5000e+00    2.6000e+00    2.8007e+00   -1.0751e+00    1.0544e-03    6.0144e-04    1.0047e-03    1.0118e-03
   4.0000e-01   -1.5000e+00    2.6000e+00    2.8532e+00   -9.2705e-01    6.8221e-04    1.0111e-03    5.7953e-04    1.3211e-03
   4.0000e-01   -1.5000e+00    2.6000e+00    2.8978e+00   -7.7646e-01    1.3649e-04    1.2184e-03   -5.4963e-05    1.4781e-03
   4.0000e-01   -1.5000e+00    2.6000e+00    2.9344e+00   -6.2374e-01   -4.9114e-04    1.1310e-03   -7.5082e-04    1.2766e-03
   4.0000e-01   -1.5000e+00    2.6000e+00    2.9631e+00   -4.6930e-01   -1.0180e-03    7.0874e-04   -1.2549e-03    7.3046e-04
   4.0000e-01   -1.5000e+00    2.6000e+00    2.9836e+00   -3.1359e-01   -1.2483e-03    2.5146e-05   -1.5075e-03   -6.7233e-05
   4.0000e-01   -1.5000e+00    2.6000e+00    2.9959e+00   -1.5701e-01   -1.0448e-03   -6.9934e-04   -1.4121e-03   -9.2228e-04
   4.0000e-01   -2.6000e+00    1.5000e+00    3.0000e+00    0.0000e+00    9.4369e-04   -7.3949e-04    1.3365e-03   -4.6667e-04
   4.0000e-01   -2.6000e+00    1.5000e+00    2.9959e+00    1.5701e-01    1.1499e-03   -3.5504e-04    1.5002e-03   -3.2748e-04
   4.0000e-01   -2.6000e+00    1.5000e+00    2.9836e+00    3.1359e-01    1.2032e-03    1.1026e-04    1.6570e-03    6.8467e-05
   4.0000e-01   -2.6000e+00    1.5000e+00    2.9631e+00    4.6930e-01    1.0585e-03    5.9339e-04    1.4653e-03    3.9312e-04
   4.0000e-01   -2.6000e+00    1.5000e+00    2.9344e+00    6.2374e-01    6.9145e-04    1.0045e-03    1.1091e-03    6.2045e-04
   4.0000e-01   -2.6000e+00    1.5000e+00    2.8978e+00    7.7646e-01    1.4582e-04    1.2170e-03    4.7879e-04    7.5742e-04
   4.0000e-01   -2.6000e+00    1.5000e+00    2.8532e+00    9.2705e-01   -4.8304e-04    1.1341e-03   -7.5427e-05    4.6487e-04
   4.0000e-01   -2.6000e+00    1.5000e+00    2.8007e+00    1.0751e+00   -1.0121e-03    7.1689e-04   -6.1444e-04    -1.5991e-05
   4.0000e-01   -2.6000e+00    1.5000e+00    2.7406e+00    1.2202e+00   -1.2475e-03    4.4210e-05   -8.5799e-04   -7.6133e-04
   4.0000e-01   -2.6000e+00    1.5000e+00    2.6730e+00    1.3620e+00   -1.0538e-03   -6.8481e-04   -6.4243e-04   -1.5461e-03
   4.0000e-01   -2.6000e+00    1.5000e+00    2.5981e+00    1.5000e+00   -4.3574e-04   -1.1886e-03   -8.7270e-05   -2.0560e-03
   4.0000e-01   -2.6000e+00    1.5000e+00    2.5160e+00    1.6339e+00    4.0737e-04   -1.2093e-03    8.1497e-04   -2.1739e-03
   4.0000e-01   -2.6000e+00    1.5000e+00    2.4271e+00    1.7634e+00    1.0995e-03   -6.6784e-04    1.4917e-03   -1.5518e-03
   4.0000e-01   -2.6000e+00    1.5000e+00    2.3314e+00    1.8880e+00    1.2768e-03    2.3187e-04    1.6298e-03   -6.6705e-04
   4.0000e-01   -2.6000e+00    1.5000e+00    2.2294e+00    2.0074e+00    7.6883e-04    1.0606e-03    1.0884e-03    1.2005e-04
   4.0000e-01   -2.6000e+00    1.5000e+00    2.1213e+00    2.1213e+00   -2.1792e-04    1.3048e-03    1.3197e-04    4.6765e-04
   4.0000e-01   -2.6000e+00    1.5000e+00    2.0074e+00    2.2294e+00   -1.1082e-03    7.4689e-04   -7.9085e-04   -4.5952e-05
   4.0000e-01   -2.6000e+00    1.5000e+00    1.8880e+00    2.3314e+00   -1.3117e-03   -3.2360e-04   -1.0525e-03   -1.0439e-03
   4.0000e-01   -2.6000e+00    1.5000e+00    1.7634e+00    2.4271e+00   -6.0332e-04   -1.2263e-03   -3.6215e-04   -1.8531e-03
   4.0000e-01   -2.6000e+00    1.5000e+00    1.6339e+00    2.5160e+00    5.9038e-04   -1.2511e-03    7.8998e-04   -1.8922e-03
   4.0000e-01   -2.6000e+00    1.5000e+00    1.5000e+00    2.5981e+00    1.3693e-03   -2.9762e-04    1.5572e-03   -8.6218e-04
   4.0000e-01   -2.6000e+00    1.5000e+00    1.3620e+00    2.6730e+00    1.0637e-03    9.4059e-04    1.1225e-03    4.5518e-04
   4.0000e-01   -2.6000e+00    1.5000e+00    1.2202e+00    2.7406e+00   -1.8055e-04    1.4292e-03   -6.9468e-05    1.0259e-03
   4.0000e-01   -2.6000e+00    1.5000e+00    1.0751e+00    2.8007e+00   -1.3125e-03    6.4443e-04   -1.2651e-03    3.2902e-04
   4.0000e-01   -2.6000e+00    1.5000e+00    9.2705e-01    2.8532e+00   -1.2580e-03   -7.8959e-04   -1.1278e-03   -1.0037e-03
   4.0000e-01   -2.6000e+00    1.5000e+00    7.7646e-01    2.8978e+00    2.5923e-05   -1.5097e-03    9.6087e-05   -1.6649e-03
   4.0000e-01   -2.6000e+00    1.5000e+00    6.2374e-01    2.9344e+00    1.3489e-03   -7.3627e-04    1.3935e-03   -9.0864e-04
   4.0000e-01   -2.6000e+00    1.5000e+00    4.6930e-01    2.9631e+00    1.3105e-03    8.5643e-04    1.3919e-03    7.1870e-04
   4.0000e-01   -2.6000e+00    1.5000e+00    3.1359e-01    2.9836e+00   -1.7212e-04    1.5873e-03   -1.0319e-04    1.5233e-03
   4.0000e-01   -2.6000e+00    1.5000e+00    1.5701e-01    2.9959e+00   -1.5295e-03    5.6347e-04   -1.4823e-03    5.0982e-04
   4.0000e-01   -2.6000e+00    1.5000e+00    0.0000e+00    3.0000e+00   -1.1872e-03   -1.1693e-03   -1.0771e-03   -1.2461e-03
   4.0000e-01   -2.6000e+00    1.5000e+00   -1.5701e-01    2.9959e+00    5.9040e-04   -1.6001e-03    6.7883e-04   -1.6163e-03
   4.0000e-01   -2.6000e+00    1.5000e+00   -3.1359e-01    2.9836e+00    1.7458e-03   -9.4569e-05    1.8090e-03   -9.2587e-05
   4.0000e-01   -2.6000e+00    1.5000e+00   -4.6930e-01    2.9631e+00    7.6992e-04    1.6221e-03    8.8534e-04    1.6204e-03
   4.0000e-01   -2.6000e+00    1.5000e+00   -6.2374e-01    2.9344e+00   -1.2680e-03    1.3436e-03   -1.1419e-03    1.3924e-03
   4.0000e-01   -2.6000e+00    1.5000e+00   -7.7646e-01    2.8978e+00   -1.7603e-03   -7.2619e-04   -1.6530e-03   -7.2190e-04
   4.0000e-01   -2.6000e+00    1.5000e+00   -9.2705e-01    2.8532e+00    8.0721e-05   -1.9659e-03    1.5732e-04   -1.9690e-03
   4.0000e-01   -2.6000e+00    1.5000e+00   -1.0751e+00    2.8007e+00    1.9540e-03   -5.8306e-04    2.0354e-03   -5.9047e-04
   4.0000e-01   -2.6000e+00    1.5000e+00   -1.2202e+00    2.7406e+00    1.2236e-03    1.7301e-03    1.3640e-03    1.6949e-03
   4.0000e-01   -2.6000e+00    1.5000e+00   -1.3620e+00    2.6730e+00   -1.3295e-03    1.7655e-03   -1.2200e-03    1.7150e-03
   4.0000e-01   -2.6000e+00    1.5000e+00   -1.5000e+00    2.5981e+00   -2.1833e-03   -7.6948e-04   -1.9861e-03   -8.0524e-04
   4.0000e-01   -2.6000e+00    1.5000e+00   -3.0000e+00    0.0000e+00   -2.1761e-03   -7.9174e-04   -2.0983e-03   -6.5650e-04
   4.0000e-01   -2.6000e+00    1.5000e+00   -2.9959e+00   -1.5701e-01   -1.3564e-03    1.7461e-03   -1.2592e-03    1.9096e-03
   4.0000e-01   -2.6000e+00    1.5000e+00   -2.9836e+00   -3.1359e-01    1.1865e-03    1.7569e-03    1.1931e-03    1.8703e-03
   4.0000e-01   -2.6000e+00    1.5000e+00   -2.9631e+00   -4.6930e-01    1.9630e-03   -5.5393e-04    1.9410e-03   -4.2370e-04
   4.0000e-01   -2.6000e+00    1.5000e+00   -2.9344e+00   -6.2374e-01    1.1054e-04   -1.9652e-03    4.2196e-05   -1.9179e-03
   4.0000e-01   -2.6000e+00    1.5000e+00   -2.8978e+00   -7.7646e-01   -1.7501e-03   -7.5174e-04   -1.8124e-03   -6.2098e-04
   4.0000e-01   -2.6000e+00    1.5000e+00   -2.8532e+00   -9.2705e-01   -1.2896e-03    1.3234e-03   -1.3667e-03    1.4777e-03
   4.0000e-01   -2.6000e+00    1.5000e+00   -2.8007e+00   -1.0751e+00    7.4655e-04    1.6336e-03    5.8629e-04    1.7209e-03
   4.0000e-01   -2.6000e+00    1.5000e+00   -2.7406e+00   -1.2202e+00    1.7479e-03   -6.5610e-05    1.5550e-03    4.0739e-05
   4.0000e-01   -2.6000e+00    1.5000e+00   -2.6730e+00   -1.3620e+00    6.0446e-04   -1.5949e-03    4.3613e-04   -1.5251e-03
   4.0000e-01   -2.6000e+00    1.5000e+00   -2.5981e+00   -1.5000e+00   -1.1741e-03   -1.1830e-03   -1.3599e-03   -1.1334e-03
   4.0000e-01   -2.6000e+00    1.5000e+00   -2.5160e+00   -1.6339e+00   -1.5366e-03    5.4454e-04   -1.7818e-03    6.6483e-04
   4.0000e-01   -2.6000e+00    1.5000e+00   -2.4271e+00   -1.7634e+00   -1.7921e-04    1.5865e-03   -3.7338e-04    1.6278e-03
   4.0000e-01   -2.6000e+00    1.5000e+00   -2.3314e+00   -1.8880e+00    1.3043e-03    8.6592e-04    1.0095e-03    8.9119e-04
   4.0000e-01   -2.6000e+00    1.5000e+00   -2.2294e+00   -2.0074e+00    1.3609e-03   -7.1419e-04    1.1332e-03   -6.9464e-04
   4.0000e-01   -2.6000e+00    1.5000e+00   -2.1213e+00   -2.1213e+00    5.1079e-05   -1.5095e-03   -1.6865e-04   -1.4726e-03
   4.0000e-01   -2.6000e+00    1.5000e+00   -2.0074e+00   -2.2294e+00   -1.2538e-03   -7.9658e-04   -1.5197e-03   -8.4327e-04
   4.0000e-01   -2.6000e+00    1.5000e+00   -1.8880e+00   -2.3314e+00   -1.3172e-03    6.3451e-04   -1.6022e-03    5.6767e-04
   4.0000e-01   -2.6000e+00    1.5000e+00   -1.7634e+00   -2.4271e+00   -1.9660e-04    1.4270e-03   -4.3169e-04    1.3326e-03
   4.0000e-01   -2.6000e+00    1.5000e+00   -1.6339e+00   -2.5160e+00    1.0470e-03    9.5984e-04    7.1609e-04    8.7063e-04
   4.0000e-01   -2.6000e+00    1.5000e+00   -1.5000e+00   -2.5981e+00    1.3722e-03   -2.8374e-04    1.0997e-03   -4.3317e-04
   4.0000e-01   -2.6000e+00    1.5000e+00   -1.3620e+00   -2.6730e+00    6.0104e-04   -1.2461e-03    2.6039e-04   -1.3607e-03
   4.0000e-01   -2.6000e+00    1.5000e+00   -1.2202e+00   -2.7406e+00   -5.8815e-04   -1.2341e-03   -8.2811e-04   -1.4597e-03
   4.0000e-01   -2.6000e+00    1.5000e+00   -1.0751e+00   -2.8007e+00   -1.3063e-03   -3.4671e-04   -1.5636e-03   -5.9261e-04
   4.0000e-01   -2.6000e+00    1.5000e+00   -9.2705e-01   -2.8532e+00   -1.1146e-03    7.3777e-04   -1.4239e-03    4.3576e-04
   4.0000e-01   -2.6000e+00    1.5000e+00   -7.7646e-01   -2.8978e+00   -2.2398e-04    1.3038e-03   -4.5051e-04    1.1001e-03
   4.0000e-01   -2.6000e+00    1.5000e+00   -6.2374e-01   -2.9344e+00    7.5414e-04    1.0715e-03    4.9438e-04    8.2581e-04
   4.0000e-01   -2.6000e+00    1.5000e+00   -4.6930e-01   -2.9631e+00    1.2735e-03    2.5155e-04    1.0984e-03    -1.8351e-05
   4.0000e-01   -2.6000e+00    1.5000e+00   -3.1359e-01   -2.9836e+00    1.1074e-03   -6.5540e-04    8.3582e-04   -8.8325e-04
   4.0000e-01   -2.6000e+00    1.5000e+00   -1.5701e-01   -2.9959e+00    4.1838e-04   -1.2058e-03    2.2453e-04   -1.4284e-03
   4.0000e-01   -2.6000e+00    1.5000e+00    0.0000e+00   -3.0000e+00   -4.2502e-04   -1.1930e-03   -6.7563e-04   -1.4001e-03
   4.0000e-01   -2.6000e+00    1.5000e+00    1.5701e-01   -2.9959e+00   -1.0448e-03   -6.9934e-04   -1.1944e-03   -8.1022e-04
   4.0000e-01   -2.6000e+00    1.5000e+00    3.1359e-01   -2.9836e+00   -1.2483e-03    2.5146e-05   -1.4590e-03   -1.0302e-04
   4.0000e-01   -2.6000e+00    1.5000e+00    4.6930e-01   -2.9631e+00   -1.0180e-03    7.0874e-04   -1.1733e-03    6.9196e-04
   4.0000e-01   -2.6000e+00    1.5000e+00    6.2374e-01   -2.9344e+00   -4.9114e-04    1.1310e-03   -4.9350e-04    1.1824e-03
   4.0000e-01   -2.6000e+00    1.5000e+00    7.7646e-01   -2.8978e+00    1.3649e-04    1.2184e-03    9.4380e-05    1.3389e-03
   4.0000e-01   -2.6000e+00    1.5000e+00    9.2705e-01   -2.8532e+00    6.8221e-04    1.0111e-03    7.7528e-04    1.2359e-03
   4.0000e-01   -2.6000e+00    1.5000e+00    1.0751e+00   -2.8007e+00    1.0544e-03    6.0144e-04    1.0798e-03    9.5994e-04
   4.0000e-01   -2.6000e+00    1.5000e+00    1.2202e+00   -2.7406e+00    1.2031e-03    1.1482e-04    1.2475e-03    6.0856e-04
   4.0000e-01   -2.6000e+00    1.5000e+00    1.3620e+00   -2.6730e+00    1.1496e-03   -3.5574e-04    1.2955e-03    1.9193e-04
   4.0000e-01   -2.6000e+00    1.5000e+00    1.5000e+00   -2.5981e+00    9.5167e-04   -7.2950e-04    1.1258e-03   -1.0397e-04
   4.0000e-01   -2.6000e+00    1.5000e+00    1.6339e+00   -2.5160e+00    6.7109e-04   -9.8895e-04    8.9478e-04   -2.6084e-04
   4.0000e-01   -2.6000e+00    1.5000e+00    1.7634e+00   -2.4271e+00    3.5316e-04   -1.1380e-03    6.3398e-04   -2.3334e-04
   4.0000e-01   -2.6000e+00    1.5000e+00    1.8880e+00   -2.3314e+00    4.5286e-05   -1.1875e-03    3.7455e-04   -1.8319e-04
   4.0000e-01   -2.6000e+00    1.5000e+00    2.0074e+00   -2.2294e+00   -2.0979e-04   -1.1670e-03    1.4680e-04    2.8020e-06
   4.0000e-01   -2.6000e+00    1.5000e+00    2.1213e+00   -2.1213e+00   -4.1965e-04   -1.1066e-03    5.4669e-05    9.7545e-05
   4.0000e-01   -2.6000e+00    1.5000e+00    2.2294e+00   -2.0074e+00   -5.8980e-04   -1.0240e-03   -8.6402e-05    2.4219e-04
   4.0000e-01   -2.6000e+00    1.5000e+00    2.3314e+00   -1.8880e+00   -7.1412e-04   -9.3963e-04   -2.2704e-04    3.5581e-04
   4.0000e-01   -2.6000e+00    1.5000e+00    2.4271e+00   -1.7634e+00   -7.8645e-04   -8.7864e-04   -2.4869e-04    5.0677e-04
   4.0000e-01   -2.6000e+00    1.5000e+00    2.5160e+00   -1.6339e+00   -8.2731e-04   -8.3950e-04   -3.5331e-04    5.4420e-04
   4.0000e-01   -2.6000e+00    1.5000e+00    2.5981e+00   -1.5000e+00   -8.4487e-04   -8.2143e-04   -3.2828e-04    5.1205e-04
   4.0000e-01   -2.6000e+00    1.5000e+00    2.6730e+00   -1.3620e+00   -8.3304e-04   -8.3365e-04   -2.9255e-04    4.2990e-04
   4.0000e-01   -2.6000e+00    1.5000e+00    2.7406e+00   -1.2202e+00   -7.8637e-04   -8.7892e-04   -2.6877e-04    4.7414e-04
   4.0000e-01   -2.6000e+00    1.5000e+00    2.8007e+00   -1.0751e+00   -7.0843e-04   -9.4407e-04   -1.6730e-04    2.2263e-04
   4.0000e-01   -2.6000e+00    1.5000e+00    2.8532e+00   -9.2705e-01   -5.8897e-04   -1.0243e-03   -5.7055e-05    9.2373e-05
   4.0000e-01   -2.6000e+00    1.5000e+00    2.8978e+00   -7.7646e-01   -4.3067e-04   -1.1021e-03    5.8712e-05   -1.2660e-04
   4.0000e-01   -2.6000e+00    1.5000e+00    2.9344e+00   -6.2374e-01   -2.1394e-04   -1.1662e-03    2.6751e-04   -3.1948e-04
   4.0000e-01   -2.6000e+00    1.5000e+00    2.9631e+00   -4.6930e-01    4.9619e-05   -1.1873e-03    5.0695e-04   -4.3601e-04
   4.0000e-01   -2.6000e+00    1.5000e+00    2.9836e+00   -3.1359e-01    3.5608e-04   -1.1370e-03    8.2999e-04   -6.1381e-04
   4.0000e-01   -2.6000e+00    1.5000e+00    2.9959e+00   -1.5701e-01    6.6621e-04   -9.9212e-04    1.0782e-03   -5.2368e-04
   4.0000e-01   -3.0000e+00    0.0000e+00    3.0000e+00    0.0000e+00   -8.3757e-04   -8.2903e-04    6.1138e-05   -1.0424e-04
   4.0000e-01   -3.0000e+00    0.0000e+00    2.9959e+00    1.5701e-01   -8.1703e-04   -8.4967e-04    6.5132e-05   -9.3398e-05
   4.0000e-01   -3.0000e+00    0.0000e+00    2.9836e+00    3.1359e-01   -7.7087e-04   -8.9239e-04    3.2376e-05   -2.7033e-04
   4.0000e-01   -3.0000e+00    0.0000e+00    2.9631e+00    4.6930e-01   -6.9606e-04   -9.5308e-04    9.0786e-05   -3.3672e-04
   4.0000e-01   -3.0000e+00    0.0000e+00    2.9344e+00    6.2374e-01   -5.7669e-04   -1.0315e-03    1.8666e-04   -3.4170e-04
   4.0000e-01   -3.0000e+00    0.0000e+00    2.8978e+00    7.7646e-01   -4.1515e-04   -1.1082e-03    3.1497e-04   -5.6187e-04
   4.0000e-01   -3.0000e+00    0.0000e+00    2.8532e+00    9.2705e-01   -1.9547e-04   -1.1695e-03    4.3273e-04   -7.1888e-04
   4.0000e-01   -3.0000e+00    0.0000e+00    2.8007e+00    1.0751e+00    6.7580e-05   -1.1866e-03    6.1427e-04   -6.6676e-04
   4.0000e-01   -3.0000e+00    0.0000e+00    2.7406e+00    1.2202e+00    3.6684e-04   -1.1338e-03    9.5388e-04   -7.4643e-04
   4.0000e-01   -3.0000e+00    0.0000e+00    2.6730e+00    1.3620e+00    6.7571e-04   -9.8563e-04    1.1577e-03   -6.6825e-04
   4.0000e-01   -3.0000e+00    0.0000e+00    2.5981e+00    1.5000e+00    9.5855e-04   -7.2032e-04    1.3711e-03   -4.2068e-04
   4.0000e-01   -3.0000e+00    0.0000e+00    2.5160e+00    1.6339e+00    1.1556e-03   -3.3655e-04    1.5033e-03   -2.3308e-04
   4.0000e-01   -3.0000e+00    0.0000e+00    2.4271e+00    1.7634e+00    1.2019e-03    1.2507e-04    1.4922e-03    1.5746e-04
   4.0000e-01   -3.0000e+00    0.0000e+00    2.3314e+00    1.8880e+00    1.0529e-03    6.0373e-04    1.2042e-03    5.8648e-04
   4.0000e-01   -3.0000e+00    0.0000e+00    2.2294e+00    2.0074e+00    6.7754e-04    1.0143e-03    7.5941e-04    9.3818e-04
   4.0000e-01   -3.0000e+00    0.0000e+00    2.1213e+00    2.1213e+00    1.1730e-04    1.2206e-03    6.1721e-05    1.0921e-03
   4.0000e-01   -3.0000e+00    0.0000e+00    2.0074e+00    2.2294e+00   -5.0287e-04    1.1258e-03   -5.6116e-04    9.7495e-04
   4.0000e-01   -3.0000e+00    0.0000e+00    1.8880e+00    2.3314e+00   -1.0189e-03    7.0739e-04   -1.1629e-03    5.6742e-04
   4.0000e-01   -3.0000e+00    0.0000e+00    1.7634e+00    2.4271e+00   -1.2482e-03    2.4710e-05   -1.4806e-03   -1.8589e-04
   4.0000e-01   -3.0000e+00    0.0000e+00    1.6339e+00    2.5160e+00   -1.0392e-03   -7.0757e-04   -1.3817e-03   -9.7683e-04
   4.0000e-01   -3.0000e+00    0.0000e+00    1.5000e+00    2.5981e+00   -4.1423e-04   -1.1969e-03   -8.2206e-04   -1.4670e-03
   4.0000e-01   -3.0000e+00    0.0000e+00    1.3620e+00    2.6730e+00    4.2008e-04   -1.2051e-03    4.0017e-05   -1.4771e-03
   4.0000e-01   -3.0000e+00    0.0000e+00    1.2202e+00    2.7406e+00    1.1121e-03   -6.4803e-04    6.6197e-04   -9.3522e-04
   4.0000e-01   -3.0000e+00    0.0000e+00    1.0751e+00    2.8007e+00    1.2718e-03    2.6183e-04    7.9306e-04   -8.3434e-05
   4.0000e-01   -3.0000e+00    0.0000e+00    9.2705e-01    2.8532e+00    7.4433e-04    1.0785e-03    2.7801e-04    7.8276e-04
   4.0000e-01   -3.0000e+00    0.0000e+00    7.7646e-01    2.8978e+00   -2.3299e-04    1.3025e-03   -6.3724e-04    1.0178e-03
   4.0000e-01   -3.0000e+00    0.0000e+00    6.2374e-01    2.9344e+00   -1.1193e-03    7.3117e-04   -1.6320e-03    3.9611e-04
   4.0000e-01   -3.0000e+00    0.0000e+00    4.6930e-01    2.9631e+00   -1.3042e-03   -3.5471e-04   -1.7996e-03   -6.3141e-04
   4.0000e-01   -3.0000e+00    0.0000e+00    3.1359e-01    2.9836e+00   -5.7218e-04   -1.2418e-03   -1.0236e-03   -1.4493e-03
   4.0000e-01   -3.0000e+00    0.0000e+00    1.5701e-01    2.9959e+00    6.1213e-04   -1.2412e-03    2.3439e-04   -1.4472e-03
   4.0000e-01   -3.0000e+00    0.0000e+00    0.0000e+00    3.0000e+00    1.3746e-03   -2.7437e-04    1.0641e-03   -4.5839e-04
   4.0000e-01   -3.0000e+00    0.0000e+00   -1.5701e-01    2.9959e+00    1.0432e-03    9.6430e-04    7.4803e-04    7.9669e-04
   4.0000e-01   -3.0000e+00    0.0000e+00   -3.1359e-01    2.9836e+00   -2.0201e-04    1.4265e-03   -4.1255e-04    1.2906e-03
   4.0000e-01   -3.0000e+00    0.0000e+00   -4.6930e-01    2.9631e+00   -1.3224e-03    6.2450e-04   -1.4490e-03    5.5390e-04
   4.0000e-01   -3.0000e+00    0.0000e+00   -6.2374e-01    2.9344e+00   -1.2476e-03   -8.0684e-04   -1.3319e-03   -8.3638e-04
   4.0000e-01   -3.0000e+00    0.0000e+00   -7.7646e-01    2.8978e+00    4.8948e-05   -1.5096e-03    5.5618e-05   -1.4737e-03
   4.0000e-01   -3.0000e+00    0.0000e+00   -9.2705e-01    2.8532e+00    1.3601e-03   -7.1613e-04    1.2901e-03   -7.3037e-04
   4.0000e-01   -3.0000e+00    0.0000e+00   -1.0751e+00    2.8007e+00    1.2982e-03    8.7598e-04    1.4499e-03    8.2495e-04
   4.0000e-01   -3.0000e+00    0.0000e+00   -1.2202e+00    2.7406e+00   -1.8388e-04    1.5864e-03    2.1950e-05    1.6616e-03
   4.0000e-01   -3.0000e+00    0.0000e+00   -1.3620e+00    2.6730e+00   -1.5368e-03    5.4430e-04   -1.4229e-03    6.6994e-04
   4.0000e-01   -3.0000e+00    0.0000e+00   -1.5000e+00    2.5981e+00   -1.1750e-03   -1.1819e-03   -9.9533e-04   -1.0926e-03
   4.0000e-01   -3.0000e+00    0.0000e+00   -1.6339e+00    2.5160e+00    6.1360e-04   -1.5920e-03    9.0628e-04   -1.4624e-03
   4.0000e-01   -3.0000e+00    0.0000e+00   -1.7634e+00    2.4271e+00    1.7477e-03   -6.6354e-05    1.9627e-03    1.6646e-04
   4.0000e-01   -3.0000e+00    0.0000e+00   -1.8880e+00    2.3314e+00    7.5192e-04    1.6308e-03    1.0400e-03    1.7868e-03
   4.0000e-01   -3.0000e+00    0.0000e+00   -2.0074e+00    2.2294e+00   -1.2785e-03    1.3340e-03   -1.0613e-03    1.5037e-03
   4.0000e-01   -3.0000e+00    0.0000e+00   -2.1213e+00    2.1213e+00   -1.7497e-03   -7.5343e-04   -1.4601e-03   -6.0890e-04
   4.0000e-01   -3.0000e+00    0.0000e+00   -2.2294e+00    2.0074e+00    1.1527e-04   -1.9650e-03    2.7891e-04   -1.7399e-03
   4.0000e-01   -3.0000e+00    0.0000e+00   -2.3314e+00    1.8880e+00    1.9588e-03   -5.6680e-04    2.1329e-03   -3.9199e-04
   4.0000e-01   -3.0000e+00    0.0000e+00   -2.4271e+00    1.7634e+00    1.2053e-03    1.7432e-03    1.3757e-03    1.8921e-03
   4.0000e-01   -3.0000e+00    0.0000e+00   -2.5160e+00    1.6339e+00   -1.3484e-03    1.7520e-03   -1.3238e-03    1.8959e-03
   4.0000e-01   -3.0000e+00    0.0000e+00   -2.5981e+00    1.5000e+00   -2.1743e-03   -7.9775e-04   -2.0521e-03   -5.8053e-04
   4.0000e-01   -3.0000e+00    0.0000e+00   -2.5981e+00   -1.5000e+00   -2.1743e-03   -7.9775e-04   -2.1024e-03   -6.6186e-04
   4.0000e-01   -3.0000e+00    0.0000e+00   -2.5160e+00   -1.6339e+00   -1.3484e-03    1.7520e-03   -1.1837e-03    1.9257e-03
   4.0000e-01   -3.0000e+00    0.0000e+00   -2.4271e+00   -1.7634e+00    1.2053e-03    1.7432e-03    1.3672e-03    1.8334e-03
   4.0000e-01   -3.0000e+00    0.0000e+00   -2.3314e+00   -1.8880e+00    1.9588e-03   -5.6680e-04    2.1279e-03   -3.8776e-04
   4.0000e-01   -3.0000e+00    0.0000e+00   -2.2294e+00   -2.0074e+00    1.1527e-04   -1.9650e-03    2.7004e-04   -1.8005e-03
   4.0000e-01   -3.0000e+00    0.0000e+00   -2.1213e+00   -2.1213e+00   -1.7497e-03   -7.5343e-04   -1.4553e-03   -5.8210e-04
   4.0000e-01   -3.0000e+00    0.0000e+00   -2.0074e+00   -2.2294e+00   -1.2785e-03    1.3340e-03   -1.0851e-03    1.4415e-03
   4.0000e-01   -3.0000e+00    0.0000e+00   -1.8880e+00   -2.3314e+00    7.5192e-04    1.6308e-03    1.0053e-03    1.7779e-03
   4.0000e-01   -3.0000e+00    0.0000e+00   -1.7634e+00   -2.4271e+00    1.7477e-03   -6.6354e-05    1.9660e-03    1.0067e-04
   4.0000e-01   -3.0000e+00    0.0000e+00   -1.6339e+00   -2.5160e+00    6.1360e-04   -1.5920e-03    8.6268e-04   -1.4416e-03
   4.0000e-01   -3.0000e+00    0.0000e+00   -1.5000e+00   -2.5981e+00   -1.1750e-03   -1.1819e-03   -9.4349e-04   -1.1043e-03
   4.0000e-01   -3.0000e+00    0.0000e+00   -1.3620e+00   -2.6730e+00   -1.5368e-03    5.4430e-04   -1.3711e-03    6.3108e-04
   4.0000e-01   -3.0000e+00    0.0000e+00   -1.2202e+00   -2.7406e+00   -1.8388e-04    1.5864e-03   -3.4896e-05    1.6952e-03
   4.0000e-01   -3.0000e+00    0.0000e+00   -1.0751e+00   -2.8007e+00    1.2982e-03    8.7598e-04    1.3765e-03    8.8938e-04
   4.0000e-01   -3.0000e+00    0.0000e+00   -9.2705e-01   -2.8532e+00    1.3601e-03   -7.1613e-04    1.4675e-03   -7.0077e-04
   4.0000e-01   -3.0000e+00    0.0000e+00   -7.7646e-01   -2.8978e+00    4.8948e-05   -1.5096e-03    -8.2041e-06   -1.5458e-03
   4.0000e-01   -3.0000e+00    0.0000e+00   -6.2374e-01   -2.9344e+00   -1.2476e-03   -8.0684e-04   -1.3604e-03   -9.0882e-04
   4.0000e-01   -3.0000e+00    0.0000e+00   -4.6930e-01   -2.9631e+00   -1.3224e-03    6.2450e-04   -1.5029e-03    4.9931e-04
   4.0000e-01   -3.0000e+00    0.0000e+00   -3.1359e-01   -2.9836e+00   -2.0201e-04    1.4265e-03   -3.2065e-04    1.3316e-03
   4.0000e-01   -3.0000e+00    0.0000e+00   -1.5701e-01   -2.9959e+00    1.0432e-03    9.6430e-04    8.3738e-04    8.3812e-04
   4.0000e-01   -3.0000e+00    0.0000e+00    0.0000e+00   -3.0000e+00    1.3746e-03   -2.7437e-04    1.0535e-03   -4.5618e-04
   4.0000e-01   -3.0000e+00    0.0000e+00    1.5701e-01   -2.9959e+00    6.1213e-04   -1.2412e-03    2.4896e-04   -1.5104e-03
   4.0000e-01   -3.0000e+00    0.0000e+00    3.1359e-01   -2.9836e+00   -5.7218e-04   -1.2418e-03   -1.0260e-03   -1.4663e-03
   4.0000e-01   -3.0000e+00    0.0000e+00    4.6930e-01   -2.9631e+00   -1.3042e-03   -3.5471e-04   -1.7965e-03   -6.2685e-04
   4.0000e-01   -3.0000e+00    0.0000e+00    6.2374e-01   -2.9344e+00   -1.1193e-03    7.3117e-04   -1.5672e-03    4.6006e-04
   4.0000e-01   -3.0000e+00    0.0000e+00    7.7646e-01   -2.8978e+00   -2.3299e-04    1.3025e-03   -7.0502e-04    9.4649e-04
   4.0000e-01   -3.0000e+00    0.0000e+00    9.2705e-01   -2.8532e+00    7.4433e-04    1.0785e-03    2.7943e-04    7.5083e-04
   4.0000e-01   -3.0000e+00    0.0000e+00    1.0751e+00   -2.8007e+00    1.2718e-03    2.6183e-04    7.6231e-04   -1.3617e-04
   4.0000e-01   -3.0000e+00    0.0000e+00    1.2202e+00   -2.7406e+00    1.1121e-03   -6.4803e-04    6.7968e-04   -1.0257e-03
   4.0000e-01   -3.0000e+00    0.0000e+00    1.3620e+00   -2.6730e+00    4.2008e-04   -1.2051e-03    -5.6553e-05   -1.4482e-03
   4.0000e-01   -3.0000e+00    0.0000e+00    1.5000e+00   -2.5981e+00   -4.1423e-04   -1.1969e-03   -8.2400e-04   -1.5030e-03
   4.0000e-01   -3.0000e+00    0.0000e+00    1.6339e+00   -2.5160e+00   -1.0392e-03   -7.0757e-04   -1.3432e-03   -9.7112e-04
   4.0000e-01   -3.0000e+00    0.0000e+00    1.7634e+00   -2.4271e+00   -1.2482e-03    2.4710e-05   -1.5271e-03   -2.3313e-04
   4.0000e-01   -3.0000e+00    0.0000e+00    1.8880e+00   -2.3314e+00   -1.0189e-03    7.0739e-04   -1.1578e-03    5.0686e-04
   4.0000e-01   -3.0000e+00    0.0000e+00    2.0074e+00   -2.2294e+00   -5.0287e-04    1.1258e-03   -5.9209e-04    9.0190e-04
   4.0000e-01   -3.0000e+00    0.0000e+00    2.1213e+00   -2.1213e+00    1.1730e-04    1.2206e-03    9.1432e-05    1.1625e-03
   4.0000e-01   -3.0000e+00    0.0000e+00    2.2294e+00   -2.0074e+00    6.7754e-04    1.0143e-03    7.3098e-04    9.4947e-04
   4.0000e-01   -3.0000e+00    0.0000e+00    2.3314e+00   -1.8880e+00    1.0529e-03    6.0373e-04    1.2331e-03    6.5981e-04
   4.0000e-01   -3.0000e+00    0.0000e+00    2.4271e+00   -1.7634e+00    1.2019e-03    1.2507e-04    1.4653e-03    2.0784e-04
   4.0000e-01   -3.0000e+00    0.0000e+00    2.5160e+00   -1.6339e+00    1.1556e-03   -3.3655e-04    1.5166e-03   -9.9640e-05
   4.0000e-01   -3.0000e+00    0.0000e+00    2.5981e+00   -1.5000e+00    9.5855e-04   -7.2032e-04    1.4147e-03   -5.2988e-04
   4.0000e-01   -3.0000e+00    0.0000e+00    2.6730e+00   -1.3620e+00    6.7571e-04   -9.8563e-04    1.2716e-03   -7.1531e-04
   4.0000e-01   -3.0000e+00    0.0000e+00    2.7406e+00   -1.2202e+00    3.6684e-04   -1.1338e-03    8.7695e-04   -7.3034e-04
   4.0000e-01   -3.0000e+00    0.0000e+00    2.8007e+00   -1.0751e+00    6.7580e-05   -1.1866e-03    6.8121e-04   -7.1352e-04
   4.0000e-01   -3.0000e+00    0.0000e+00    2.8532e+00   -9.2705e-01   -1.9547e-04   -1.1695e-03    5.2440e-04   -6.1197e-04
   4.0000e-01   -3.0000e+00    0.0000e+00    2.8978e+00   -7.7646e-01   -4.1515e-04   -1.1082e-03    2.7277e-04   -5.3020e-04
   4.0000e-01   -3.0000e+00    0.0000e+00    2.9344e+00   -6.2374e-01   -5.7669e-04   -1.0315e-03    2.1898e-04   -3.6732e-04
   4.0000e-01   -3.0000e+00    0.0000e+00    2.9631e+00   -4.6930e-01   -6.9606e-04   -9.5308e-04    1.3459e-04   -2.5914e-04
   4.0000e-01   -3.0000e+00    0.0000e+00    2.9836e+00   -3.1359e-01   -7.7087e-04   -8.9239e-04    6.3410e-05   -2.1554e-04
   4.0000e-01   -3.0000e+00    0.0000e+00    2.9959e+00   -1.5701e-01   -8.1703e-04   -8.4967e-04    -4.3047e-05   -1.2243e-04
   4.0000e-01   -2.6000e+00   -1.5000e+00    3.0000e+00    0.0000e+00    9.4572e-04   -7.3696e-04    1.3464e-03   -4.5040e-04
   4.0000e-01   -2.6000e+00   -1.5000e+00    2.9959e+00    1.5701e-01    6.6621e-04   -9.9212e-04    1.0633e-03   -5.9713e-04
   4.0000e-01   -2.6000e+00   -1.5000e+00    2.9836e+00    3.1359e-01    3.5608e-04   -1.1370e-03    7.8403e-04   -5.3018e-04
   4.0000e-01   -2.6000e+00   -1.5000e+00    2.9631e+00    4.6930e-01    4.9619e-05   -1.1873e-03    5.4112e-04   -4.6249e-04
   4.0000e-01   -2.6000e+00   -1.5000e+00    2.9344e+00    6.2374e-01   -2.1394e-04   -1.1662e-03    2.7827e-04   -2.3793e-04
   4.0000e-01   -2.6000e+00   -1.5000e+00    2.8978e+00    7.7646e-01   -4.3067e-04   -1.1021e-03    5.4363e-06   -7.7320e-05
   4.0000e-01   -2.6000e+00   -1.5000e+00    2.8532e+00    9.2705e-01   -5.8897e-04   -1.0243e-03   -3.7597e-05    1.3397e-04
   4.0000e-01   -2.6000e+00   -1.5000e+00    2.8007e+00    1.0751e+00   -7.0843e-04   -9.4407e-04   -1.5375e-04    2.3599e-04
   4.0000e-01   -2.6000e+00   -1.5000e+00    2.7406e+00    1.2202e+00   -7.8637e-04   -8.7892e-04   -2.7266e-04    4.2879e-04
   4.0000e-01   -2.6000e+00   -1.5000e+00    2.6730e+00    1.3620e+00   -8.3304e-04   -8.3365e-04   -3.1337e-04    4.9347e-04
   4.0000e-01   -2.6000e+00   -1.5000e+00    2.5981e+00    1.5000e+00   -8.4487e-04   -8.2143e-04   -3.6480e-04    5.0132e-04
   4.0000e-01   -2.6000e+00   -1.5000e+00    2.5160e+00    1.6339e+00   -8.2731e-04   -8.3950e-04   -2.9282e-04    5.2255e-04
   4.0000e-01   -2.6000e+00   -1.5000e+00    2.4271e+00    1.7634e+00   -7.8645e-04   -8.7864e-04   -3.0250e-04    4.7699e-04
   4.0000e-01   -2.6000e+00   -1.5000e+00    2.3314e+00    1.8880e+00   -7.1412e-04   -9.3963e-04   -2.0473e-04    3.7678e-04
   4.0000e-01   -2.6000e+00   -1.5000e+00    2.2294e+00    2.0074e+00   -5.8980e-04   -1.0240e-03   -1.2228e-04    2.5679e-04
   4.0000e-01   -2.6000e+00   -1.5000e+00    2.1213e+00    2.1213e+00   -4.1965e-04   -1.1066e-03    -7.8027e-06    1.0339e-04
   4.0000e-01   -2.6000e+00   -1.5000e+00    2.0074e+00    2.2294e+00   -2.0979e-04   -1.1670e-03    1.4513e-04   -6.1329e-05
   4.0000e-01   -2.6000e+00   -1.5000e+00    1.8880e+00    2.3314e+00    4.5286e-05   -1.1875e-03    3.2843e-04   -2.0475e-04
   4.0000e-01   -2.6000e+00   -1.5000e+00    1.7634e+00    2.4271e+00    3.5316e-04   -1.1380e-03    6.0676e-04   -2.2977e-04
   4.0000e-01   -2.6000e+00   -1.5000e+00    1.6339e+00    2.5160e+00    6.7109e-04   -9.8895e-04    9.5707e-04   -1.7712e-04
   4.0000e-01   -2.6000e+00   -1.5000e+00    1.5000e+00    2.5981e+00    9.5167e-04   -7.2950e-04    1.1534e-03   -6.8810e-05
   4.0000e-01   -2.6000e+00   -1.5000e+00    1.3620e+00    2.6730e+00    1.1496e-03   -3.5574e-04    1.3064e-03    2.8573e-04
   4.0000e-01   -2.6000e+00   -1.5000e+00    1.2202e+00    2.7406e+00    1.2031e-03    1.1482e-04    1.2932e-03    5.4821e-04
   4.0000e-01   -2.6000e+00   -1.5000e+00    1.0751e+00    2.8007e+00    1.0544e-03    6.0144e-04    1.0556e-03    9.6388e-04
   4.0000e-01   -2.6000e+00   -1.5000e+00    9.2705e-01    2.8532e+00    6.8221e-04    1.0111e-03    6.4497e-04    1.2845e-03
   4.0000e-01   -2.6000e+00   -1.5000e+00    7.7646e-01    2.8978e+00    1.3649e-04    1.2184e-03    5.4680e-05    1.3072e-03
   4.0000e-01   -2.6000e+00   -1.5000e+00    6.2374e-01    2.9344e+00   -4.9114e-04    1.1310e-03   -5.5731e-04    1.1452e-03
   4.0000e-01   -2.6000e+00   -1.5000e+00    4.6930e-01    2.9631e+00   -1.0180e-03    7.0874e-04   -1.1145e-03    7.3123e-04
   4.0000e-01   -2.6000e+00   -1.5000e+00    3.1359e-01    2.9836e+00   -1.2483e-03    2.5146e-05   -1.4192e-03   -5.0146e-05
   4.0000e-01   -2.6000e+00   -1.5000e+00    1.5701e-01    2.9959e+00   -1.0448e-03   -6.9934e-04   -1.1683e-03   -8.5381e-04
   4.0000e-01   -2.6000e+00   -1.5000e+00    0.0000e+00    3.0000e+00   -4.2502e-04   -1.1930e-03   -5.6388e-04   -1.3839e-03
   4.0000e-01   -2.6000e+00   -1.5000e+00   -1.5701e-01    2.9959e+00    4.1838e-04   -1.2058e-03    1.6958e-04   -1.4138e-03
   4.0000e-01   -2.6000e+00   -1.5000e+00   -3.1359e-01    2.9836e+00    1.1074e-03   -6.5540e-04    8.8792e-04   -8.4605e-04
   4.0000e-01   -2.6000e+00   -1.5000e+00   -4.6930e-01    2.9631e+00    1.2735e-03    2.5155e-04    1.0664e-03    2.3215e-05
   4.0000e-01   -2.6000e+00   -1.5000e+00   -6.2374e-01    2.9344e+00    7.5414e-04    1.0715e-03    5.3008e-04    8.3470e-04
   4.0000e-01   -2.6000e+00   -1.5000e+00   -7.7646e-01    2.8978e+00   -2.2398e-04    1.3038e-03   -4.5004e-04    1.0484e-03
   4.0000e-01   -2.6000e+00   -1.5000e+00   -9.2705e-01    2.8532e+00   -1.1146e-03    7.3777e-04   -1.4136e-03    5.2102e-04
   4.0000e-01   -2.6000e+00   -1.5000e+00   -1.0751e+00    2.8007e+00   -1.3063e-03   -3.4671e-04   -1.4698e-03   -5.2273e-04
   4.0000e-01   -2.6000e+00   -1.5000e+00   -1.2202e+00    2.7406e+00   -5.8815e-04   -1.2341e-03   -8.7971e-04   -1.3662e-03
   4.0000e-01   -2.6000e+00   -1.5000e+00   -1.3620e+00    2.6730e+00    6.0104e-04   -1.2461e-03    2.6405e-04   -1.4132e-03
   4.0000e-01   -2.6000e+00   -1.5000e+00   -1.5000e+00    2.5981e+00    1.3722e-03   -2.8374e-04    1.1181e-03   -4.4079e-04
   4.0000e-01   -2.6000e+00   -1.5000e+00   -1.6339e+00    2.5160e+00    1.0470e-03    9.5984e-04    7.5624e-04    8.4717e-04
   4.0000e-01   -2.6000e+00   -1.5000e+00   -1.7634e+00    2.4271e+00   -1.9660e-04    1.4270e-03   -4.8516e-04    1.3193e-03
   4.0000e-01   -2.6000e+00   -1.5000e+00   -1.8880e+00    2.3314e+00   -1.3172e-03    6.3451e-04   -1.6240e-03    5.2531e-04
   4.0000e-01   -2.6000e+00   -1.5000e+00   -2.0074e+00    2.2294e+00   -1.2538e-03   -7.9658e-04   -1.5523e-03   -8.2972e-04
   4.0000e-01   -2.6000e+00   -1.5000e+00   -2.1213e+00    2.1213e+00    5.1079e-05   -1.5095e-03   -1.6875e-04   -1.5424e-03
   4.0000e-01   -2.6000e+00   -1.5000e+00   -2.2294e+00    2.0074e+00    1.3609e-03   -7.1419e-04    1.0672e-03   -6.4160e-04
   4.0000e-01   -2.6000e+00   -1.5000e+00   -2.3314e+00    1.8880e+00    1.3043e-03    8.6592e-04    1.0243e-03    9.0261e-04
   4.0000e-01   -2.6000e+00   -1.5000e+00   -2.4271e+00    1.7634e+00   -1.7921e-04    1.5865e-03   -4.3792e-04    1.6080e-03
   4.0000e-01   -2.6000e+00   -1.5000e+00   -2.5160e+00    1.6339e+00   -1.5366e-03    5.4454e-04   -1.7297e-03    6.2347e-04
   4.0000e-01   -2.6000e+00   -1.5000e+00   -2.5981e+00    1.5000e+00   -1.1741e-03   -1.1830e-03   -1.3144e-03   -1.0826e-03
   4.0000e-01   -2.6000e+00   -1.5000e+00   -2.6730e+00    1.3620e+00    6.0446e-04   -1.5949e-03    4.4568e-04   -1.4842e-03
   4.0000e-01   -2.6000e+00   -1.5000e+00   -2.7406e+00    1.2202e+00    1.7479e-03   -6.5610e-05    1.5702e-03    7.6384e-05
   4.0000e-01   -2.6000e+00   -1.5000e+00   -2.8007e+00    1.0751e+00    7.4655e-04    1.6336e-03    6.5373e-04    1.7580e-03
   4.0000e-01   -2.6000e+00   -1.5000e+00   -2.8532e+00    9.2705e-01   -1.2896e-03    1.3234e-03   -1.3515e-03    1.3829e-03
   4.0000e-01   -2.6000e+00   -1.5000e+00   -2.8978e+00    7.7646e-01   -1.7501e-03   -7.5174e-04   -1.8462e-03   -6.2543e-04
   4.0000e-01   -2.6000e+00   -1.5000e+00   -2.9344e+00    6.2374e-01    1.1054e-04   -1.9652e-03    9.0437e-05   -1.8169e-03
   4.0000e-01   -2.6000e+00   -1.5000e+00   -2.9631e+00    4.6930e-01    1.9630e-03   -5.5393e-04    1.9700e-03   -4.2920e-04
   4.0000e-01   -2.6000e+00   -1.5000e+00   -2.9836e+00    3.1359e-01    1.1865e-03    1.7569e-03    1.2627e-03    1.9046e-03
   4.0000e-01   -2.6000e+00   -1.5000e+00   -2.9959e+00    1.5701e-01   -1.3564e-03    1.7461e-03   -1.2739e-03    1.9266e-03
   4.0000e-01   -2.6000e+00   -1.5000e+00   -3.0000e+00    0.0000e+00   -2.1688e-03   -8.1403e-04   -2.0436e-03   -6.6682e-04
   4.0000e-01   -2.6000e+00   -1.5000e+00   -1.5000e+00   -2.5981e+00   -2.1833e-03   -7.6948e-04   -1.9897e-03   -8.1831e-04
   4.0000e-01   -2.6000e+00   -1.5000e+00   -1.3620e+00   -2.6730e+00   -1.3295e-03    1.7655e-03   -1.1266e-03    1.7984e-03
   4.0000e-01   -2.6000e+00   -1.5000e+00   -1.2202e+00   -2.7406e+00    1.2236e-03    1.7301e-03    1.3430e-03    1.6610e-03
   4.0000e-01   -2.6000e+00   -1.5000e+00   -1.0751e+00   -2.8007e+00    1.9540e-03   -5.8306e-04    2.1629e-03   -6.0692e-04
   4.0000e-01   -2.6000e+00   -1.5000e+00   -9.2705e-01   -2.8532e+00    8.0721e-05   -1.9659e-03    2.0568e-04   -2.0115e-03
   4.0000e-01   -2.6000e+00   -1.5000e+00   -7.7646e-01   -2.8978e+00   -1.7603e-03   -7.2619e-04   -1.5962e-03   -7.1663e-04
   4.0000e-01   -2.6000e+00   -1.5000e+00   -6.2374e-01   -2.9344e+00   -1.2680e-03    1.3436e-03   -1.0768e-03    1.3367e-03
   4.0000e-01   -2.6000e+00   -1.5000e+00   -4.6930e-01   -2.9631e+00    7.6992e-04    1.6221e-03    9.0698e-04    1.6837e-03
   4.0000e-01   -2.6000e+00   -1.5000e+00   -3.1359e-01   -2.9836e+00    1.7458e-03   -9.4569e-05    1.7834e-03   -1.3295e-04
   4.0000e-01   -2.6000e+00   -1.5000e+00   -1.5701e-01   -2.9959e+00    5.9040e-04   -1.6001e-03    6.7892e-04   -1.6268e-03
   4.0000e-01   -2.6000e+00   -1.5000e+00    0.0000e+00   -3.0000e+00   -1.1872e-03   -1.1693e-03   -1.1347e-03   -1.2118e-03
   4.0000e-01   -2.6000e+00   -1.5000e+00    1.5701e-01   -2.9959e+00   -1.5295e-03    5.6347e-04   -1.4744e-03    4.9335e-04
   4.0000e-01   -2.6000e+00   -1.5000e+00    3.1359e-01   -2.9836e+00   -1.7212e-04    1.5873e-03   -1.6282e-04    1.5384e-03
   4.0000e-01   -2.6000e+00   -1.5000e+00    4.6930e-01   -2.9631e+00    1.3105e-03    8.5643e-04    1.3714e-03    7.9491e-04
   4.0000e-01   -2.6000e+00   -1.5000e+00    6.2374e-01   -2.9344e+00    1.3489e-03   -7.3627e-04    1.4291e-03   -8.6039e-04
   4.0000e-01   -2.6000e+00   -1.5000e+00    7.7646e-01   -2.8978e+00    2.5923e-05   -1.5097e-03    1.2360e-04   -1.7327e-03
   4.0000e-01   -2.6000e+00   -1.5000e+00    9.2705e-01   -2.8532e+00   -1.2580e-03   -7.8959e-04   -1.1911e-03   -1.0241e-03
   4.0000e-01   -2.6000e+00   -1.5000e+00    1.0751e+00   -2.8007e+00   -1.3125e-03    6.4443e-04   -1.1738e-03    3.6121e-04
   4.0000e-01   -2.6000e+00   -1.5000e+00    1.2202e+00   -2.7406e+00   -1.8055e-04    1.4292e-03   -6.1094e-05    1.0484e-03
   4.0000e-01   -2.6000e+00   -1.5000e+00    1.3620e+00   -2.6730e+00    1.0637e-03    9.4059e-04    1.2253e-03    4.5298e-04
   4.0000e-01   -2.6000e+00   -1.5000e+00    1.5000e+00   -2.5981e+00    1.3693e-03   -2.9762e-04    1.5833e-03   -7.8549e-04
   4.0000e-01   -2.6000e+00   -1.5000e+00    1.6339e+00   -2.5160e+00    5.9038e-04   -1.2511e-03    8.3997e-04   -1.8021e-03
   4.0000e-01   -2.6000e+00   -1.5000e+00    1.7634e+00   -2.4271e+00   -6.0332e-04   -1.2263e-03   -3.2294e-04   -1.9547e-03
   4.0000e-01   -2.6000e+00   -1.5000e+00    1.8880e+00   -2.3314e+00   -1.3117e-03   -3.2360e-04   -1.0346e-03   -1.1027e-03
   4.0000e-01   -2.6000e+00   -1.5000e+00    2.0074e+00   -2.2294e+00   -1.1082e-03    7.4689e-04   -8.4192e-04   -4.2184e-05
   4.0000e-01   -2.6000e+00   -1.5000e+00    2.1213e+00   -2.1213e+00   -2.1792e-04    1.3048e-03    1.5640e-04    4.8314e-04
   4.0000e-01   -2.6000e+00   -1.5000e+00    2.2294e+00   -2.0074e+00    7.6883e-04    1.0606e-03    1.1252e-03    2.5069e-04
   4.0000e-01   -2.6000e+00   -1.5000e+00    2.3314e+00   -1.8880e+00    1.2768e-03    2.3187e-04    1.6443e-03   -7.0907e-04
   4.0000e-01   -2.6000e+00   -1.5000e+00    2.4271e+00   -1.7634e+00    1.0995e-03   -6.6784e-04    1.4251e-03   -1.6169e-03
   4.0000e-01   -2.6000e+00   -1.5000e+00    2.5160e+00   -1.6339e+00    4.0737e-04   -1.2093e-03    8.0115e-04   -2.1781e-03
   4.0000e-01   -2.6000e+00   -1.5000e+00    2.5981e+00   -1.5000e+00   -4.3574e-04   -1.1886e-03   -2.8402e-05   -2.0695e-03
   4.0000e-01   -2.6000e+00   -1.5000e+00    2.6730e+00   -1.3620e+00   -1.0538e-03   -6.8481e-04   -6.8940e-04   -1.5346e-03
   4.0000e-01   -2.6000e+00   -1.5000e+00    2.7406e+00   -1.2202e+00   -1.2475e-03    4.4210e-05   -8.3465e-04   -7.7256e-04
   4.0000e-01   -2.6000e+00   -1.5000e+00    2.8007e+00   -1.0751e+00   -1.0121e-03    7.1689e-04   -5.9262e-04    -2.5154e-05
   4.0000e-01   -2.6000e+00   -1.5000e+00    2.8532e+00   -9.2705e-01   -4.8304e-04    1.1341e-03   -7.0205e-05    5.6958e-04
   4.0000e-01   -2.6000e+00   -1.5000e+00    2.8978e+00   -7.7646e-01    1.4582e-04    1.2170e-03    5.4496e-04    6.6296e-04
   4.0000e-01   -2.6000e+00   -1.5000e+00    2.9344e+00   -6.2374e-01    6.9145e-04    1.0045e-03    1.0838e-03    6.3035e-04
   4.0000e-01   -2.6000e+00   -1.5000e+00    2.9631e+00   -4.6930e-01    1.0585e-03    5.9339e-04    1.4182e-03    3.1246e-04
   4.0000e-01   -2.6000e+00   -1.5000e+00    2.9836e+00   -3.1359e-01    1.2032e-03    1.1026e-04    1.5863e-03    6.3126e-05
   4.0000e-01   -2.6000e+00   -1.5000e+00    2.9959e+00   -1.5701e-01    1.1499e-03   -3.5504e-04    1.5851e-03   -2.3058e-04
   4.0000e-01   -1.5000e+00   -2.6000e+00    3.0000e+00    0.0000e+00   -4.2502e-04   -1.1930e-03   -7.9729e-04   -1.4048e-03
   4.0000e-01   -1.5000e+00   -2.6000e+00    2.9959e+00    1.5701e-01   -1.0448e-03   -6.9934e-04   -1.4317e-03   -8.8666e-04
   4.0000e-01   -1.5000e+00   -2.6000e+00    2.9836e+00    3.1359e-01   -1.2483e-03    2.5146e-05   -1.5856e-03   -3.2664e-05
   4.0000e-01   -1.5000e+00   -2.6000e+00    2.9631e+00    4.6930e-01   -1.0180e-03    7.0874e-04   -1.3052e-03    6.5732e-04
   4.0000e-01   -1.5000e+00   -2.6000e+00    2.9344e+00    6.2374e-01   -4.9114e-04    1.1310e-03   -7.1865e-04    1.1792e-03
   4.0000e-01   -1.5000e+00   -2.6000e+00    2.8978e+00    7.7646e-01    1.3649e-04    1.2184e-03   -7.0436e-05    1.4480e-03
   4.0000e-01   -1.5000e+00   -2.6000e+00    2.8532e+00    9.2705e-01    6.8221e-04    1.0111e-03    5.7400e-04    1.3434e-03
   4.0000e-01   -1.5000e+00   -2.6000e+00    2.8007e+00    1.0751e+00    1.0544e-03    6.0144e-04    9.8892e-04    1.0559e-03
   4.0000e-01   -1.5000e+00   -2.6000e+00    2.7406e+00    1.2202e+00    1.2031e-03    1.1482e-04    1.2398e-03    5.5103e-04
   4.0000e-01   -1.5000e+00   -2.6000e+00    2.6730e+00    1.3620e+00    1.1496e-03   -3.5574e-04    1.2391e-03    1.9791e-04
   4.0000e-01   -1.5000e+00   -2.6000e+00    2.5981e+00    1.5000e+00    9.5167e-04   -7.2950e-04    1.0938e-03   -1.5299e-05
   4.0000e-01   -1.5000e+00   -2.6000e+00    2.5160e+00    1.6339e+00    6.7109e-04   -9.8895e-04    9.4998e-04   -1.8932e-04
   4.0000e-01   -1.5000e+00   -2.6000e+00    2.4271e+00    1.7634e+00    3.5316e-04   -1.1380e-03    6.6177e-04   -2.7051e-04
   4.0000e-01   -1.5000e+00   -2.6000e+00    2.3314e+00    1.8880e+00    4.5286e-05   -1.1875e-03    3.9338e-04   -3.0038e-04
   4.0000e-01   -1.5000e+00   -2.6000e+00    2.2294e+00    2.0074e+00   -2.0979e-04   -1.1670e-03    2.3439e-04   -2.3299e-04
   4.0000e-01   -1.5000e+00   -2.6000e+00    2.1213e+00    2.1213e+00   -4.1965e-04   -1.1066e-03    7.5692e-05   -1.1579e-04
   4.0000e-01   -1.5000e+00   -2.6000e+00    2.0074e+00    2.2294e+00   -5.8980e-04   -1.0240e-03   -3.7486e-05   -3.4681e-06
   4.0000e-01   -1.5000e+00   -2.6000e+00    1.8880e+00    2.3314e+00   -7.1412e-04   -9.3963e-04   -1.0672e-04    5.3985e-05
   4.0000e-01   -1.5000e+00   -2.6000e+00    1.7634e+00    2.4271e+00   -7.8645e-04   -8.7864e-04   -1.7386e-04    1.3877e-04
   4.0000e-01   -1.5000e+00   -2.6000e+00    1.6339e+00    2.5160e+00   -8.2731e-04   -8.3950e-04   -2.1868e-04    1.5375e-04
   4.0000e-01   -1.5000e+00   -2.6000e+00    1.5000e+00    2.5981e+00   -8.4487e-04   -8.2143e-04   -3.1309e-04    2.0086e-04
   4.0000e-01   -1.5000e+00   -2.6000e+00    1.3620e+00    2.6730e+00   -8.3304e-04   -8.3365e-04   -2.5164e-04    4.0354e-05
   4.0000e-01   -1.5000e+00   -2.6000e+00    1.2202e+00    2.7406e+00   -7.8637e-04   -8.7892e-04   -1.9043e-04   -7.9301e-05
   4.0000e-01   -1.5000e+00   -2.6000e+00    1.0751e+00    2.8007e+00   -7.0843e-04   -9.4407e-04   -4.5950e-05   -1.8595e-04
   4.0000e-01   -1.5000e+00   -2.6000e+00    9.2705e-01    2.8532e+00   -5.8897e-04   -1.0243e-03   -3.1547e-05   -3.4924e-04
   4.0000e-01   -1.5000e+00   -2.6000e+00    7.7646e-01    2.8978e+00   -4.3067e-04   -1.1021e-03    1.5265e-04   -4.2968e-04
   4.0000e-01   -1.5000e+00   -2.6000e+00    6.2374e-01    2.9344e+00   -2.1394e-04   -1.1662e-03    3.3915e-04   -6.5935e-04
   4.0000e-01   -1.5000e+00   -2.6000e+00    4.6930e-01    2.9631e+00    4.9619e-05   -1.1873e-03    6.1546e-04   -7.3235e-04
   4.0000e-01   -1.5000e+00   -2.6000e+00    3.1359e-01    2.9836e+00    3.5608e-04   -1.1370e-03    8.1541e-04   -7.8536e-04
   4.0000e-01   -1.5000e+00   -2.6000e+00    1.5701e-01    2.9959e+00    6.6621e-04   -9.9212e-04    1.1257e-03   -7.2182e-04
   4.0000e-01   -1.5000e+00   -2.6000e+00    0.0000e+00    3.0000e+00    9.4572e-04   -7.3696e-04    1.3663e-03   -5.6817e-04
   4.0000e-01   -1.5000e+00   -2.6000e+00   -1.5701e-01    2.9959e+00    1.1499e-03   -3.5504e-04    1.6000e-03   -1.6559e-04
   4.0000e-01   -1.5000e+00   -2.6000e+00   -3.1359e-01    2.9836e+00    1.2032e-03    1.1026e-04    1.5498e-03    7.9979e-05
   4.0000e-01   -1.5000e+00   -2.6000e+00   -4.6930e-01    2.9631e+00    1.0585e-03    5.9339e-04    1.3158e-03    5.4959e-04
   4.0000e-01   -1.5000e+00   -2.6000e+00   -6.2374e-01    2.9344e+00    6.9145e-04    1.0045e-03    8.8055e-04    8.5531e-04
   4.0000e-01   -1.5000e+00   -2.6000e+00   -7.7646e-01    2.8978e+00    1.4582e-04    1.2170e-03    3.5979e-04    1.0204e-03
   4.0000e-01   -1.5000e+00   -2.6000e+00   -9.2705e-01    2.8532e+00   -4.8304e-04    1.1341e-03   -3.4867e-04    9.4808e-04
   4.0000e-01   -1.5000e+00   -2.6000e+00   -1.0751e+00    2.8007e+00   -1.0121e-03    7.1689e-04   -8.8669e-04    4.0279e-04
   4.0000e-01   -1.5000e+00   -2.6000e+00   -1.2202e+00    2.7406e+00   -1.2475e-03    4.4210e-05   -1.1763e-03   -2.9218e-04
   4.0000e-01   -1.5000e+00   -2.6000e+00   -1.3620e+00    2.6730e+00   -1.0538e-03   -6.8481e-04   -1.0857e-03   -1.0528e-03
   4.0000e-01   -1.5000e+00   -2.6000e+00   -1.5000e+00    2.5981e+00   -4.3574e-04   -1.1886e-03   -4.5638e-04   -1.5762e-03
   4.0000e-01   -1.5000e+00   -2.6000e+00   -1.6339e+00    2.5160e+00    4.0737e-04   -1.2093e-03    2.9148e-04   -1.5439e-03
   4.0000e-01   -1.5000e+00   -2.6000e+00   -1.7634e+00    2.4271e+00    1.0995e-03   -6.6784e-04    9.4911e-04   -1.0271e-03
   4.0000e-01   -1.5000e+00   -2.6000e+00   -1.8880e+00    2.3314e+00    1.2768e-03    2.3187e-04    1.0464e-03   -3.7436e-05
   4.0000e-01   -1.5000e+00   -2.6000e+00   -2.0074e+00    2.2294e+00    7.6883e-04    1.0606e-03    5.5998e-04    6.3469e-04
   4.0000e-01   -1.5000e+00   -2.6000e+00   -2.1213e+00    2.1213e+00   -2.1792e-04    1.3048e-03   -4.3575e-04    9.4225e-04
   4.0000e-01   -1.5000e+00   -2.6000e+00   -2.2294e+00    2.0074e+00   -1.1082e-03    7.4689e-04   -1.4464e-03    4.3743e-04
   4.0000e-01   -1.5000e+00   -2.6000e+00   -2.3314e+00    1.8880e+00   -1.3117e-03   -3.2360e-04   -1.5647e-03   -5.8113e-04
   4.0000e-01   -1.5000e+00   -2.6000e+00   -2.4271e+00    1.7634e+00   -6.0332e-04   -1.2263e-03   -8.9416e-04   -1.5000e-03
   4.0000e-01   -1.5000e+00   -2.6000e+00   -2.5160e+00    1.6339e+00    5.9038e-04   -1.2511e-03    3.4190e-04   -1.4349e-03
   4.0000e-01   -1.5000e+00   -2.6000e+00   -2.5981e+00    1.5000e+00    1.3693e-03   -2.9762e-04    1.0527e-03   -4.1813e-04
   4.0000e-01   -1.5000e+00   -2.6000e+00   -2.6730e+00    1.3620e+00    1.0637e-03    9.4059e-04    8.4192e-04    8.5178e-04
   4.0000e-01   -1.5000e+00   -2.6000e+00   -2.7406e+00    1.2202e+00   -1.8055e-04    1.4292e-03   -3.3412e-04    1.3971e-03
   4.0000e-01   -1.5000e+00   -2.6000e+00   -2.8007e+00    1.0751e+00   -1.3125e-03    6.4443e-04   -1.4127e-03    6.2534e-04
   4.0000e-01   -1.5000e+00   -2.6000e+00   -2.8532e+00    9.2705e-01   -1.2580e-03   -7.8959e-04   -1.3579e-03   -7.4097e-04
   4.0000e-01   -1.5000e+00   -2.6000e+00   -2.8978e+00    7.7646e-01    2.5923e-05   -1.5097e-03    2.0462e-05   -1.4753e-03
   4.0000e-01   -1.5000e+00   -2.6000e+00   -2.9344e+00    6.2374e-01    1.3489e-03   -7.3627e-04    1.4278e-03   -6.6003e-04
   4.0000e-01   -1.5000e+00   -2.6000e+00   -2.9631e+00    4.6930e-01    1.3105e-03    8.5643e-04    1.3779e-03    9.6514e-04
   4.0000e-01   -1.5000e+00   -2.6000e+00   -2.9836e+00    3.1359e-01   -1.7212e-04    1.5873e-03   -8.1203e-05    1.6343e-03
   4.0000e-01   -1.5000e+00   -2.6000e+00   -2.9959e+00    1.5701e-01   -1.5295e-03    5.6347e-04   -1.2794e-03    7.1979e-04
   4.0000e-01   -1.5000e+00   -2.6000e+00   -3.0000e+00    0.0000e+00   -1.1872e-03   -1.1693e-03   -1.0006e-03   -1.0452e-03
   4.0000e-01   -1.5000e+00   -2.6000e+00   -2.9959e+00   -1.5701e-01    5.9040e-04   -1.6001e-03    8.7105e-04   -1.4994e-03
   4.0000e-01   -1.5000e+00   -2.6000e+00   -2.9836e+00   -3.1359e-01    1.7458e-03   -9.4569e-05    2.0853e-03    -8.3905e-07
   4.0000e-01   -1.5000e+00   -2.6000e+00   -2.9631e+00   -4.6930e-01    7.6992e-04    1.6221e-03    1.1129e-03    1.6972e-03
   4.0000e-01   -1.5000e+00   -2.6000e+00   -2.9344e+00   -6.2374e-01   -1.2680e-03    1.3436e-03   -9.3410e-04    1.4829e-03
   4.0000e-01   -1.5000e+00   -2.6000e+00   -2.8978e+00   -7.7646e-01   -1.7603e-03   -7.2619e-04   -1.4292e-03   -6.8302e-04
   4.0000e-01   -1.5000e+00   -2.6000e+00   -2.8532e+00   -9.2705e-01    8.0721e-05   -1.9659e-03    3.9034e-04   -1.8990e-03
   4.0000e-01   -1.5000e+00   -2.6000e+00   -2.8007e+00   -1.0751e+00    1.9540e-03   -5.8306e-04    2.2179e-03   -5.8238e-04
   4.0000e-01   -1.5000e+00   -2.6000e+00   -2.7406e+00   -1.2202e+00    1.2236e-03    1.7301e-03    1.5379e-03    1.7718e-03
   4.0000e-01   -1.5000e+00   -2.6000e+00   -2.6730e+00   -1.3620e+00   -1.3295e-03    1.7655e-03   -1.1433e-03    1.6811e-03
   4.0000e-01   -1.5000e+00   -2.6000e+00   -2.5981e+00   -1.5000e+00   -2.1833e-03   -7.6948e-04   -2.0642e-03   -8.6944e-04
   4.0000e-01   -1.5000e+00   -2.6000e+00    0.0000e+00   -3.0000e+00   -2.1688e-03   -8.1403e-04   -2.1380e-03   -6.7980e-04
   4.0000e-01   -1.5000e+00   -2.6000e+00    1.5701e-01   -2.9959e+00   -1.3564e-03    1.7461e-03   -1.3024e-03    1.8976e-03
   4.0000e-01   -1.5000e+00   -2.6000e+00    3.1359e-01   -2.9836e+00    1.1865e-03    1.7569e-03    1.2505e-03    1.9112e-03
   4.0000e-01   -1.5000e+00   -2.6000e+00    4.6930e-01   -2.9631e+00    1.9630e-03   -5.5393e-04    2.2616e-03   -4.5320e-04
   4.0000e-01   -1.5000e+00   -2.6000e+00    6.2374e-01   -2.9344e+00    1.1054e-04   -1.9652e-03    3.0943e-04   -1.8219e-03
   4.0000e-01   -1.5000e+00   -2.6000e+00    7.7646e-01   -2.8978e+00   -1.7501e-03   -7.5174e-04   -1.3557e-03   -6.4551e-04
   4.0000e-01   -1.5000e+00   -2.6000e+00    9.2705e-01   -2.8532e+00   -1.2896e-03    1.3234e-03   -8.5485e-04    1.4737e-03
   4.0000e-01   -1.5000e+00   -2.6000e+00    1.0751e+00   -2.8007e+00    7.4655e-04    1.6336e-03    1.2881e-03    1.7312e-03
   4.0000e-01   -1.5000e+00   -2.6000e+00    1.2202e+00   -2.7406e+00    1.7479e-03   -6.5610e-05    2.2260e-03   -1.6177e-05
   4.0000e-01   -1.5000e+00   -2.6000e+00    1.3620e+00   -2.6730e+00    6.0446e-04   -1.5949e-03    1.1268e-03   -1.5919e-03
   4.0000e-01   -1.5000e+00   -2.6000e+00    1.5000e+00   -2.5981e+00   -1.1741e-03   -1.1830e-03   -5.9864e-04   -1.2412e-03
   4.0000e-01   -1.5000e+00   -2.6000e+00    1.6339e+00   -2.5160e+00   -1.5366e-03    5.4454e-04   -8.8182e-04    4.5495e-04
   4.0000e-01   -1.5000e+00   -2.6000e+00    1.7634e+00   -2.4271e+00   -1.7921e-04    1.5865e-03    3.6482e-04    1.4671e-03
   4.0000e-01   -1.5000e+00   -2.6000e+00    1.8880e+00   -2.3314e+00    1.3043e-03    8.6592e-04    1.9153e-03    6.7880e-04
   4.0000e-01   -1.5000e+00   -2.6000e+00    2.0074e+00   -2.2294e+00    1.3609e-03   -7.1419e-04    1.8945e-03   -9.6855e-04
   4.0000e-01   -1.5000e+00   -2.6000e+00    2.1213e+00   -2.1213e+00    5.1079e-05   -1.5095e-03    5.5521e-04   -1.8177e-03
   4.0000e-01   -1.5000e+00   -2.6000e+00    2.2294e+00   -2.0074e+00   -1.2538e-03   -7.9658e-04   -8.0529e-04   -1.1495e-03
   4.0000e-01   -1.5000e+00   -2.6000e+00    2.3314e+00   -1.8880e+00   -1.3172e-03    6.3451e-04   -9.5628e-04    2.4618e-04
   4.0000e-01   -1.5000e+00   -2.6000e+00    2.4271e+00   -1.7634e+00   -1.9660e-04    1.4270e-03    1.1778e-04    1.0184e-03
   4.0000e-01   -1.5000e+00   -2.6000e+00    2.5160e+00   -1.6339e+00    1.0470e-03    9.5984e-04    1.3286e-03    5.3463e-04
   4.0000e-01   -1.5000e+00   -2.6000e+00    2.5981e+00   -1.5000e+00    1.3722e-03   -2.8374e-04    1.5046e-03   -7.4746e-04
   4.0000e-01   -1.5000e+00   -2.6000e+00    2.6730e+00   -1.3620e+00    6.0104e-04   -1.2461e-03    6.9302e-04   -1.7652e-03
   4.0000e-01   -1.5000e+00   -2.6000e+00    2.7406e+00   -1.2202e+00   -5.8815e-04   -1.2341e-03   -5.4260e-04   -1.7572e-03
   4.0000e-01   -1.5000e+00   -2.6000e+00    2.8007e+00   -1.0751e+00   -1.3063e-03   -3.4671e-04   -1.3733e-03   -8.9518e-04
   4.0000e-01   -1.5000e+00   -2.6000e+00    2.8532e+00   -9.2705e-01   -1.1146e-03    7.3777e-04   -1.2637e-03    2.0380e-04
   4.0000e-01   -1.5000e+00   -2.6000e+00    2.8978e+00   -7.7646e-01   -2.2398e-04    1.3038e-03   -4.7342e-04    7.7506e-04
   4.0000e-01   -1.5000e+00   -2.6000e+00    2.9344e+00   -6.2374e-01    7.5414e-04    1.0715e-03    5.3821e-04    6.2936e-04
   4.0000e-01   -1.5000e+00   -2.6000e+00    2.9631e+00   -4.6930e-01    1.2735e-03    2.5155e-04    9.9429e-04   -1.7010e-04
   4.0000e-01   -1.5000e+00   -2.6000e+00    2.9836e+00   -3.1359e-01    1.1074e-03   -6.5540e-04    7.7814e-04   -1.0414e-03
   4.0000e-01   -1.5000e+00   -2.6000e+00    2.9959e+00   -1.5701e-01    4.1838e-04   -1.2058e-03    1.2377e-04   -1.5687e-03
   4.0000e-01    0.0000e+00   -3.0000e+00    3.0000e+00    0.0000e+00    1.3746e-03   -2.7437e-04    9.9973e-04   -4.7746e-04
   4.0000e-01    0.0000e+00   -3.0000e+00    2.9959e+00    1.5701e-01    6.1213e-04   -1.2412e-03    2.7977e-04   -1.4831e-03
   4.0000e-01    0.0000e+00   -3.0000e+00    2.9836e+00    3.1359e-01   -5.7218e-04   -1.2418e-03   -9.7229e-04   -1.4820e-03
   4.0000e-01    0.0000e+00   -3.0000e+00    2.9631e+00    4.6930e-01   -1.3042e-03   -3.5471e-04   -1.7156e-03   -5.4883e-04
   4.0000e-01    0.0000e+00   -3.0000e+00    2.9344e+00    6.2374e-01   -1.1193e-03    7.3117e-04   -1.4229e-03    5.2376e-04
   4.0000e-01    0.0000e+00   -3.0000e+00    2.8978e+00    7.7646e-01   -2.3299e-04    1.3025e-03   -6.4364e-04    1.0777e-03
   4.0000e-01    0.0000e+00   -3.0000e+00    2.8532e+00    9.2705e-01    7.4433e-04    1.0785e-03    3.7134e-04    8.5703e-04
   4.0000e-01    0.0000e+00   -3.0000e+00    2.8007e+00    1.0751e+00    1.2718e-03    2.6183e-04    9.2522e-04    7.2955e-05
   4.0000e-01    0.0000e+00   -3.0000e+00    2.7406e+00    1.2202e+00    1.1121e-03   -6.4803e-04    8.5525e-04   -8.7480e-04
   4.0000e-01    0.0000e+00   -3.0000e+00    2.6730e+00    1.3620e+00    4.2008e-04   -1.2051e-03    1.9634e-04   -1.4025e-03
   4.0000e-01    0.0000e+00   -3.0000e+00    2.5981e+00    1.5000e+00   -4.1423e-04   -1.1969e-03   -5.4487e-04   -1.4493e-03
   4.0000e-01    0.0000e+00   -3.0000e+00    2.5160e+00    1.6339e+00   -1.0392e-03   -7.0757e-04   -1.1644e-03   -8.2186e-04
   4.0000e-01    0.0000e+00   -3.0000e+00    2.4271e+00    1.7634e+00   -1.2482e-03    2.4710e-05   -1.3449e-03   -1.2694e-04
   4.0000e-01    0.0000e+00   -3.0000e+00    2.3314e+00    1.8880e+00   -1.0189e-03    7.0739e-04   -1.0344e-03    5.7039e-04
   4.0000e-01    0.0000e+00   -3.0000e+00    2.2294e+00    2.0074e+00   -5.0287e-04    1.1258e-03   -4.8019e-04    1.0183e-03
   4.0000e-01    0.0000e+00   -3.0000e+00    2.1213e+00    2.1213e+00    1.1730e-04    1.2206e-03    2.1885e-04    1.1107e-03
   4.0000e-01    0.0000e+00   -3.0000e+00    2.0074e+00    2.2294e+00    6.7754e-04    1.0143e-03    8.2881e-04    1.0410e-03
   4.0000e-01    0.0000e+00   -3.0000e+00    1.8880e+00    2.3314e+00    1.0529e-03    6.0373e-04    1.2772e-03    6.3392e-04
   4.0000e-01    0.0000e+00   -3.0000e+00    1.7634e+00    2.4271e+00    1.2019e-03    1.2507e-04    1.5359e-03    2.7258e-04
   4.0000e-01    0.0000e+00   -3.0000e+00    1.6339e+00    2.5160e+00    1.1556e-03   -3.3655e-04    1.4888e-03   -1.5818e-04
   4.0000e-01    0.0000e+00   -3.0000e+00    1.5000e+00    2.5981e+00    9.5855e-04   -7.2032e-04    1.3113e-03   -5.7613e-04
   4.0000e-01    0.0000e+00   -3.0000e+00    1.3620e+00    2.6730e+00    6.7571e-04   -9.8563e-04    1.1657e-03   -7.5981e-04
   4.0000e-01    0.0000e+00   -3.0000e+00    1.2202e+00    2.7406e+00    3.6684e-04   -1.1338e-03    8.8855e-04   -8.4305e-04
   4.0000e-01    0.0000e+00   -3.0000e+00    1.0751e+00    2.8007e+00    6.7580e-05   -1.1866e-03    6.1982e-04   -8.6132e-04
   4.0000e-01    0.0000e+00   -3.0000e+00    9.2705e-01    2.8532e+00   -1.9547e-04   -1.1695e-03    3.8307e-04   -8.5972e-04
   4.0000e-01    0.0000e+00   -3.0000e+00    7.7646e-01    2.8978e+00   -4.1515e-04   -1.1082e-03    1.4533e-04   -7.2227e-04
   4.0000e-01    0.0000e+00   -3.0000e+00    6.2374e-01    2.9344e+00   -5.7669e-04   -1.0315e-03    4.5964e-05   -6.0500e-04
   4.0000e-01    0.0000e+00   -3.0000e+00    4.6930e-01    2.9631e+00   -6.9606e-04   -9.5308e-04    1.6277e-05   -5.5092e-04
   4.0000e-01    0.0000e+00   -3.0000e+00    3.1359e-01    2.9836e+00   -7.7087e-04   -8.9239e-04   -8.0003e-05   -4.5600e-04
   4.0000e-01    0.0000e+00   -3.0000e+00    1.5701e-01    2.9959e+00   -8.1703e-04   -8.4967e-04   -1.2748e-04   -4.6629e-04
   4.0000e-01    0.0000e+00   -3.0000e+00    0.0000e+00    3.0000e+00   -8.3757e-04   -8.2903e-04   -8.0970e-05   -4.1488e-04
   4.0000e-01    0.0000e+00   -3.0000e+00   -1.5701e-01    2.9959e+00   -8.1703e-04   -8.4967e-04   -1.0034e-04   -4.0163e-04
   4.0000e-01    0.0000e+00   -3.0000e+00   -3.1359e-01    2.9836e+00   -7.7087e-04   -8.9239e-04   -7.2524e-05   -4.5522e-04
   4.0000e-01    0.0000e+00   -3.0000e+00   -4.6930e-01    2.9631e+00   -6.9606e-04   -9.5308e-04    1.2671e-05   -5.7488e-04
   4.0000e-01    0.0000e+00   -3.0000e+00   -6.2374e-01    2.9344e+00   -5.7669e-04   -1.0315e-03    1.1469e-04   -6.3610e-04
   4.0000e-01    0.0000e+00   -3.0000e+00   -7.7646e-01    2.8978e+00   -4.1515e-04   -1.1082e-03    2.1606e-04   -7.6260e-04
   4.0000e-01    0.0000e+00   -3.0000e+00   -9.2705e-01    2.8532e+00   -1.9547e-04   -1.1695e-03    3.9946e-04   -8.1513e-04
   4.0000e-01    0.0000e+00   -3.0000e+00   -1.0751e+00    2.8007e+00    6.7580e-05   -1.1866e-03    5.8401e-04   -9.5306e-04
   4.0000e-01    0.0000e+00   -3.0000e+00   -1.2202e+00    2.7406e+00    3.6684e-04   -1.1338e-03    8.7400e-04   -8.4907e-04
   4.0000e-01    0.0000e+00   -3.0000e+00   -1.3620e+00    2.6730e+00    6.7571e-04   -9.8563e-04    1.1349e-03   -7.1867e-04
   4.0000e-01    0.0000e+00   -3.0000e+00   -1.5000e+00    2.5981e+00    9.5855e-04   -7.2032e-04    1.4239e-03   -4.9306e-04
   4.0000e-01    0.0000e+00   -3.0000e+00   -1.6339e+00    2.5160e+00    1.1556e-03   -3.3655e-04    1.5697e-03   -1.9296e-04
   4.0000e-01    0.0000e+00   -3.0000e+00   -1.7634e+00    2.4271e+00    1.2019e-03    1.2507e-04    1.5236e-03    1.8908e-04
   4.0000e-01    0.0000e+00   -3.0000e+00   -1.8880e+00    2.3314e+00    1.0529e-03    6.0373e-04    1.1920e-03    6.6412e-04
   4.0000e-01    0.0000e+00   -3.0000e+00   -2.0074e+00    2.2294e+00    6.7754e-04    1.0143e-03    8.2256e-04    1.0130e-03
   4.0000e-01    0.0000e+00   -3.0000e+00   -2.1213e+00    2.1213e+00    1.1730e-04    1.2206e-03    1.3358e-04    1.2212e-03
   4.0000e-01    0.0000e+00   -3.0000e+00   -2.2294e+00    2.0074e+00   -5.0287e-04    1.1258e-03   -4.6781e-04    1.0343e-03
   4.0000e-01    0.0000e+00   -3.0000e+00   -2.3314e+00    1.8880e+00   -1.0189e-03    7.0739e-04   -1.0837e-03    5.7434e-04
   4.0000e-01    0.0000e+00   -3.0000e+00   -2.4271e+00    1.7634e+00   -1.2482e-03    2.4710e-05   -1.3626e-03   -1.4438e-04
   4.0000e-01    0.0000e+00   -3.0000e+00   -2.5160e+00    1.6339e+00   -1.0392e-03   -7.0757e-04   -1.2319e-03   -8.7554e-04
   4.0000e-01    0.0000e+00   -3.0000e+00   -2.5981e+00    1.5000e+00   -4.1423e-04   -1.1969e-03   -6.2119e-04   -1.3472e-03
   4.0000e-01    0.0000e+00   -3.0000e+00   -2.6730e+00    1.3620e+00    4.2008e-04   -1.2051e-03    1.1298e-04   -1.4213e-03
   4.0000e-01    0.0000e+00   -3.0000e+00   -2.7406e+00    1.2202e+00    1.1121e-03   -6.4803e-04    7.9636e-04   -8.5035e-04
   4.0000e-01    0.0000e+00   -3.0000e+00   -2.8007e+00    1.0751e+00    1.2718e-03    2.6183e-04    9.5369e-04    6.8010e-05
   4.0000e-01    0.0000e+00   -3.0000e+00   -2.8532e+00    9.2705e-01    7.4433e-04    1.0785e-03    4.7097e-04    8.4673e-04
   4.0000e-01    0.0000e+00   -3.0000e+00   -2.8978e+00    7.7646e-01   -2.3299e-04    1.3025e-03   -5.7253e-04    1.0423e-03
   4.0000e-01    0.0000e+00   -3.0000e+00   -2.9344e+00    6.2374e-01   -1.1193e-03    7.3117e-04   -1.4906e-03    4.9972e-04
   4.0000e-01    0.0000e+00   -3.0000e+00   -2.9631e+00    4.6930e-01   -1.3042e-03   -3.5471e-04   -1.5912e-03   -6.2466e-04
   4.0000e-01    0.0000e+00   -3.0000e+00   -2.9836e+00    3.1359e-01   -5.7218e-04   -1.2418e-03   -9.3298e-04   -1.4631e-03
   4.0000e-01    0.0000e+00   -3.0000e+00   -2.9959e+00    1.5701e-01    6.1213e-04   -1.2412e-03    2.4503e-04   -1.4397e-03
   4.0000e-01    0.0000e+00   -3.0000e+00   -3.0000e+00    0.0000e+00    1.3746e-03   -2.7437e-04    1.0589e-03   -4.6675e-04
   4.0000e-01    0.0000e+00   -3.0000e+00   -2.9959e+00   -1.5701e-01    1.0432e-03    9.6430e-04    7.3240e-04    8.0634e-04
   4.0000e-01    0.0000e+00   -3.0000e+00   -2.9836e+00   -3.1359e-01   -2.0201e-04    1.4265e-03   -4.8419e-04    1.2428e-03
   4.0000e-01    0.0000e+00   -3.0000e+00   -2.9631e+00   -4.6930e-01   -1.3224e-03    6.2450e-04   -1.4994e-03    5.2440e-04
   4.0000e-01    0.0000e+00   -3.0000e+00   -2.9344e+00   -6.2374e-01   -1.2476e-03   -8.0684e-04   -1.4408e-03   -9.1765e-04
   4.0000e-01    0.0000e+00   -3.0000e+00   -2.8978e+00   -7.7646e-01    4.8948e-05   -1.5096e-03   -7.6109e-05   -1.5858e-03
   4.0000e-01    0.0000e+00   -3.0000e+00   -2.8532e+00   -9.2705e-01    1.3601e-03   -7.1613e-04    1.2864e-03   -7.4952e-04
   4.0000e-01    0.0000e+00   -3.0000e+00   -2.8007e+00   -1.0751e+00    1.2982e-03    8.7598e-04    1.3192e-03    7.6376e-04
   4.0000e-01    0.0000e+00   -3.0000e+00   -2.7406e+00   -1.2202e+00   -1.8388e-04    1.5864e-03   -1.9252e-04    1.5023e-03
   4.0000e-01    0.0000e+00   -3.0000e+00   -2.6730e+00   -1.3620e+00   -1.5368e-03    5.4430e-04   -1.5013e-03    4.4055e-04
   4.0000e-01    0.0000e+00   -3.0000e+00   -2.5981e+00   -1.5000e+00   -1.1750e-03   -1.1819e-03   -1.1683e-03   -1.1610e-03
   4.0000e-01    0.0000e+00   -3.0000e+00   -2.5160e+00   -1.6339e+00    6.1360e-04   -1.5920e-03    7.1888e-04   -1.5612e-03
   4.0000e-01    0.0000e+00   -3.0000e+00   -2.4271e+00   -1.7634e+00    1.7477e-03   -6.6354e-05    1.8248e-03   -8.3624e-05
   4.0000e-01    0.0000e+00   -3.0000e+00   -2.3314e+00   -1.8880e+00    7.5192e-04    1.6308e-03    8.6665e-04    1.7211e-03
   4.0000e-01    0.0000e+00   -3.0000e+00   -2.2294e+00   -2.0074e+00   -1.2785e-03    1.3340e-03   -1.1496e-03    1.3983e-03
   4.0000e-01    0.0000e+00   -3.0000e+00   -2.1213e+00   -2.1213e+00   -1.7497e-03   -7.5343e-04   -1.5824e-03   -6.6473e-04
   4.0000e-01    0.0000e+00   -3.0000e+00   -2.0074e+00   -2.2294e+00    1.1527e-04   -1.9650e-03    2.3817e-04   -1.8597e-03
   4.0000e-01    0.0000e+00   -3.0000e+00   -1.8880e+00   -2.3314e+00    1.9588e-03   -5.6680e-04    2.0554e-03   -4.0574e-04
   4.0000e-01    0.0000e+00   -3.0000e+00   -1.7634e+00   -2.4271e+00    1.2053e-03    1.7432e-03    1.2865e-03    1.8330e-03
   4.0000e-01    0.0000e+00   -3.0000e+00   -1.6339e+00   -2.5160e+00   -1.3484e-03    1.7520e-03   -1.2602e-03    1.9150e-03
   4.0000e-01    0.0000e+00   -3.0000e+00   -1.5000e+00   -2.5981e+00   -2.1743e-03   -7.9775e-04   -2.1524e-03   -6.3322e-04
   4.0000e-01    0.0000e+00   -3.0000e+00    1.5000e+00   -2.5981e+00   -2.1743e-03   -7.9775e-04   -2.0952e-03   -7.8381e-04
   4.0000e-01    0.0000e+00   -3.0000e+00    1.6339e+00   -2.5160e+00   -1.3484e-03    1.7520e-03   -1.3491e-03    1.8948e-03
   4.0000e-01    0.0000e+00   -3.0000e+00    1.7634e+00   -2.4271e+00    1.2053e-03    1.7432e-03    1.2560e-03    1.9219e-03
   4.0000e-01    0.0000e+00   -3.0000e+00    1.8880e+00   -2.3314e+00    1.9588e-03   -5.6680e-04    2.0744e-03   -4.6763e-04
   4.0000e-01    0.0000e+00   -3.0000e+00    2.0074e+00   -2.2294e+00    1.1527e-04   -1.9650e-03    2.3373e-04   -1.8895e-03
   4.0000e-01    0.0000e+00   -3.0000e+00    2.1213e+00   -2.1213e+00   -1.7497e-03   -7.5343e-04   -1.6496e-03   -6.7426e-04
   4.0000e-01    0.0000e+00   -3.0000e+00    2.2294e+00   -2.0074e+00   -1.2785e-03    1.3340e-03   -1.1153e-03    1.3343e-03
   4.0000e-01    0.0000e+00   -3.0000e+00    2.3314e+00   -1.8880e+00    7.5192e-04    1.6308e-03    8.8270e-04    1.6534e-03
   4.0000e-01    0.0000e+00   -3.0000e+00    2.4271e+00   -1.7634e+00    1.7477e-03   -6.6354e-05    1.8614e-03   -7.2564e-05
   4.0000e-01    0.0000e+00   -3.0000e+00    2.5160e+00   -1.6339e+00    6.1360e-04   -1.5920e-03    7.1160e-04   -1.6286e-03
   4.0000e-01    0.0000e+00   -3.0000e+00    2.5981e+00   -1.5000e+00   -1.1750e-03   -1.1819e-03   -1.1072e-03   -1.2083e-03
   4.0000e-01    0.0000e+00   -3.0000e+00    2.6730e+00   -1.3620e+00   -1.5368e-03    5.4430e-04   -1.5598e-03    5.2315e-04
   4.0000e-01    0.0000e+00   -3.0000e+00    2.7406e+00   -1.2202e+00   -1.8388e-04    1.5864e-03   -2.8435e-04    1.5161e-03
   4.0000e-01    0.0000e+00   -3.0000e+00    2.8007e+00   -1.0751e+00    1.2982e-03    8.7598e-04    1.2075e-03    8.0922e-04
   4.0000e-01    0.0000e+00   -3.0000e+00    2.8532e+00   -9.2705e-01    1.3601e-03   -7.1613e-04    1.2699e-03   -7.8204e-04
   4.0000e-01    0.0000e+00   -3.0000e+00    2.8978e+00   -7.7646e-01    4.8948e-05   -1.5096e-03   -8.0424e-05   -1.6323e-03
   4.0000e-01    0.0000e+00   -3.0000e+00    2.9344e+00   -6.2374e-01   -1.2476e-03   -8.0684e-04   -1.3717e-03   -9.5783e-04
   4.0000e-01    0.0000e+00   -3.0000e+00    2.9631e+00   -4.6930e-01   -1.3224e-03    6.2450e-04   -1.5318e-03    5.2545e-04
   4.0000e-01    0.0000e+00   -3.0000e+00    2.9836e+00   -3.1359e-01   -2.0201e-04    1.4265e-03   -4.2535e-04    1.3299e-03
   4.0000e-01    0.0000e+00   -3.0000e+00    2.9959e+00   -1.5701e-01    1.0432e-03    9.6430e-04    7.7604e-04    7.5963e-04
   4.0000e-01    1.5000e+00   -2.6000e+00    3.0000e+00    0.0000e+00   -1.1872e-03   -1.1693e-03   -9.2682e-04   -1.0162e-03
   4.0000e-01    1.5000e+00   -2.6000e+00    2.9959e+00    1.5701e-01   -1.5295e-03    5.6347e-04   -1.3655e-03    7.0043e-04
   4.0000e-01    1.5000e+00   -2.6000e+00    2.9836e+00    3.1359e-01   -1.7212e-04    1.5873e-03   -5.2630e-05    1.7135e-03
   4.0000e-01    1.5000e+00   -2.6000e+00    2.9631e+00    4.6930e-01    1.3105e-03    8.5643e-04    1.3789e-03    9.4401e-04
   4.0000e-01    1.5000e+00   -2.6000e+00    2.9344e+00    6.2374e-01    1.3489e-03   -7.3627e-04    1.4205e-03   -6.4743e-04
   4.0000e-01    1.5000e+00   -2.6000e+00    2.8978e+00    7.7646e-01    2.5923e-05   -1.5097e-03   -7.1512e-05   -1.4553e-03
   4.0000e-01    1.5000e+00   -2.6000e+00    2.8532e+00    9.2705e-01   -1.2580e-03   -7.8959e-04   -1.3730e-03   -7.6133e-04
   4.0000e-01    1.5000e+00   -2.6000e+00    2.8007e+00    1.0751e+00   -1.3125e-03    6.4443e-04   -1.4593e-03    6.4089e-04
   4.0000e-01    1.5000e+00   -2.6000e+00    2.7406e+00    1.2202e+00   -1.8055e-04    1.4292e-03   -4.4460e-04    1.3176e-03
   4.0000e-01    1.5000e+00   -2.6000e+00    2.6730e+00    1.3620e+00    1.0637e-03    9.4059e-04    8.7557e-04    8.4766e-04
   4.0000e-01    1.5000e+00   -2.6000e+00    2.5981e+00    1.5000e+00    1.3693e-03   -2.9762e-04    1.1497e-03   -4.1064e-04
   4.0000e-01    1.5000e+00   -2.6000e+00    2.5160e+00    1.6339e+00    5.9038e-04   -1.2511e-03    2.8246e-04   -1.4874e-03
   4.0000e-01    1.5000e+00   -2.6000e+00    2.4271e+00    1.7634e+00   -6.0332e-04   -1.2263e-03   -8.8302e-04   -1.4192e-03
   4.0000e-01    1.5000e+00   -2.6000e+00    2.3314e+00    1.8880e+00   -1.3117e-03   -3.2360e-04   -1.5465e-03   -5.7854e-04
   4.0000e-01    1.5000e+00   -2.6000e+00    2.2294e+00    2.0074e+00   -1.1082e-03    7.4689e-04   -1.3929e-03    3.9641e-04
   4.0000e-01    1.5000e+00   -2.6000e+00    2.1213e+00    2.1213e+00   -2.1792e-04    1.3048e-03   -5.0636e-04    9.9886e-04
   4.0000e-01    1.5000e+00   -2.6000e+00    2.0074e+00    2.2294e+00    7.6883e-04    1.0606e-03    5.1678e-04    6.8992e-04
   4.0000e-01    1.5000e+00   -2.6000e+00    1.8880e+00    2.3314e+00    1.2768e-03    2.3187e-04    1.1234e-03   -6.4342e-05
   4.0000e-01    1.5000e+00   -2.6000e+00    1.7634e+00    2.4271e+00    1.0995e-03   -6.6784e-04    8.9840e-04   -1.0323e-03
   4.0000e-01    1.5000e+00   -2.6000e+00    1.6339e+00    2.5160e+00    4.0737e-04   -1.2093e-03    2.7828e-04   -1.5267e-03
   4.0000e-01    1.5000e+00   -2.6000e+00    1.5000e+00    2.5981e+00   -4.3574e-04   -1.1886e-03   -4.9130e-04   -1.5334e-03
   4.0000e-01    1.5000e+00   -2.6000e+00    1.3620e+00    2.6730e+00   -1.0538e-03   -6.8481e-04   -1.1011e-03   -9.8865e-04
   4.0000e-01    1.5000e+00   -2.6000e+00    1.2202e+00    2.7406e+00   -1.2475e-03    4.4210e-05   -1.2162e-03   -2.1655e-04
   4.0000e-01    1.5000e+00   -2.6000e+00    1.0751e+00    2.8007e+00   -1.0121e-03    7.1689e-04   -8.7574e-04    3.9614e-04
   4.0000e-01    1.5000e+00   -2.6000e+00    9.2705e-01    2.8532e+00   -4.8304e-04    1.1341e-03   -3.1425e-04    8.8917e-04
   4.0000e-01    1.5000e+00   -2.6000e+00    7.7646e-01    2.8978e+00    1.4582e-04    1.2170e-03    3.3702e-04    1.0414e-03
   4.0000e-01    1.5000e+00   -2.6000e+00    6.2374e-01    2.9344e+00    6.9145e-04    1.0045e-03    9.3962e-04    8.6307e-04
   4.0000e-01    1.5000e+00   -2.6000e+00    4.6930e-01    2.9631e+00    1.0585e-03    5.9339e-04    1.3313e-03    4.9204e-04
   4.0000e-01    1.5000e+00   -2.6000e+00    3.1359e-01    2.9836e+00    1.2032e-03    1.1026e-04    1.5462e-03    1.2047e-04
   4.0000e-01    1.5000e+00   -2.6000e+00    1.5701e-01    2.9959e+00    1.1499e-03   -3.5504e-04    1.5710e-03   -3.2034e-04
   4.0000e-01    1.5000e+00   -2.6000e+00    0.0000e+00    3.0000e+00    9.4369e-04   -7.3949e-04    1.3687e-03   -5.1199e-04
   4.0000e-01    1.5000e+00   -2.6000e+00   -1.5701e-01    2.9959e+00    6.6621e-04   -9.9212e-04    1.0957e-03   -7.6914e-04
   4.0000e-01    1.5000e+00   -2.6000e+00   -3.1359e-01    2.9836e+00    3.5608e-04   -1.1370e-03    8.0786e-04   -7.5346e-04
   4.0000e-01    1.5000e+00   -2.6000e+00   -4.6930e-01    2.9631e+00    4.9619e-05   -1.1873e-03    5.1980e-04   -7.4211e-04
   4.0000e-01    1.5000e+00   -2.6000e+00   -6.2374e-01    2.9344e+00   -2.1394e-04   -1.1662e-03    3.0434e-04   -6.5200e-04
   4.0000e-01    1.5000e+00   -2.6000e+00   -7.7646e-01    2.8978e+00   -4.3067e-04   -1.1021e-03    1.2518e-04   -4.9510e-04
   4.0000e-01    1.5000e+00   -2.6000e+00   -9.2705e-01    2.8532e+00   -5.8897e-04   -1.0243e-03   -1.9862e-05   -3.2057e-04
   4.0000e-01    1.5000e+00   -2.6000e+00   -1.0751e+00    2.8007e+00   -7.0843e-04   -9.4407e-04   -1.0052e-04   -1.7981e-04
   4.0000e-01    1.5000e+00   -2.6000e+00   -1.2202e+00    2.7406e+00   -7.8637e-04   -8.7892e-04   -1.6113e-04   -4.8618e-05
   4.0000e-01    1.5000e+00   -2.6000e+00   -1.3620e+00    2.6730e+00   -8.3304e-04   -8.3365e-04   -2.3460e-04    7.1329e-05
   4.0000e-01    1.5000e+00   -2.6000e+00   -1.5000e+00    2.5981e+00   -8.4487e-04   -8.2143e-04   -2.9682e-04    9.9676e-05
   4.0000e-01    1.5000e+00   -2.6000e+00   -1.6339e+00    2.5160e+00   -8.2731e-04   -8.3950e-04   -2.5234e-04    1.1102e-04
   4.0000e-01    1.5000e+00   -2.6000e+00   -1.7634e+00    2.4271e+00   -7.8645e-04   -8.7864e-04   -2.0649e-04    1.0143e-04
   4.0000e-01    1.5000e+00   -2.6000e+00   -1.8880e+00    2.3314e+00   -7.1412e-04   -9.3963e-04   -1.7569e-04    1.0927e-04
   4.0000e-01    1.5000e+00   -2.6000e+00   -2.0074e+00    2.2294e+00   -5.8980e-04   -1.0240e-03    2.2052e-05    2.2043e-05
   4.0000e-01    1.5000e+00   -2.6000e+00   -2.1213e+00    2.1213e+00   -4.1965e-04   -1.1066e-03    8.2995e-05   -7.3419e-05
   4.0000e-01    1.5000e+00   -2.6000e+00   -2.2294e+00    2.0074e+00   -2.0979e-04   -1.1670e-03    2.5187e-04   -2.2155e-04
   4.0000e-01    1.5000e+00   -2.6000e+00   -2.3314e+00    1.8880e+00    4.5286e-05   -1.1875e-03    4.5174e-04   -2.9495e-04
   4.0000e-01    1.5000e+00   -2.6000e+00   -2.4271e+00    1.7634e+00    3.5316e-04   -1.1380e-03    6.0754e-04   -3.2125e-04
   4.0000e-01    1.5000e+00   -2.6000e+00   -2.5160e+00    1.6339e+00    6.7109e-04   -9.8895e-04    9.0584e-04   -1.9328e-04
   4.0000e-01    1.5000e+00   -2.6000e+00   -2.5981e+00    1.5000e+00    9.5167e-04   -7.2950e-04    1.1301e-03   -1.0066e-04
   4.0000e-01    1.5000e+00   -2.6000e+00   -2.6730e+00    1.3620e+00    1.1496e-03   -3.5574e-04    1.2711e-03    2.6014e-04
   4.0000e-01    1.5000e+00   -2.6000e+00   -2.7406e+00    1.2202e+00    1.2031e-03    1.1482e-04    1.2747e-03    6.3681e-04
   4.0000e-01    1.5000e+00   -2.6000e+00   -2.8007e+00    1.0751e+00    1.0544e-03    6.0144e-04    1.1095e-03    9.7595e-04
   4.0000e-01    1.5000e+00   -2.6000e+00   -2.8532e+00    9.2705e-01    6.8221e-04    1.0111e-03    6.2342e-04    1.3458e-03
   4.0000e-01    1.5000e+00   -2.6000e+00   -2.8978e+00    7.7646e-01    1.3649e-04    1.2184e-03   -6.1684e-05    1.4091e-03
   4.0000e-01    1.5000e+00   -2.6000e+00   -2.9344e+00    6.2374e-01   -4.9114e-04    1.1310e-03   -7.5516e-04    1.2161e-03
   4.0000e-01    1.5000e+00   -2.6000e+00   -2.9631e+00    4.6930e-01   -1.0180e-03    7.0874e-04   -1.3228e-03    6.7902e-04
   4.0000e-01    1.5000e+00   -2.6000e+00   -2.9836e+00    3.1359e-01   -1.2483e-03    2.5146e-05   -1.5769e-03   -1.2604e-04
   4.0000e-01    1.5000e+00   -2.6000e+00   -2.9959e+00    1.5701e-01   -1.0448e-03   -6.9934e-04   -1.3588e-03   -8.7050e-04
   4.0000e-01    1.5000e+00   -2.6000e+00   -3.0000e+00    0.0000e+00   -4.2502e-04   -1.1930e-03   -8.2132e-04   -1.4455e-03
   4.0000e-01    1.5000e+00   -2.6000e+00   -2.9959e+00   -1.5701e-01    4.1838e-04   -1.2058e-03    1.3055e-05   -1.6326e-03
   4.0000e-01    1.5000e+00   -2.6000e+00   -2.9836e+00   -3.1359e-01    1.1074e-03   -6.5540e-04    7.7043e-04   -1.0601e-03
   4.0000e-01    1.5000e+00   -2.6000e+00   -2.9631e+00   -4.6930e-01    1.2735e-03    2.5155e-04    9.2750e-04   -2.0466e-04
   4.0000e-01    1.5000e+00   -2.6000e+00   -2.9344e+00   -6.2374e-01    7.5414e-04    1.0715e-03    5.5377e-04    6.6653e-04
   4.0000e-01    1.5000e+00   -2.6000e+00   -2.8978e+00   -7.7646e-01   -2.2398e-04    1.3038e-03   -4.7272e-04    7.7218e-04
   4.0000e-01    1.5000e+00   -2.6000e+00   -2.8532e+00   -9.2705e-01   -1.1146e-03    7.3777e-04   -1.3057e-03    2.8153e-04
   4.0000e-01    1.5000e+00   -2.6000e+00   -2.8007e+00   -1.0751e+00   -1.3063e-03   -3.4671e-04   -1.3917e-03   -8.8020e-04
   4.0000e-01    1.5000e+00   -2.6000e+00   -2.7406e+00   -1.2202e+00   -5.8815e-04   -1.2341e-03   -5.7199e-04   -1.8318e-03
   4.0000e-01    1.5000e+00   -2.6000e+00   -2.6730e+00   -1.3620e+00    6.0104e-04   -1.2461e-03    6.8969e-04   -1.8381e-03
   4.0000e-01    1.5000e+00   -2.6000e+00   -2.5981e+00   -1.5000e+00    1.3722e-03   -2.8374e-04    1.5314e-03   -8.0951e-04
   4.0000e-01    1.5000e+00   -2.6000e+00   -2.5160e+00   -1.6339e+00    1.0470e-03    9.5984e-04    1.3228e-03    3.9505e-04
   4.0000e-01    1.5000e+00   -2.6000e+00   -2.4271e+00   -1.7634e+00   -1.9660e-04    1.4270e-03    1.4427e-04    1.0803e-03
   4.0000e-01    1.5000e+00   -2.6000e+00   -2.3314e+00   -1.8880e+00   -1.3172e-03    6.3451e-04   -9.4135e-04    2.4910e-04
   4.0000e-01    1.5000e+00   -2.6000e+00   -2.2294e+00   -2.0074e+00   -1.2538e-03   -7.9658e-04   -7.9500e-04   -1.2456e-03
   4.0000e-01    1.5000e+00   -2.6000e+00   -2.1213e+00   -2.1213e+00    5.1079e-05   -1.5095e-03    5.4019e-04   -1.8244e-03
   4.0000e-01    1.5000e+00   -2.6000e+00   -2.0074e+00   -2.2294e+00    1.3609e-03   -7.1419e-04    1.9544e-03   -9.5387e-04
   4.0000e-01    1.5000e+00   -2.6000e+00   -1.8880e+00   -2.3314e+00    1.3043e-03    8.6592e-04    1.8818e-03    7.0179e-04
   4.0000e-01    1.5000e+00   -2.6000e+00   -1.7634e+00   -2.4271e+00   -1.7921e-04    1.5865e-03    4.2431e-04    1.4470e-03
   4.0000e-01    1.5000e+00   -2.6000e+00   -1.6339e+00   -2.5160e+00   -1.5366e-03    5.4454e-04   -9.1371e-04    4.1251e-04
   4.0000e-01    1.5000e+00   -2.6000e+00   -1.5000e+00   -2.5981e+00   -1.1741e-03   -1.1830e-03   -5.9734e-04   -1.1738e-03
   4.0000e-01    1.5000e+00   -2.6000e+00   -1.3620e+00   -2.6730e+00    6.0446e-04   -1.5949e-03    1.0847e-03   -1.6205e-03
   4.0000e-01    1.5000e+00   -2.6000e+00   -1.2202e+00   -2.7406e+00    1.7479e-03   -6.5610e-05    2.2775e-03   -1.3971e-05
   4.0000e-01    1.5000e+00   -2.6000e+00   -1.0751e+00   -2.8007e+00    7.4655e-04    1.6336e-03    1.2133e-03    1.7250e-03
   4.0000e-01    1.5000e+00   -2.6000e+00   -9.2705e-01   -2.8532e+00   -1.2896e-03    1.3234e-03   -8.9606e-04    1.4622e-03
   4.0000e-01    1.5000e+00   -2.6000e+00   -7.7646e-01   -2.8978e+00   -1.7501e-03   -7.5174e-04   -1.3744e-03   -5.6335e-04
   4.0000e-01    1.5000e+00   -2.6000e+00   -6.2374e-01   -2.9344e+00    1.1054e-04   -1.9652e-03    4.4711e-04   -1.8077e-03
   4.0000e-01    1.5000e+00   -2.6000e+00   -4.6930e-01   -2.9631e+00    1.9630e-03   -5.5393e-04    2.2545e-03   -4.3798e-04
   4.0000e-01    1.5000e+00   -2.6000e+00   -3.1359e-01   -2.9836e+00    1.1865e-03    1.7569e-03    1.3470e-03    1.8413e-03
   4.0000e-01    1.5000e+00   -2.6000e+00   -1.5701e-01   -2.9959e+00   -1.3564e-03    1.7461e-03   -1.2191e-03    1.9530e-03
   4.0000e-01    1.5000e+00   -2.6000e+00    0.0000e+00   -3.0000e+00   -2.1761e-03   -7.9174e-04   -2.1521e-03   -6.9959e-04
   4.0000e-01    1.5000e+00   -2.6000e+00    2.5981e+00   -1.5000e+00   -2.1833e-03   -7.6948e-04   -1.9752e-03   -8.5549e-04
   4.0000e-01    1.5000e+00   -2.6000e+00    2.6730e+00   -1.3620e+00   -1.3295e-03    1.7655e-03   -1.1374e-03    1.7867e-03
   4.0000e-01    1.5000e+00   -2.6000e+00    2.7406e+00   -1.2202e+00    1.2236e-03    1.7301e-03    1.4595e-03    1.7133e-03
   4.0000e-01    1.5000e+00   -2.6000e+00    2.8007e+00   -1.0751e+00    1.9540e-03   -5.8306e-04    2.2933e-03   -5.4596e-04
   4.0000e-01    1.5000e+00   -2.6000e+00    2.8532e+00   -9.2705e-01    8.0721e-05   -1.9659e-03    3.4283e-04   -1.8702e-03
   4.0000e-01    1.5000e+00   -2.6000e+00    2.8978e+00   -7.7646e-01   -1.7603e-03   -7.2619e-04   -1.5110e-03   -6.2776e-04
   4.0000e-01    1.5000e+00   -2.6000e+00    2.9344e+00   -6.2374e-01   -1.2680e-03    1.3436e-03   -9.3473e-04    1.4063e-03
   4.0000e-01    1.5000e+00   -2.6000e+00    2.9631e+00   -4.6930e-01    7.6992e-04    1.6221e-03    1.0474e-03    1.6794e-03
   4.0000e-01    1.5000e+00   -2.6000e+00    2.9836e+00   -3.1359e-01    1.7458e-03   -9.4569e-05    2.0962e-03    2.2031e-05
   4.0000e-01    1.5000e+00   -2.6000e+00    2.9959e+00   -1.5701e-01    5.9040e-04   -1.6001e-03    8.2471e-04   -1.4602e-03
   4.0000e-01    2.6000e+00   -1.5000e+00    3.0000e+00    0.0000e+00   -2.1688e-03   -8.1403e-04   -2.0458e-03   -6.6678e-04
   4.0000e-01    2.6000e+00   -1.5000e+00    2.9959e+00    1.5701e-01   -1.3564e-03    1.7461e-03   -1.2757e-03    1.9177e-03
   4.0000e-01    2.6000e+00   -1.5000e+00    2.9836e+00    3.1359e-01    1.1865e-03    1.7569e-03    1.2184e-03    1.9034e-03
   4.0000e-01    2.6000e+00   -1.5000e+00    2.9631e+00    4.6930e-01    1.9630e-03   -5.5393e-04    1.9618e-03   -4.5905e-04
   4.0000e-01    2.6000e+00   -1.5000e+00    2.9344e+00    6.2374e-01    1.1054e-04   -1.9652e-03    3.8266e-05   -1.8214e-03
   4.0000e-01    2.6000e+00   -1.5000e+00    2.8978e+00    7.7646e-01   -1.7501e-03   -7.5174e-04   -1.8305e-03   -6.3110e-04
   4.0000e-01    2.6000e+00   -1.5000e+00    2.8532e+00    9.2705e-01   -1.2896e-03    1.3234e-03   -1.3828e-03    1.4735e-03
   4.0000e-01    2.6000e+00   -1.5000e+00    2.8007e+00    1.0751e+00    7.4655e-04    1.6336e-03    6.4439e-04    1.7512e-03
   4.0000e-01    2.6000e+00   -1.5000e+00    2.7406e+00    1.2202e+00    1.7479e-03   -6.5610e-05    1.5977e-03    2.6557e-05
   4.0000e-01    2.6000e+00   -1.5000e+00    2.6730e+00    1.3620e+00    6.0446e-04   -1.5949e-03    4.2743e-04   -1.4981e-03
   4.0000e-01    2.6000e+00   -1.5000e+00    2.5981e+00    1.5000e+00   -1.1741e-03   -1.1830e-03   -1.4251e-03   -1.1080e-03
   4.0000e-01    2.6000e+00   -1.5000e+00    2.5160e+00    1.6339e+00   -1.5366e-03    5.4454e-04   -1.7304e-03    6.2096e-04
   4.0000e-01    2.6000e+00   -1.5000e+00    2.4271e+00    1.7634e+00   -1.7921e-04    1.5865e-03   -4.4313e-04    1.6190e-03
   4.0000e-01    2.6000e+00   -1.5000e+00    2.3314e+00    1.8880e+00    1.3043e-03    8.6592e-04    1.0524e-03    8.7916e-04
   4.0000e-01    2.6000e+00   -1.5000e+00    2.2294e+00    2.0074e+00    1.3609e-03   -7.1419e-04    1.0670e-03   -7.4106e-04
   4.0000e-01    2.6000e+00   -1.5000e+00    2.1213e+00    2.1213e+00    5.1079e-05   -1.5095e-03   -2.0560e-04   -1.5037e-03
   4.0000e-01    2.6000e+00   -1.5000e+00    2.0074e+00    2.2294e+00   -1.2538e-03   -7.9658e-04   -1.5111e-03   -8.5817e-04
   4.0000e-01    2.6000e+00   -1.5000e+00    1.8880e+00    2.3314e+00   -1.3172e-03    6.3451e-04   -1.5697e-03    5.7560e-04
   4.0000e-01    2.6000e+00   -1.5000e+00    1.7634e+00    2.4271e+00   -1.9660e-04    1.4270e-03   -4.8342e-04    1.3141e-03
   4.0000e-01    2.6000e+00   -1.5000e+00    1.6339e+00    2.5160e+00    1.0470e-03    9.5984e-04    7.5937e-04    8.7994e-04
   4.0000e-01    2.6000e+00   -1.5000e+00    1.5000e+00    2.5981e+00    1.3722e-03   -2.8374e-04    1.0966e-03   -4.2046e-04
   4.0000e-01    2.6000e+00   -1.5000e+00    1.3620e+00    2.6730e+00    6.0104e-04   -1.2461e-03    2.9595e-04   -1.3008e-03
   4.0000e-01    2.6000e+00   -1.5000e+00    1.2202e+00    2.7406e+00   -5.8815e-04   -1.2341e-03   -9.3753e-04   -1.4926e-03
   4.0000e-01    2.6000e+00   -1.5000e+00    1.0751e+00    2.8007e+00   -1.3063e-03   -3.4671e-04   -1.5886e-03   -5.4520e-04
   4.0000e-01    2.6000e+00   -1.5000e+00    9.2705e-01    2.8532e+00   -1.1146e-03    7.3777e-04   -1.3081e-03    5.3229e-04
   4.0000e-01    2.6000e+00   -1.5000e+00    7.7646e-01    2.8978e+00   -2.2398e-04    1.3038e-03   -4.6819e-04    1.1016e-03
   4.0000e-01    2.6000e+00   -1.5000e+00    6.2374e-01    2.9344e+00    7.5414e-04    1.0715e-03    5.0934e-04    7.5578e-04
   4.0000e-01    2.6000e+00   -1.5000e+00    4.6930e-01    2.9631e+00    1.2735e-03    2.5155e-04    1.0430e-03    1.7590e-05
   4.0000e-01    2.6000e+00   -1.5000e+00    3.1359e-01    2.9836e+00    1.1074e-03   -6.5540e-04    9.5977e-04   -9.1460e-04
   4.0000e-01    2.6000e+00   -1.5000e+00    1.5701e-01    2.9959e+00    4.1838e-04   -1.2058e-03    2.5069e-04   -1.4677e-03
   4.0000e-01    2.6000e+00   -1.5000e+00    0.0000e+00    3.0000e+00   -4.3123e-04   -1.1906e-03   -5.7235e-04   -1.3643e-03
   4.0000e-01    2.6000e+00   -1.5000e+00   -1.5701e-01    2.9959e+00   -1.0448e-03   -6.9934e-04   -1.1888e-03   -8.1062e-04
   4.0000e-01    2.6000e+00   -1.5000e+00   -3.1359e-01    2.9836e+00   -1.2483e-03    2.5146e-05   -1.3723e-03   -5.4239e-05
   4.0000e-01    2.6000e+00   -1.5000e+00   -4.6930e-01    2.9631e+00   -1.0180e-03    7.0874e-04   -1.1611e-03    6.8700e-04
   4.0000e-01    2.6000e+00   -1.5000e+00   -6.2374e-01    2.9344e+00   -4.9114e-04    1.1310e-03   -6.0332e-04    1.1888e-03
   4.0000e-01    2.6000e+00   -1.5000e+00   -7.7646e-01    2.8978e+00    1.3649e-04    1.2184e-03    3.2638e-05    1.3748e-03
   4.0000e-01    2.6000e+00   -1.5000e+00   -9.2705e-01    2.8532e+00    6.8221e-04    1.0111e-03    7.1586e-04    1.3025e-03
   4.0000e-01    2.6000e+00   -1.5000e+00   -1.0751e+00    2.8007e+00    1.0544e-03    6.0144e-04    1.1472e-03    9.5980e-04
   4.0000e-01    2.6000e+00   -1.5000e+00   -1.2202e+00    2.7406e+00    1.2031e-03    1.1482e-04    1.2907e-03    5.6925e-04
   4.0000e-01    2.6000e+00   -1.5000e+00   -1.3620e+00    2.6730e+00    1.1496e-03   -3.5574e-04    1.3103e-03    2.4957e-04
   4.0000e-01    2.6000e+00   -1.5000e+00   -1.5000e+00    2.5981e+00    9.5167e-04   -7.2950e-04    1.1603e-03   -8.3700e-05
   4.0000e-01    2.6000e+00   -1.5000e+00   -1.6339e+00    2.5160e+00    6.7109e-04   -9.8895e-04    9.6623e-04   -1.5915e-04
   4.0000e-01    2.6000e+00   -1.5000e+00   -1.7634e+00    2.4271e+00    3.5316e-04   -1.1380e-03    6.8723e-04   -2.1311e-04
   4.0000e-01    2.6000e+00   -1.5000e+00   -1.8880e+00    2.3314e+00    4.5286e-05   -1.1875e-03    3.8667e-04   -9.0058e-05
   4.0000e-01    2.6000e+00   -1.5000e+00   -2.0074e+00    2.2294e+00   -2.0979e-04   -1.1670e-03    1.3838e-04   -1.0517e-04
   4.0000e-01    2.6000e+00   -1.5000e+00   -2.1213e+00    2.1213e+00   -4.1965e-04   -1.1066e-03    7.5234e-05    1.1269e-04
   4.0000e-01    2.6000e+00   -1.5000e+00   -2.2294e+00    2.0074e+00   -5.8980e-04   -1.0240e-03   -1.4449e-04    2.3190e-04
   4.0000e-01    2.6000e+00   -1.5000e+00   -2.3314e+00    1.8880e+00   -7.1412e-04   -9.3963e-04   -2.8999e-04    4.5542e-04
   4.0000e-01    2.6000e+00   -1.5000e+00   -2.4271e+00    1.7634e+00   -7.8645e-04   -8.7864e-04   -2.4839e-04    5.0277e-04
   4.0000e-01    2.6000e+00   -1.5000e+00   -2.5160e+00    1.6339e+00   -8.2731e-04   -8.3950e-04   -2.7516e-04    5.0449e-04
   4.0000e-01    2.6000e+00   -1.5000e+00   -2.5981e+00    1.5000e+00   -8.4487e-04   -8.2143e-04   -2.9224e-04    5.8550e-04
   4.0000e-01    2.6000e+00   -1.5000e+00   -2.6730e+00    1.3620e+00   -8.3304e-04   -8.3365e-04   -3.7307e-04    5.2282e-04
   4.0000e-01    2.6000e+00   -1.5000e+00   -2.7406e+00    1.2202e+00   -7.8637e-04   -8.7892e-04   -2.2514e-04    4.0807e-04
   4.0000e-01    2.6000e+00   -1.5000e+00   -2.8007e+00    1.0751e+00   -7.0843e-04   -9.4407e-04   -2.1612e-04    2.5847e-04
   4.0000e-01    2.6000e+00   -1.5000e+00   -2.8532e+00    9.2705e-01   -5.8897e-04   -1.0243e-03   -9.4432e-05    1.0251e-04
   4.0000e-01    2.6000e+00   -1.5000e+00   -2.8978e+00    7.7646e-01   -4.3067e-04   -1.1021e-03    5.0905e-05   -7.6715e-05
   4.0000e-01    2.6000e+00   -1.5000e+00   -2.9344e+00    6.2374e-01   -2.1394e-04   -1.1662e-03    2.4833e-04   -3.1680e-04
   4.0000e-01    2.6000e+00   -1.5000e+00   -2.9631e+00    4.6930e-01    4.9619e-05   -1.1873e-03    5.5653e-04   -4.6927e-04
   4.0000e-01    2.6000e+00   -1.5000e+00   -2.9836e+00    3.1359e-01    3.5608e-04   -1.1370e-03    8.1949e-04   -6.1385e-04
   4.0000e-01    2.6000e+00   -1.5000e+00   -2.9959e+00    1.5701e-01    6.6621e-04   -9.9212e-04    1.1517e-03   -6.3671e-04
   4.0000e-01    2.6000e+00   -1.5000e+00   -3.0000e+00    0.0000e+00    9.4572e-04   -7.3696e-04    1.3668e-03   -5.0468e-04
   4.0000e-01    2.6000e+00   -1.5000e+00   -2.9959e+00   -1.5701e-01    1.1499e-03   -3.5504e-04    1.5267e-03   -2.8506e-04
   4.0000e-01    2.6000e+00   -1.5000e+00   -2.9836e+00   -3.1359e-01    1.2032e-03    1.1026e-04    1.6460e-03    9.5294e-05
   4.0000e-01    2.6000e+00   -1.5000e+00   -2.9631e+00   -4.6930e-01    1.0585e-03    5.9339e-04    1.4413e-03    3.4579e-04
   4.0000e-01    2.6000e+00   -1.5000e+00   -2.9344e+00   -6.2374e-01    6.9145e-04    1.0045e-03    1.0111e-03    6.9072e-04
   4.0000e-01    2.6000e+00   -1.5000e+00   -2.8978e+00   -7.7646e-01    1.4582e-04    1.2170e-03    4.9367e-04    6.7639e-04
   4.0000e-01    2.6000e+00   -1.5000e+00   -2.8532e+00   -9.2705e-01   -4.8304e-04    1.1341e-03   -8.8041e-05    5.4284e-04
   4.0000e-01    2.6000e+00   -1.5000e+00   -2.8007e+00   -1.0751e+00   -1.0121e-03    7.1689e-04   -5.6342e-04    8.1679e-05
   4.0000e-01    2.6000e+00   -1.5000e+00   -2.7406e+00   -1.2202e+00   -1.2475e-03    4.4210e-05   -8.2588e-04   -7.6695e-04
   4.0000e-01    2.6000e+00   -1.5000e+00   -2.6730e+00   -1.3620e+00   -1.0538e-03   -6.8481e-04   -6.8707e-04   -1.5450e-03
   4.0000e-01    2.6000e+00   -1.5000e+00   -2.5981e+00   -1.5000e+00   -4.3574e-04   -1.1886e-03   -1.4871e-05   -2.0456e-03
   4.0000e-01    2.6000e+00   -1.5000e+00   -2.5160e+00   -1.6339e+00    4.0737e-04   -1.2093e-03    8.1982e-04   -2.1912e-03
   4.0000e-01    2.6000e+00   -1.5000e+00   -2.4271e+00   -1.7634e+00    1.0995e-03   -6.6784e-04    1.4557e-03   -1.5308e-03
   4.0000e-01    2.6000e+00   -1.5000e+00   -2.3314e+00   -1.8880e+00    1.2768e-03    2.3187e-04    1.6157e-03   -6.7695e-04
   4.0000e-01    2.6000e+00   -1.5000e+00   -2.2294e+00   -2.0074e+00    7.6883e-04    1.0606e-03    1.2174e-03    1.8198e-04
   4.0000e-01    2.6000e+00   -1.5000e+00   -2.1213e+00   -2.1213e+00   -2.1792e-04    1.3048e-03    1.6529e-04    5.3884e-04
   4.0000e-01    2.6000e+00   -1.5000e+00   -2.0074e+00   -2.2294e+00   -1.1082e-03    7.4689e-04   -7.7871e-04   -5.3347e-05
   4.0000e-01    2.6000e+00   -1.5000e+00   -1.8880e+00   -2.3314e+00   -1.3117e-03   -3.2360e-04   -1.1271e-03   -1.0816e-03
   4.0000e-01    2.6000e+00   -1.5000e+00   -1.7634e+00   -2.4271e+00   -6.0332e-04   -1.2263e-03   -3.3604e-04   -1.8632e-03
   4.0000e-01    2.6000e+00   -1.5000e+00   -1.6339e+00   -2.5160e+00    5.9038e-04   -1.2511e-03    8.4895e-04   -1.8797e-03
   4.0000e-01    2.6000e+00   -1.5000e+00   -1.5000e+00   -2.5981e+00    1.3693e-03   -2.9762e-04    1.5593e-03   -8.8978e-04
   4.0000e-01    2.6000e+00   -1.5000e+00   -1.3620e+00   -2.6730e+00    1.0637e-03    9.4059e-04    1.1835e-03    5.1527e-04
   4.0000e-01    2.6000e+00   -1.5000e+00   -1.2202e+00   -2.7406e+00   -1.8055e-04    1.4292e-03   -1.3390e-04    1.0855e-03
   4.0000e-01    2.6000e+00   -1.5000e+00   -1.0751e+00   -2.8007e+00   -1.3125e-03    6.4443e-04   -1.1407e-03    2.8426e-04
   4.0000e-01    2.6000e+00   -1.5000e+00   -9.2705e-01   -2.8532e+00   -1.2580e-03   -7.8959e-04   -1.1823e-03   -9.7080e-04
   4.0000e-01    2.6000e+00   -1.5000e+00   -7.7646e-01   -2.8978e+00    2.5923e-05   -1.5097e-03    1.1428e-04   -1.6842e-03
   4.0000e-01    2.6000e+00   -1.5000e+00   -6.2374e-01   -2.9344e+00    1.3489e-03   -7.3627e-04    1.4138e-03   -9.2674e-04
   4.0000e-01    2.6000e+00   -1.5000e+00   -4.6930e-01   -2.9631e+00    1.3105e-03    8.5643e-04    1.3617e-03    8.0628e-04
   4.0000e-01    2.6000e+00   -1.5000e+00   -3.1359e-01   -2.9836e+00   -1.7212e-04    1.5873e-03   -1.1232e-04    1.5509e-03
   4.0000e-01    2.6000e+00   -1.5000e+00   -1.5701e-01   -2.9959e+00   -1.5295e-03    5.6347e-04   -1.4823e-03    4.9455e-04
   4.0000e-01    2.6000e+00   -1.5000e+00    0.0000e+00   -3.0000e+00   -1.1975e-03   -1.1583e-03   -1.1454e-03   -1.2154e-03
   4.0000e-01    2.6000e+00   -1.5000e+00    1.5701e-01   -2.9959e+00    5.9040e-04   -1.6001e-03    6.1855e-04   -1.6063e-03
   4.0000e-01    2.6000e+00   -1.5000e+00    3.1359e-01   -2.9836e+00    1.7458e-03   -9.4569e-05    1.8279e-03   -1.2877e-04
   4.0000e-01    2.6000e+00   -1.5000e+00    4.6930e-01   -2.9631e+00    7.6992e-04    1.6221e-03    8.9939e-04    1.5882e-03
   4.0000e-01    2.6000e+00   -1.5000e+00    6.2374e-01   -2.9344e+00   -1.2680e-03    1.3436e-03   -1.1353e-03    1.3585e-03
   4.0000e-01    2.6000e+00   -1.5000e+00    7.7646e-01   -2.8978e+00   -1.7603e-03   -7.2619e-04   -1.5692e-03   -7.2470e-04
   4.0000e-01    2.6000e+00   -1.5000e+00    9.2705e-01   -2.8532e+00    8.0721e-05   -1.9659e-03    2.5074e-04   -1.9831e-03
   4.0000e-01    2.6000e+00   -1.5000e+00    1.0751e+00   -2.8007e+00    1.9540e-03   -5.8306e-04    2.0524e-03   -5.8218e-04
   4.0000e-01    2.6000e+00   -1.5000e+00    1.2202e+00   -2.7406e+00    1.2236e-03    1.7301e-03    1.4437e-03    1.6842e-03
   4.0000e-01    2.6000e+00   -1.5000e+00    1.3620e+00   -2.6730e+00   -1.3295e-03    1.7655e-03   -1.0888e-03    1.7482e-03
   4.0000e-01    2.6000e+00   -1.5000e+00    1.5000e+00   -2.5981e+00   -2.1833e-03   -7.6948e-04   -1.9426e-03   -8.3483e-04
   5.0000e-01    3.0000e+00    0.0000e+00    2.5981e+00    1.5000e+00    2.5167e-03    6.1142e-04    2.5075e-03    4.4009e-04
   5.0000e-01    3.0000e+00    0.0000e+00    2.5160e+00    1.6339e+00    5.5481e-04   -2.4090e-03    6.0320e-04   -2.5879e-03
   5.0000e-01    3.0000e+00    0.0000e+00    2.4271e+00    1.7634e+00   -2.3119e-03   -5.2017e-04   -2.1947e-03   -7.1006e-04
   5.0000e-01    3.0000e+00    0.0000e+00    2.3314e+00    1.8880e+00   -5.2629e-04    2.2184e-03   -3.5379e-04    1.9786e-03
   5.0000e-01    3.0000e+00    0.0000e+00    2.2294e+00    2.0074e+00    2.1236e-03    5.7803e-04    2.3314e-03    4.2473e-04
   5.0000e-01    3.0000e+00    0.0000e+00    2.1213e+00    2.1213e+00    6.4626e-04   -2.0296e-03    9.2245e-04   -2.2782e-03
   5.0000e-01    3.0000e+00    0.0000e+00    2.0074e+00    2.2294e+00   -1.9317e-03   -7.3287e-04   -1.6842e-03   -9.3786e-04
   5.0000e-01    3.0000e+00    0.0000e+00    1.8880e+00    2.3314e+00   -8.5223e-04    1.8180e-03   -4.7396e-04    1.5861e-03
   5.0000e-01    3.0000e+00    0.0000e+00    1.7634e+00    2.4271e+00    1.6789e-03    1.0026e-03    2.0206e-03    8.5143e-04
   5.0000e-01    3.0000e+00    0.0000e+00    1.6339e+00    2.5160e+00    1.1592e-03   -1.5151e-03    1.7292e-03   -1.6392e-03
   5.0000e-01    3.0000e+00    0.0000e+00    1.5000e+00    2.5981e+00   -1.3169e-03   -1.3184e-03   -8.7724e-04   -1.4684e-03
   5.0000e-01    3.0000e+00    0.0000e+00    1.3620e+00    2.6730e+00   -1.4785e-03    1.0662e-03   -9.8170e-04    8.8543e-04
   5.0000e-01    3.0000e+00    0.0000e+00    1.2202e+00    2.7406e+00    7.7302e-04    1.6098e-03    1.2374e-03    1.4897e-03
   5.0000e-01    3.0000e+00    0.0000e+00    1.0751e+00    2.8007e+00    1.6999e-03   -4.2065e-04    2.2551e-03   -5.1018e-04
   5.0000e-01    3.0000e+00    0.0000e+00    9.2705e-01    2.8532e+00   -3.3507e-05   -1.7183e-03    4.6156e-04   -1.7825e-03
   5.0000e-01    3.0000e+00    0.0000e+00    7.7646e-01    2.8978e+00   -1.6427e-03   -3.9189e-04   -1.1168e-03   -5.0271e-04
   5.0000e-01    3.0000e+00    0.0000e+00    6.2374e-01    2.9344e+00   -8.2346e-04    1.4429e-03   -3.9035e-04    1.4083e-03
   5.0000e-01    3.0000e+00    0.0000e+00    4.6930e-01    2.9631e+00    1.1151e-03    1.1960e-03    1.5997e-03    1.1619e-03
   5.0000e-01    3.0000e+00    0.0000e+00    3.1359e-01    2.9836e+00    1.4736e-03   -6.5058e-04    1.9100e-03   -6.3494e-04
   5.0000e-01    3.0000e+00    0.0000e+00    1.5701e-01    2.9959e+00   -8.1925e-05   -1.5863e-03    1.8996e-04   -1.6067e-03
   5.0000e-01    3.0000e+00    0.0000e+00    0.0000e+00    3.0000e+00   -1.4821e-03   -5.0938e-04   -1.1721e-03   -5.0900e-04
   5.0000e-01    3.0000e+00    0.0000e+00   -1.5701e-01    2.9959e+00   -1.0734e-03    1.1146e-03   -8.3616e-04    1.0440e-03
   5.0000e-01    3.0000e+00    0.0000e+00   -3.1359e-01    2.9836e+00    5.1821e-04    1.4382e-03    6.4410e-04    1.4063e-03
   5.0000e-01    3.0000e+00    0.0000e+00   -4.6930e-01    2.9631e+00    1.4979e-03    2.0055e-04    1.4882e-03    1.2538e-04
   5.0000e-01    3.0000e+00    0.0000e+00   -6.2374e-01    2.9344e+00    9.0310e-04   -1.1913e-03    7.7892e-04   -1.3338e-03
   5.0000e-01    3.0000e+00    0.0000e+00   -7.7646e-01    2.8978e+00   -5.3535e-04   -1.3791e-03   -6.7969e-04   -1.4827e-03
   5.0000e-01    3.0000e+00    0.0000e+00   -9.2705e-01    2.8532e+00   -1.4285e-03   -3.2559e-04   -1.6622e-03   -4.5264e-04
   5.0000e-01    3.0000e+00    0.0000e+00   -1.0751e+00    2.8007e+00   -1.0814e-03    9.6874e-04   -1.3289e-03    6.9899e-04
   5.0000e-01    3.0000e+00    0.0000e+00   -1.2202e+00    2.7406e+00    1.0504e-04    1.4354e-03   -2.6370e-04    1.1340e-03
   5.0000e-01    3.0000e+00    0.0000e+00   -1.3620e+00    2.6730e+00    1.1671e-03    8.2095e-04    7.8337e-04    5.1623e-04
   5.0000e-01    3.0000e+00    0.0000e+00   -1.5000e+00    2.5981e+00    1.3812e-03   -3.1295e-04    9.0018e-04   -6.6177e-04
   5.0000e-01    3.0000e+00    0.0000e+00   -1.6339e+00    2.5160e+00    7.3251e-04   -1.1998e-03    2.0964e-04   -1.5881e-03
   5.0000e-01    3.0000e+00    0.0000e+00   -1.7634e+00    2.4271e+00   -3.0993e-04   -1.3611e-03   -8.8887e-04   -1.8383e-03
   5.0000e-01    3.0000e+00    0.0000e+00   -1.8880e+00    2.3314e+00   -1.1343e-03   -7.9780e-04   -1.6499e-03   -1.2672e-03
   5.0000e-01    3.0000e+00    0.0000e+00   -2.0074e+00    2.2294e+00   -1.3755e-03    9.2131e-05   -1.8388e-03   -5.0611e-04
   5.0000e-01    3.0000e+00    0.0000e+00   -2.1213e+00    2.1213e+00   -1.0381e-03    8.9551e-04   -1.5391e-03    3.5804e-04
   5.0000e-01    3.0000e+00    0.0000e+00   -2.2294e+00    2.0074e+00   -3.2758e-04    1.3239e-03   -7.0742e-04    8.9572e-04
   5.0000e-01    3.0000e+00    0.0000e+00   -2.3314e+00    1.8880e+00    4.4494e-04    1.2819e-03    7.4669e-05    8.9127e-04
   5.0000e-01    3.0000e+00    0.0000e+00   -2.4271e+00    1.7634e+00    1.0197e-03    8.8620e-04    6.3359e-04    5.1701e-04
   5.0000e-01    3.0000e+00    0.0000e+00   -2.5160e+00    1.6339e+00    1.3098e-03    3.0879e-04    9.9610e-04    -3.5679e-05
   5.0000e-01    3.0000e+00    0.0000e+00   -2.5981e+00    1.5000e+00    1.3083e-03   -2.9235e-04    1.0118e-03   -5.0548e-04
   5.0000e-01    3.0000e+00    0.0000e+00   -2.6730e+00    1.3620e+00    1.0822e-03   -7.8348e-04    8.5144e-04   -8.4625e-04
   5.0000e-01    3.0000e+00    0.0000e+00   -2.7406e+00    1.2202e+00    7.3465e-04   -1.1115e-03    4.9827e-04   -1.0860e-03
   5.0000e-01    3.0000e+00    0.0000e+00   -2.8007e+00    1.0751e+00    3.4670e-04   -1.2829e-03    8.7377e-05   -1.0838e-03
   5.0000e-01    3.0000e+00    0.0000e+00   -2.8532e+00    9.2705e-01   -1.8838e-05   -1.3255e-03   -1.8467e-04   -1.0130e-03
   5.0000e-01    3.0000e+00    0.0000e+00   -2.8978e+00    7.7646e-01   -3.3409e-04   -1.2802e-03   -4.5178e-04   -8.5788e-04
   5.0000e-01    3.0000e+00    0.0000e+00   -2.9344e+00    6.2374e-01   -5.6819e-04   -1.1928e-03   -7.2848e-04   -6.6084e-04
   5.0000e-01    3.0000e+00    0.0000e+00   -2.9631e+00    4.6930e-01   -7.4048e-04   -1.0921e-03   -8.6392e-04   -4.3254e-04
   5.0000e-01    3.0000e+00    0.0000e+00   -2.9836e+00    3.1359e-01   -8.4724e-04   -1.0101e-03   -9.7576e-04   -3.0377e-04
   5.0000e-01    3.0000e+00    0.0000e+00   -2.9959e+00    1.5701e-01   -9.1235e-04   -9.5109e-04   -1.0617e-03   -1.9823e-04
   5.0000e-01    3.0000e+00    0.0000e+00   -3.0000e+00    0.0000e+00   -9.4103e-04   -9.2224e-04   -1.0974e-03   -1.6305e-04
   5.0000e-01    3.0000e+00    0.0000e+00   -2.9959e+00   -1.5701e-01   -9.1235e-04   -9.5109e-04   -9.9012e-04   -1.7606e-04
   5.0000e-01    3.0000e+00    0.0000e+00   -2.9836e+00   -3.1359e-01   -8.4724e-04   -1.0101e-03   -9.5854e-04   -2.9549e-04
   5.0000e-01    3.0000e+00    0.0000e+00   -2.9631e+00   -4.6930e-01   -7.4048e-04   -1.0921e-03   -8.1628e-04   -4.8600e-04
   5.0000e-01    3.0000e+00    0.0000e+00   -2.9344e+00   -6.2374e-01   -5.6819e-04   -1.1928e-03   -6.7463e-04   -6.6523e-04
   5.0000e-01    3.0000e+00    0.0000e+00   -2.8978e+00   -7.7646e-01   -3.3409e-04   -1.2802e-03   -4.6203e-04   -8.4473e-04
   5.0000e-01    3.0000e+00    0.0000e+00   -2.8532e+00   -9.2705e-01   -1.8838e-05   -1.3255e-03   -2.0151e-04   -9.9994e-04
   5.0000e-01    3.0000e+00    0.0000e+00   -2.8007e+00   -1.0751e+00    3.4670e-04   -1.2829e-03    1.3541e-04   -1.1496e-03
   5.0000e-01    3.0000e+00    0.0000e+00   -2.7406e+00   -1.2202e+00    7.3465e-04   -1.1115e-03    5.0077e-04   -1.1136e-03
   5.0000e-01    3.0000e+00    0.0000e+00   -2.6730e+00   -1.3620e+00    1.0822e-03   -7.8348e-04    8.3953e-04   -8.8850e-04
   5.0000e-01    3.0000e+00    0.0000e+00   -2.5981e+00   -1.5000e+00    1.3083e-03   -2.9235e-04    9.7680e-04   -4.7786e-04
   5.0000e-01    3.0000e+00    0.0000e+00   -2.5160e+00   -1.6339e+00    1.3098e-03    3.0879e-04    1.0066e-03    -1.3949e-06
   5.0000e-01    3.0000e+00    0.0000e+00   -2.4271e+00   -1.7634e+00    1.0197e-03    8.8620e-04    6.5124e-04    5.3603e-04
   5.0000e-01    3.0000e+00    0.0000e+00   -2.3314e+00   -1.8880e+00    4.4494e-04    1.2819e-03    3.8168e-05    8.4666e-04
   5.0000e-01    3.0000e+00    0.0000e+00   -2.2294e+00   -2.0074e+00   -3.2758e-04    1.3239e-03   -7.9621e-04    8.5460e-04
   5.0000e-01    3.0000e+00    0.0000e+00   -2.1213e+00   -2.1213e+00   -1.0381e-03    8.9551e-04   -1.4931e-03    4.0037e-04
   5.0000e-01    3.0000e+00    0.0000e+00   -2.0074e+00   -2.2294e+00   -1.3755e-03    9.2131e-05   -1.8590e-03   -4.5102e-04
   5.0000e-01    3.0000e+00    0.0000e+00   -1.8880e+00   -2.3314e+00   -1.1343e-03   -7.9780e-04   -1.6688e-03   -1.3010e-03
   5.0000e-01    3.0000e+00    0.0000e+00   -1.7634e+00   -2.4271e+00   -3.0993e-04   -1.3611e-03   -8.1305e-04   -1.8811e-03
   5.0000e-01    3.0000e+00    0.0000e+00   -1.6339e+00   -2.5160e+00    7.3251e-04   -1.1998e-03    3.0811e-04   -1.5939e-03
   5.0000e-01    3.0000e+00    0.0000e+00   -1.5000e+00   -2.5981e+00    1.3812e-03   -3.1295e-04    8.5266e-04   -7.7907e-04
   5.0000e-01    3.0000e+00    0.0000e+00   -1.3620e+00   -2.6730e+00    1.1671e-03    8.2095e-04    6.9365e-04    4.9472e-04
   5.0000e-01    3.0000e+00    0.0000e+00   -1.2202e+00   -2.7406e+00    1.0504e-04    1.4354e-03   -1.5720e-04    1.1080e-03
   5.0000e-01    3.0000e+00    0.0000e+00   -1.0751e+00   -2.8007e+00   -1.0814e-03    9.6874e-04   -1.3980e-03    7.8767e-04
   5.0000e-01    3.0000e+00    0.0000e+00   -9.2705e-01   -2.8532e+00   -1.4285e-03   -3.2559e-04   -1.6812e-03   -4.6866e-04
   5.0000e-01    3.0000e+00    0.0000e+00   -7.7646e-01   -2.8978e+00   -5.3535e-04   -1.3791e-03   -6.5646e-04   -1.5241e-03
   5.0000e-01    3.0000e+00    0.0000e+00   -6.2374e-01   -2.9344e+00    9.0310e-04   -1.1913e-03    8.6370e-04   -1.2655e-03
   5.0000e-01    3.0000e+00    0.0000e+00   -4.6930e-01   -2.9631e+00    1.4979e-03    2.0055e-04    1.4574e-03    1.1139e-04
   5.0000e-01    3.0000e+00    0.0000e+00   -3.1359e-01   -2.9836e+00    5.1821e-04    1.4382e-03    5.9390e-04    1.3777e-03
   5.0000e-01    3.0000e+00    0.0000e+00   -1.5701e-01   -2.9959e+00   -1.0734e-03    1.1146e-03   -9.3729e-04    1.0283e-03
   5.0000e-01    3.0000e+00    0.0000e+00    0.0000e+00   -3.0000e+00   -1.4821e-03   -5.0938e-04   -1.2204e-03   -5.5269e-04
   5.0000e-01    3.0000e+00    0.0000e+00    1.5701e-01   -2.9959e+00   -8.1925e-05   -1.5863e-03    3.0155e-04   -1.6169e-03
   5.0000e-01    3.0000e+00    0.0000e+00    3.1359e-01   -2.9836e+00    1.4736e-03   -6.5058e-04    1.9197e-03   -6.4094e-04
   5.0000e-01    3.0000e+00    0.0000e+00    4.6930e-01   -2.9631e+00    1.1151e-03    1.1960e-03    1.5998e-03    1.0110e-03
   5.0000e-01    3.0000e+00    0.0000e+00    6.2374e-01   -2.9344e+00   -8.2346e-04    1.4429e-03   -3.7331e-04    1.4013e-03
   5.0000e-01    3.0000e+00    0.0000e+00    7.7646e-01   -2.8978e+00   -1.6427e-03   -3.9189e-04   -1.1875e-03   -4.8529e-04
   5.0000e-01    3.0000e+00    0.0000e+00    9.2705e-01   -2.8532e+00   -3.3507e-05   -1.7183e-03    5.1333e-04   -1.8002e-03
   5.0000e-01    3.0000e+00    0.0000e+00    1.0751e+00   -2.8007e+00    1.6999e-03   -4.2065e-04    2.2114e-03   -4.5352e-04
   5.0000e-01    3.0000e+00    0.0000e+00    1.2202e+00   -2.7406e+00    7.7302e-04    1.6098e-03    1.2750e-03    1.5378e-03
   5.0000e-01    3.0000e+00    0.0000e+00    1.3620e+00   -2.6730e+00   -1.4785e-03    1.0662e-03   -9.7905e-04    9.3793e-04
   5.0000e-01    3.0000e+00    0.0000e+00    1.5000e+00   -2.5981e+00   -1.3169e-03   -1.3184e-03   -8.5281e-04   -1.4961e-03
   5.0000e-01    3.0000e+00    0.0000e+00    1.6339e+00   -2.5160e+00    1.1592e-03   -1.5151e-03    1.5984e-03   -1.7249e-03
   5.0000e-01    3.0000e+00    0.0000e+00    1.7634e+00   -2.4271e+00    1.6789e-03    1.0026e-03    2.1124e-03    8.3428e-04
   5.0000e-01    3.0000e+00    0.0000e+00    1.8880e+00   -2.3314e+00   -8.5223e-04    1.8180e-03   -5.0149e-04    1.6617e-03
   5.0000e-01    3.0000e+00    0.0000e+00    2.0074e+00   -2.2294e+00   -1.9317e-03   -7.3287e-04   -1.6469e-03   -1.0009e-03
   5.0000e-01    3.0000e+00    0.0000e+00    2.1213e+00   -2.1213e+00    6.4626e-04   -2.0296e-03    9.4102e-04   -2.2796e-03
   5.0000e-01    3.0000e+00    0.0000e+00    2.2294e+00   -2.0074e+00    2.1236e-03    5.7803e-04    2.2983e-03    3.8237e-04
   5.0000e-01    3.0000e+00    0.0000e+00    2.3314e+00   -1.8880e+00   -5.2629e-04    2.2184e-03   -3.1334e-04    1.9861e-03
   5.0000e-01    3.0000e+00    0.0000e+00    2.4271e+00   -1.7634e+00   -2.3119e-03   -5.2017e-04   -2.2196e-03   -6.5868e-04
   5.0000e-01    3.0000e+00    0.0000e+00    2.5160e+00   -1.6339e+00    5.5481e-04   -2.4090e-03    5.7692e-04   -2.5630e-03
   5.0000e-01    3.0000e+00    0.0000e+00    2.5981e+00   -1.5000e+00    2.5167e-03    6.1142e-04    2.5579e-03    4.1016e-04
   5.0000e-01    2.6000e+00    1.5000e+00    3.0000e+00    0.0000e+00    2.5182e-03    6.0279e-04    2.5334e-03    3.9600e-04
   5.0000e-01    2.6000e+00    1.5000e+00    1.5000e+00    2.5981e+00    2.5249e-03    5.7145e-04    2.3180e-03    8.7936e-04
   5.0000e-01    2.6000e+00    1.5000e+00    1.3620e+00    2.6730e+00    5.2353e-04   -2.4153e-03    3.5166e-04   -2.2437e-03
   5.0000e-01    2.6000e+00    1.5000e+00    1.2202e+00    2.7406e+00   -2.3185e-03   -4.8996e-04   -2.3900e-03   -3.6158e-04
   5.0000e-01    2.6000e+00    1.5000e+00    1.0751e+00    2.8007e+00   -5.0382e-04    2.2239e-03   -5.1635e-04    2.2881e-03
   5.0000e-01    2.6000e+00    1.5000e+00    9.2705e-01    2.8532e+00    2.1349e-03    5.3161e-04    2.2618e-03    5.4537e-04
   5.0000e-01    2.6000e+00    1.5000e+00    7.7646e-01    2.8978e+00    6.0739e-04   -2.0407e-03    6.3988e-04   -2.1716e-03
   5.0000e-01    2.6000e+00    1.5000e+00    6.2374e-01    2.9344e+00   -1.9382e-03   -7.1461e-04   -1.8229e-03   -8.7061e-04
   5.0000e-01    2.6000e+00    1.5000e+00    4.6930e-01    2.9631e+00   -8.2701e-04    1.8294e-03   -6.7813e-04    1.5958e-03
   5.0000e-01    2.6000e+00    1.5000e+00    3.1359e-01    2.9836e+00    1.6981e-03    9.6838e-04    1.9687e-03    6.8084e-04
   5.0000e-01    2.6000e+00    1.5000e+00    1.5701e-01    2.9959e+00    1.1314e-03   -1.5352e-03    1.4445e-03   -1.7805e-03
   5.0000e-01    2.6000e+00    1.5000e+00    0.0000e+00    3.0000e+00   -1.3483e-03   -1.2855e-03   -1.0359e-03   -1.5337e-03
   5.0000e-01    2.6000e+00    1.5000e+00   -1.5701e-01    2.9959e+00   -1.4612e-03    1.0892e-03   -1.0810e-03    8.6064e-04
   5.0000e-01    2.6000e+00    1.5000e+00   -3.1359e-01    2.9836e+00    7.8773e-04    1.6019e-03    1.2001e-03    1.3315e-03
   5.0000e-01    2.6000e+00    1.5000e+00   -4.6930e-01    2.9631e+00    1.6911e-03   -4.5204e-04    2.0653e-03   -6.8375e-04
   5.0000e-01    2.6000e+00    1.5000e+00   -6.2374e-01    2.9344e+00   -6.6153e-05   -1.7170e-03    3.0874e-04   -2.0107e-03
   5.0000e-01    2.6000e+00    1.5000e+00   -7.7646e-01    2.8978e+00   -1.6494e-03   -3.5984e-04   -1.2881e-03   -5.8845e-04
   5.0000e-01    2.6000e+00    1.5000e+00   -9.2705e-01    2.8532e+00   -7.9794e-04    1.4563e-03   -4.7382e-04    1.2807e-03
   5.0000e-01    2.6000e+00    1.5000e+00   -1.0751e+00    2.8007e+00    1.1381e-03    1.1738e-03    1.3355e-03    1.0110e-03
   5.0000e-01    2.6000e+00    1.5000e+00   -1.2202e+00    2.7406e+00    1.4607e-03   -6.7889e-04    1.6708e-03   -8.5574e-04
   5.0000e-01    2.6000e+00    1.5000e+00   -1.3620e+00    2.6730e+00   -1.2656e-04   -1.5824e-03   -1.1308e-04   -1.7332e-03
   5.0000e-01    2.6000e+00    1.5000e+00   -1.5000e+00    2.5981e+00   -1.4881e-03   -4.9040e-04   -1.4409e-03   -5.7196e-04
   5.0000e-01    2.6000e+00    1.5000e+00   -1.6339e+00    2.5160e+00   -1.0478e-03    1.1377e-03   -1.0927e-03    9.0206e-04
   5.0000e-01    2.6000e+00    1.5000e+00   -1.7634e+00    2.4271e+00    5.6453e-04    1.4198e-03    3.8393e-04    1.2253e-03
   5.0000e-01    2.6000e+00    1.5000e+00   -1.8880e+00    2.3314e+00    1.5025e-03    1.5483e-04    1.2364e-03   -9.3899e-05
   5.0000e-01    2.6000e+00    1.5000e+00   -2.0074e+00    2.2294e+00    8.8005e-04   -1.2074e-03    5.2733e-04   -1.5038e-03
   5.0000e-01    2.6000e+00    1.5000e+00   -2.1213e+00    2.1213e+00   -5.5625e-04   -1.3704e-03   -8.8982e-04   -1.6720e-03
   5.0000e-01    2.6000e+00    1.5000e+00   -2.2294e+00    2.0074e+00   -1.4371e-03   -2.8278e-04   -1.9589e-03   -6.8738e-04
   5.0000e-01    2.6000e+00    1.5000e+00   -2.3314e+00    1.8880e+00   -1.0509e-03    1.0002e-03   -1.5914e-03    6.1149e-04
   5.0000e-01    2.6000e+00    1.5000e+00   -2.4271e+00    1.7634e+00    1.3889e-04    1.4315e-03   -4.5533e-04    9.7017e-04
   5.0000e-01    2.6000e+00    1.5000e+00   -2.5160e+00    1.6339e+00    1.1783e-03    8.0437e-04    4.6841e-04    2.4182e-04
   5.0000e-01    2.6000e+00    1.5000e+00   -2.5981e+00    1.5000e+00    1.3726e-03   -3.4526e-04    6.0376e-04   -9.4197e-04
   5.0000e-01    2.6000e+00    1.5000e+00   -2.6730e+00    1.3620e+00    6.9868e-04   -1.2190e-03   -4.8914e-05   -1.8590e-03
   5.0000e-01    2.6000e+00    1.5000e+00   -2.7406e+00    1.2202e+00   -3.3739e-04   -1.3542e-03   -1.1159e-03   -1.9756e-03
   5.0000e-01    2.6000e+00    1.5000e+00   -2.8007e+00    1.0751e+00   -1.1440e-03   -7.8363e-04   -1.9523e-03   -1.4086e-03
   5.0000e-01    2.6000e+00    1.5000e+00   -2.8532e+00    9.2705e-01   -1.3726e-03    1.2285e-04   -2.1301e-03   -5.1988e-04
   5.0000e-01    2.6000e+00    1.5000e+00   -2.8978e+00    7.7646e-01   -1.0105e-03    9.2567e-04   -1.7539e-03    3.0519e-04
   5.0000e-01    2.6000e+00    1.5000e+00   -2.9344e+00    6.2374e-01   -3.0380e-04    1.3292e-03   -1.0225e-03    7.1363e-04
   5.0000e-01    2.6000e+00    1.5000e+00   -2.9631e+00    4.6930e-01    4.6082e-04    1.2760e-03   -1.4110e-04    7.9503e-04
   5.0000e-01    2.6000e+00    1.5000e+00   -2.9836e+00    3.1359e-01    1.0333e-03    8.7002e-04    5.0824e-04    4.5971e-04
   5.0000e-01    2.6000e+00    1.5000e+00   -2.9959e+00    1.5701e-01    1.3156e-03    2.8222e-04    8.9840e-04   -6.8247e-05
   5.0000e-01    2.6000e+00    1.5000e+00   -3.0000e+00    0.0000e+00    1.3004e-03   -3.2533e-04    1.0143e-03   -5.0261e-04
   5.0000e-01    2.6000e+00    1.5000e+00   -2.9959e+00   -1.5701e-01    1.0729e-03   -7.9643e-04    8.9474e-04   -8.7473e-04
   5.0000e-01    2.6000e+00    1.5000e+00   -2.9836e+00   -3.1359e-01    7.2163e-04   -1.1196e-03    6.9053e-04   -1.0178e-03
   5.0000e-01    2.6000e+00    1.5000e+00   -2.9631e+00   -4.6930e-01    3.2275e-04   -1.2887e-03    3.9755e-04   -1.0255e-03
   5.0000e-01    2.6000e+00    1.5000e+00   -2.9344e+00   -6.2374e-01   -4.4490e-05   -1.3249e-03    2.3668e-04   -9.0368e-04
   5.0000e-01    2.6000e+00    1.5000e+00   -2.8978e+00   -7.7646e-01   -3.5589e-04   -1.2742e-03    2.6944e-05   -6.9377e-04
   5.0000e-01    2.6000e+00    1.5000e+00   -2.8532e+00   -9.2705e-01   -5.8517e-04   -1.1844e-03   -1.0820e-04   -4.8964e-04
   5.0000e-01    2.6000e+00    1.5000e+00   -2.8007e+00   -1.0751e+00   -7.5739e-04   -1.0808e-03   -1.0390e-04   -2.6648e-04
   5.0000e-01    2.6000e+00    1.5000e+00   -2.7406e+00   -1.2202e+00   -8.6842e-04   -9.9226e-04   -1.8800e-04   -2.3228e-05
   5.0000e-01    2.6000e+00    1.5000e+00   -2.6730e+00   -1.3620e+00   -9.3393e-04   -9.2945e-04   -1.4012e-04    1.1106e-04
   5.0000e-01    2.6000e+00    1.5000e+00   -2.5981e+00   -1.5000e+00   -9.5032e-04   -9.1263e-04   -1.7288e-04    2.2974e-04
   5.0000e-01    2.6000e+00    1.5000e+00   -2.5160e+00   -1.6339e+00   -9.2580e-04   -9.3803e-04   -5.9091e-05    3.0124e-04
   5.0000e-01    2.6000e+00    1.5000e+00   -2.4271e+00   -1.7634e+00   -8.6831e-04   -9.9206e-04   -9.4389e-05    2.9361e-04
   5.0000e-01    2.6000e+00    1.5000e+00   -2.3314e+00   -1.8880e+00   -7.6520e-04   -1.0749e-03    3.2117e-05    1.2984e-04
   5.0000e-01    2.6000e+00    1.5000e+00   -2.2294e+00   -2.0074e+00   -5.8581e-04   -1.1844e-03    6.5447e-05    9.6395e-05
   5.0000e-01    2.6000e+00    1.5000e+00   -2.1213e+00   -2.1213e+00   -3.3918e-04   -1.2793e-03    2.4240e-04   -1.0339e-04
   5.0000e-01    2.6000e+00    1.5000e+00   -2.0074e+00   -2.2294e+00   -3.7765e-05   -1.3252e-03    4.5382e-04   -1.6250e-04
   5.0000e-01    2.6000e+00    1.5000e+00   -1.8880e+00   -2.3314e+00    3.1783e-04   -1.2901e-03    7.5293e-04   -1.5538e-04
   5.0000e-01    2.6000e+00    1.5000e+00   -1.7634e+00   -2.4271e+00    7.1905e-04   -1.1216e-03    9.5883e-04   -2.2871e-04
   5.0000e-01    2.6000e+00    1.5000e+00   -1.6339e+00   -2.5160e+00    1.0785e-03   -7.8904e-04    1.2160e-03    6.8648e-05
   5.0000e-01    2.6000e+00    1.5000e+00   -1.5000e+00   -2.5981e+00    1.3052e-03   -3.0681e-04    1.3463e-03    3.1160e-04
   5.0000e-01    2.6000e+00    1.5000e+00   -1.3620e+00   -2.6730e+00    1.3155e-03    2.8246e-04    1.3181e-03    7.7998e-04
   5.0000e-01    2.6000e+00    1.5000e+00   -1.2202e+00   -2.7406e+00    1.0287e-03    8.7632e-04    9.4465e-04    1.2547e-03
   5.0000e-01    2.6000e+00    1.5000e+00   -1.0751e+00   -2.8007e+00    4.4779e-04    1.2814e-03    2.1372e-04    1.5317e-03
   5.0000e-01    2.6000e+00    1.5000e+00   -9.2705e-01   -2.8532e+00   -3.2064e-04    1.3256e-03   -5.6394e-04    1.4493e-03
   5.0000e-01    2.6000e+00    1.5000e+00   -7.7646e-01   -2.8978e+00   -1.0206e-03    9.1513e-04   -1.3581e-03    8.3247e-04
   5.0000e-01    2.6000e+00    1.5000e+00   -6.2374e-01   -2.9344e+00   -1.3743e-03    1.0938e-04   -1.6673e-03   -4.4615e-05
   5.0000e-01    2.6000e+00    1.5000e+00   -4.6930e-01   -2.9631e+00   -1.1355e-03   -7.9642e-04   -1.4832e-03   -1.1338e-03
   5.0000e-01    2.6000e+00    1.5000e+00   -3.1359e-01   -2.9836e+00   -3.1029e-04   -1.3610e-03   -6.9484e-04   -1.8107e-03
   5.0000e-01    2.6000e+00    1.5000e+00   -1.5701e-01   -2.9959e+00    7.2073e-04   -1.2068e-03    3.6587e-04   -1.6746e-03
   5.0000e-01    2.6000e+00    1.5000e+00    0.0000e+00   -3.0000e+00    1.3751e-03   -3.3753e-04    1.0513e-03   -8.0957e-04
   5.0000e-01    2.6000e+00    1.5000e+00    1.5701e-01   -2.9959e+00    1.1688e-03    8.1876e-04    8.5206e-04    2.6666e-04
   5.0000e-01    2.6000e+00    1.5000e+00    3.1359e-01   -2.9836e+00    1.1750e-04    1.4338e-03   -6.1622e-05    9.3946e-04
   5.0000e-01    2.6000e+00    1.5000e+00    4.6930e-01   -2.9631e+00   -1.0709e-03    9.7946e-04   -1.1383e-03    4.4109e-04
   5.0000e-01    2.6000e+00    1.5000e+00    6.2374e-01   -2.9344e+00   -1.4321e-03   -3.0858e-04   -1.4412e-03   -7.9463e-04
   5.0000e-01    2.6000e+00    1.5000e+00    7.7646e-01   -2.8978e+00   -5.4772e-04   -1.3739e-03   -4.9010e-04   -1.8050e-03
   5.0000e-01    2.6000e+00    1.5000e+00    9.2705e-01   -2.8532e+00    8.9316e-04   -1.1982e-03    1.0057e-03   -1.4509e-03
   5.0000e-01    2.6000e+00    1.5000e+00    1.0751e+00   -2.8007e+00    1.4993e-03    1.8826e-04    1.7344e-03    6.3806e-06
   5.0000e-01    2.6000e+00    1.5000e+00    1.2202e+00   -2.7406e+00    5.4229e-04    1.4291e-03    6.9737e-04    1.2767e-03
   5.0000e-01    2.6000e+00    1.5000e+00    1.3620e+00   -2.6730e+00   -1.0600e-03    1.1265e-03   -8.7690e-04    1.0631e-03
   5.0000e-01    2.6000e+00    1.5000e+00    1.5000e+00   -2.5981e+00   -1.4816e-03   -5.0914e-04   -1.3191e-03   -4.8174e-04
   5.0000e-01    2.6000e+00    1.5000e+00    1.6339e+00   -2.5160e+00   -9.1230e-05   -1.5855e-03    1.7701e-04   -1.3616e-03
   5.0000e-01    2.6000e+00    1.5000e+00    1.7634e+00   -2.4271e+00    1.4697e-03   -6.5840e-04    1.6962e-03   -4.3653e-04
   5.0000e-01    2.6000e+00    1.5000e+00    1.8880e+00   -2.3314e+00    1.1270e-03    1.1839e-03    1.3373e-03    1.4012e-03
   5.0000e-01    2.6000e+00    1.5000e+00    2.0074e+00   -2.2294e+00   -8.0761e-04    1.4513e-03   -6.9433e-04    1.8128e-03
   5.0000e-01    2.6000e+00    1.5000e+00    2.1213e+00   -2.1213e+00   -1.6422e-03   -3.9365e-04   -1.5508e-03   -4.0389e-05
   5.0000e-01    2.6000e+00    1.5000e+00    2.2294e+00   -2.0074e+00   -3.1695e-05   -1.7180e-03    5.6692e-05   -1.4047e-03
   5.0000e-01    2.6000e+00    1.5000e+00    2.3314e+00   -1.8880e+00    1.6948e-03   -4.3737e-04    1.7510e-03   -7.9478e-05
   5.0000e-01    2.6000e+00    1.5000e+00    2.4271e+00   -1.7634e+00    7.7948e-04    1.6058e-03    7.6389e-04    1.9818e-03
   5.0000e-01    2.6000e+00    1.5000e+00    2.5160e+00   -1.6339e+00   -1.4775e-03    1.0672e-03   -1.5299e-03    1.4527e-03
   5.0000e-01    2.6000e+00    1.5000e+00    2.5981e+00   -1.5000e+00   -1.3162e-03   -1.3193e-03   -1.4683e-03   -9.8083e-04
   5.0000e-01    2.6000e+00    1.5000e+00    2.6730e+00   -1.3620e+00    1.1473e-03   -1.5231e-03    1.0279e-03   -1.2136e-03
   5.0000e-01    2.6000e+00    1.5000e+00    2.7406e+00   -1.2202e+00    1.6790e-03    1.0031e-03    1.5020e-03    1.2424e-03
   5.0000e-01    2.6000e+00    1.5000e+00    2.8007e+00   -1.0751e+00   -8.5948e-04    1.8151e-03   -9.9480e-04    1.9271e-03
   5.0000e-01    2.6000e+00    1.5000e+00    2.8532e+00   -9.2705e-01   -1.9241e-03   -7.5239e-04   -2.0451e-03   -7.0453e-04
   5.0000e-01    2.6000e+00    1.5000e+00    2.8978e+00   -7.7646e-01    6.4339e-04   -2.0301e-03    5.3303e-04   -2.0345e-03
   5.0000e-01    2.6000e+00    1.5000e+00    2.9344e+00   -6.2374e-01    2.1253e-03    5.7127e-04    2.0067e-03    5.1474e-04
   5.0000e-01    2.6000e+00    1.5000e+00    2.9631e+00   -4.6930e-01   -5.4452e-04    2.2146e-03   -5.9816e-04    2.1031e-03
   5.0000e-01    2.6000e+00    1.5000e+00    2.9836e+00   -3.1359e-01   -2.3052e-03   -5.5173e-04   -2.3390e-03   -6.7411e-04
   5.0000e-01    2.6000e+00    1.5000e+00    2.9959e+00   -1.5701e-01    5.6829e-04   -2.4061e-03    5.1794e-04   -2.5381e-03
   5.0000e-01    1.5000e+00    2.6000e+00    3.0000e+00    0.0000e+00   -1.3483e-03   -1.2855e-03   -8.1714e-04   -1.4217e-03
   5.0000e-01    1.5000e+00    2.6000e+00    2.9959e+00    1.5701e-01    1.1314e-03   -1.5352e-03    1.5591e-03   -1.6978e-03
   5.0000e-01    1.5000e+00    2.6000e+00    2.9836e+00    3.1359e-01    1.6981e-03    9.6838e-04    2.0876e-03    8.1164e-04
   5.0000e-01    1.5000e+00    2.6000e+00    2.9631e+00    4.6930e-01   -8.2701e-04    1.8294e-03   -5.5983e-04    1.8294e-03
   5.0000e-01    1.5000e+00    2.6000e+00    2.9344e+00    6.2374e-01   -1.9382e-03   -7.1461e-04   -1.7828e-03   -7.0532e-04
   5.0000e-01    1.5000e+00    2.6000e+00    2.8978e+00    7.7646e-01    6.0739e-04   -2.0407e-03    6.8338e-04   -1.9742e-03
   5.0000e-01    1.5000e+00    2.6000e+00    2.8532e+00    9.2705e-01    2.1349e-03    5.3161e-04    2.1102e-03    6.1395e-04
   5.0000e-01    1.5000e+00    2.6000e+00    2.8007e+00    1.0751e+00   -5.0382e-04    2.2239e-03   -5.6630e-04    2.3837e-03
   5.0000e-01    1.5000e+00    2.6000e+00    2.7406e+00    1.2202e+00   -2.3185e-03   -4.8996e-04   -2.4802e-03   -2.1992e-04
   5.0000e-01    1.5000e+00    2.6000e+00    2.6730e+00    1.3620e+00    5.2353e-04   -2.4153e-03    3.9165e-04   -2.1678e-03
   5.0000e-01    1.5000e+00    2.6000e+00    2.5981e+00    1.5000e+00    2.5249e-03    5.7145e-04    2.4005e-03    8.8412e-04
   5.0000e-01    1.5000e+00    2.6000e+00    0.0000e+00    3.0000e+00    2.5182e-03    6.0279e-04    2.3345e-03    6.8776e-04
   5.0000e-01    1.5000e+00    2.6000e+00   -1.5701e-01    2.9959e+00    5.6829e-04   -2.4061e-03    3.8767e-04   -2.3192e-03
   5.0000e-01    1.5000e+00    2.6000e+00   -3.1359e-01    2.9836e+00   -2.3052e-03   -5.5173e-04   -2.6356e-03   -4.5346e-04
   5.0000e-01    1.5000e+00    2.6000e+00   -4.6930e-01    2.9631e+00   -5.4452e-04    2.2146e-03   -8.6298e-04    2.3296e-03
   5.0000e-01    1.5000e+00    2.6000e+00   -6.2374e-01    2.9344e+00    2.1253e-03    5.7127e-04    1.7250e-03    6.7895e-04
   5.0000e-01    1.5000e+00    2.6000e+00   -7.7646e-01    2.8978e+00    6.4339e-04   -2.0301e-03    1.7042e-04   -1.8476e-03
   5.0000e-01    1.5000e+00    2.6000e+00   -9.2705e-01    2.8532e+00   -1.9241e-03   -7.5239e-04   -2.3890e-03   -5.9170e-04
   5.0000e-01    1.5000e+00    2.6000e+00   -1.0751e+00    2.8007e+00   -8.5948e-04    1.8151e-03   -1.2855e-03    2.0641e-03
   5.0000e-01    1.5000e+00    2.6000e+00   -1.2202e+00    2.7406e+00    1.6790e-03    1.0031e-03    1.1933e-03    1.2152e-03
   5.0000e-01    1.5000e+00    2.6000e+00   -1.3620e+00    2.6730e+00    1.1473e-03   -1.5231e-03    6.9969e-04   -1.2639e-03
   5.0000e-01    1.5000e+00    2.6000e+00   -1.5000e+00    2.5981e+00   -1.3162e-03   -1.3193e-03   -1.7649e-03   -1.1061e-03
   5.0000e-01    1.5000e+00    2.6000e+00   -1.6339e+00    2.5160e+00   -1.4775e-03    1.0672e-03   -1.8358e-03    1.2838e-03
   5.0000e-01    1.5000e+00    2.6000e+00   -1.7634e+00    2.4271e+00    7.7948e-04    1.6058e-03    4.1211e-04    1.8358e-03
   5.0000e-01    1.5000e+00    2.6000e+00   -1.8880e+00    2.3314e+00    1.6948e-03   -4.3737e-04    1.3851e-03   -2.3568e-04
   5.0000e-01    1.5000e+00    2.6000e+00   -2.0074e+00    2.2294e+00   -3.1695e-05   -1.7180e-03   -2.0355e-04   -1.5443e-03
   5.0000e-01    1.5000e+00    2.6000e+00   -2.1213e+00    2.1213e+00   -1.6422e-03   -3.9365e-04   -1.8134e-03   -2.7052e-04
   5.0000e-01    1.5000e+00    2.6000e+00   -2.2294e+00    2.0074e+00   -8.0761e-04    1.4513e-03   -9.7848e-04    1.5539e-03
   5.0000e-01    1.5000e+00    2.6000e+00   -2.3314e+00    1.8880e+00    1.1270e-03    1.1839e-03    1.0991e-03    1.2755e-03
   5.0000e-01    1.5000e+00    2.6000e+00   -2.4271e+00    1.7634e+00    1.4697e-03   -6.5840e-04    1.5474e-03   -6.8556e-04
   5.0000e-01    1.5000e+00    2.6000e+00   -2.5160e+00    1.6339e+00   -9.1230e-05   -1.5855e-03   -9.1935e-05   -1.7059e-03
   5.0000e-01    1.5000e+00    2.6000e+00   -2.5981e+00    1.5000e+00   -1.4816e-03   -5.0914e-04   -1.4113e-03   -6.1319e-04
   5.0000e-01    1.5000e+00    2.6000e+00   -2.6730e+00    1.3620e+00   -1.0600e-03    1.1265e-03   -1.0314e-03    9.4455e-04
   5.0000e-01    1.5000e+00    2.6000e+00   -2.7406e+00    1.2202e+00    5.4229e-04    1.4291e-03    5.0743e-04    1.0667e-03
   5.0000e-01    1.5000e+00    2.6000e+00   -2.8007e+00    1.0751e+00    1.4993e-03    1.8826e-04    1.4811e-03   -1.0595e-04
   5.0000e-01    1.5000e+00    2.6000e+00   -2.8532e+00    9.2705e-01    8.9316e-04   -1.1982e-03    7.8863e-04   -1.5967e-03
   5.0000e-01    1.5000e+00    2.6000e+00   -2.8978e+00    7.7646e-01   -5.4772e-04   -1.3739e-03   -6.8870e-04   -1.7651e-03
   5.0000e-01    1.5000e+00    2.6000e+00   -2.9344e+00    6.2374e-01   -1.4321e-03   -3.0858e-04   -1.6601e-03   -7.7903e-04
   5.0000e-01    1.5000e+00    2.6000e+00   -2.9631e+00    4.6930e-01   -1.0709e-03    9.7946e-04   -1.4141e-03    5.3711e-04
   5.0000e-01    1.5000e+00    2.6000e+00   -2.9836e+00    3.1359e-01    1.1750e-04    1.4338e-03   -2.4543e-04    9.5736e-04
   5.0000e-01    1.5000e+00    2.6000e+00   -2.9959e+00    1.5701e-01    1.1688e-03    8.1876e-04    8.2192e-04    3.8647e-04
   5.0000e-01    1.5000e+00    2.6000e+00   -3.0000e+00    0.0000e+00    1.3751e-03   -3.3753e-04    9.1379e-04   -7.0127e-04
   5.0000e-01    1.5000e+00    2.6000e+00   -2.9959e+00   -1.5701e-01    7.2073e-04   -1.2068e-03    2.9482e-04   -1.5605e-03
   5.0000e-01    1.5000e+00    2.6000e+00   -2.9836e+00   -3.1359e-01   -3.1029e-04   -1.3610e-03   -8.0843e-04   -1.6641e-03
   5.0000e-01    1.5000e+00    2.6000e+00   -2.9631e+00   -4.6930e-01   -1.1355e-03   -7.9642e-04   -1.5774e-03   -9.4505e-04
   5.0000e-01    1.5000e+00    2.6000e+00   -2.9344e+00   -6.2374e-01   -1.3743e-03    1.0938e-04   -1.8198e-03    5.5888e-05
   5.0000e-01    1.5000e+00    2.6000e+00   -2.8978e+00   -7.7646e-01   -1.0206e-03    9.1513e-04   -1.3521e-03    9.5988e-04
   5.0000e-01    1.5000e+00    2.6000e+00   -2.8532e+00   -9.2705e-01   -3.2064e-04    1.3256e-03   -6.7590e-04    1.4709e-03
   5.0000e-01    1.5000e+00    2.6000e+00   -2.8007e+00   -1.0751e+00    4.4779e-04    1.2814e-03    2.4020e-04    1.5998e-03
   5.0000e-01    1.5000e+00    2.6000e+00   -2.7406e+00   -1.2202e+00    1.0287e-03    8.7632e-04    8.9884e-04    1.2770e-03
   5.0000e-01    1.5000e+00    2.6000e+00   -2.6730e+00   -1.3620e+00    1.3155e-03    2.8246e-04    1.2996e-03    8.5961e-04
   5.0000e-01    1.5000e+00    2.6000e+00   -2.5981e+00   -1.5000e+00    1.3052e-03   -3.0681e-04    1.3847e-03    3.6454e-04
   5.0000e-01    1.5000e+00    2.6000e+00   -2.5160e+00   -1.6339e+00    1.0785e-03   -7.8904e-04    1.2841e-03    1.7036e-05
   5.0000e-01    1.5000e+00    2.6000e+00   -2.4271e+00   -1.7634e+00    7.1905e-04   -1.1216e-03    1.0052e-03   -2.4352e-04
   5.0000e-01    1.5000e+00    2.6000e+00   -2.3314e+00   -1.8880e+00    3.1783e-04   -1.2901e-03    6.6969e-04   -2.9679e-04
   5.0000e-01    1.5000e+00    2.6000e+00   -2.2294e+00   -2.0074e+00   -3.7765e-05   -1.3252e-03    4.6174e-04   -2.2745e-04
   5.0000e-01    1.5000e+00    2.6000e+00   -2.1213e+00   -2.1213e+00   -3.3918e-04   -1.2793e-03    1.6981e-04   -1.8797e-04
   5.0000e-01    1.5000e+00    2.6000e+00   -2.0074e+00   -2.2294e+00   -5.8581e-04   -1.1844e-03    8.3648e-05   -1.1075e-04
   5.0000e-01    1.5000e+00    2.6000e+00   -1.8880e+00   -2.3314e+00   -7.6520e-04   -1.0749e-03   -4.7663e-05    2.5411e-05
   5.0000e-01    1.5000e+00    2.6000e+00   -1.7634e+00   -2.4271e+00   -8.6831e-04   -9.9206e-04   -1.3519e-04    6.5289e-05
   5.0000e-01    1.5000e+00    2.6000e+00   -1.6339e+00   -2.5160e+00   -9.2580e-04   -9.3803e-04   -3.3943e-04    8.3625e-05
   5.0000e-01    1.5000e+00    2.6000e+00   -1.5000e+00   -2.5981e+00   -9.5032e-04   -9.1263e-04   -2.5535e-04    1.8250e-06
   5.0000e-01    1.5000e+00    2.6000e+00   -1.3620e+00   -2.6730e+00   -9.3393e-04   -9.2945e-04   -3.3298e-04   -5.9734e-05
   5.0000e-01    1.5000e+00    2.6000e+00   -1.2202e+00   -2.7406e+00   -8.6842e-04   -9.9226e-04   -2.6706e-04   -1.8560e-04
   5.0000e-01    1.5000e+00    2.6000e+00   -1.0751e+00   -2.8007e+00   -7.5739e-04   -1.0808e-03   -2.8134e-04   -4.0667e-04
   5.0000e-01    1.5000e+00    2.6000e+00   -9.2705e-01   -2.8532e+00   -5.8517e-04   -1.1844e-03   -1.7245e-04   -7.0015e-04
   5.0000e-01    1.5000e+00    2.6000e+00   -7.7646e-01   -2.8978e+00   -3.5589e-04   -1.2742e-03   -2.7286e-05   -8.6786e-04
   5.0000e-01    1.5000e+00    2.6000e+00   -6.2374e-01   -2.9344e+00   -4.4490e-05   -1.3249e-03    1.3007e-04   -1.0186e-03
   5.0000e-01    1.5000e+00    2.6000e+00   -4.6930e-01   -2.9631e+00    3.2275e-04   -1.2887e-03    3.9901e-04   -1.2134e-03
   5.0000e-01    1.5000e+00    2.6000e+00   -3.1359e-01   -2.9836e+00    7.2163e-04   -1.1196e-03    6.3289e-04   -1.0714e-03
   5.0000e-01    1.5000e+00    2.6000e+00   -1.5701e-01   -2.9959e+00    1.0729e-03   -7.9643e-04    8.8861e-04   -8.8918e-04
   5.0000e-01    1.5000e+00    2.6000e+00    0.0000e+00   -3.0000e+00    1.3004e-03   -3.2533e-04    1.0268e-03   -5.1205e-04
   5.0000e-01    1.5000e+00    2.6000e+00    1.5701e-01   -2.9959e+00    1.3156e-03    2.8222e-04    9.7089e-04    5.5448e-06
   5.0000e-01    1.5000e+00    2.6000e+00    3.1359e-01   -2.9836e+00    1.0333e-03    8.7002e-04    5.1368e-04    4.6745e-04
   5.0000e-01    1.5000e+00    2.6000e+00    4.6930e-01   -2.9631e+00    4.6082e-04    1.2760e-03   -1.0658e-04    9.1744e-04
   5.0000e-01    1.5000e+00    2.6000e+00    6.2374e-01   -2.9344e+00   -3.0380e-04    1.3292e-03   -8.8935e-04    9.3501e-04
   5.0000e-01    1.5000e+00    2.6000e+00    7.7646e-01   -2.8978e+00   -1.0105e-03    9.2567e-04   -1.6599e-03    5.4878e-04
   5.0000e-01    1.5000e+00    2.6000e+00    9.2705e-01   -2.8532e+00   -1.3726e-03    1.2285e-04   -2.0314e-03   -2.6994e-04
   5.0000e-01    1.5000e+00    2.6000e+00    1.0751e+00   -2.8007e+00   -1.1440e-03   -7.8363e-04   -1.9062e-03   -1.0837e-03
   5.0000e-01    1.5000e+00    2.6000e+00    1.2202e+00   -2.7406e+00   -3.3739e-04   -1.3542e-03   -1.0426e-03   -1.6082e-03
   5.0000e-01    1.5000e+00    2.6000e+00    1.3620e+00   -2.6730e+00    6.9868e-04   -1.2190e-03   -9.0292e-05   -1.4124e-03
   5.0000e-01    1.5000e+00    2.6000e+00    1.5000e+00   -2.5981e+00    1.3726e-03   -3.4526e-04    6.6594e-04   -5.9248e-04
   5.0000e-01    1.5000e+00    2.6000e+00    1.6339e+00   -2.5160e+00    1.1783e-03    8.0437e-04    4.9886e-04    6.5746e-04
   5.0000e-01    1.5000e+00    2.6000e+00    1.7634e+00   -2.4271e+00    1.3889e-04    1.4315e-03   -4.8684e-04    1.4046e-03
   5.0000e-01    1.5000e+00    2.6000e+00    1.8880e+00   -2.3314e+00   -1.0509e-03    1.0002e-03   -1.5479e-03    1.0196e-03
   5.0000e-01    1.5000e+00    2.6000e+00    2.0074e+00   -2.2294e+00   -1.4371e-03   -2.8278e-04   -1.8982e-03   -3.3344e-04
   5.0000e-01    1.5000e+00    2.6000e+00    2.1213e+00   -2.1213e+00   -5.5625e-04   -1.3704e-03   -8.6581e-04   -1.3246e-03
   5.0000e-01    1.5000e+00    2.6000e+00    2.2294e+00   -2.0074e+00    8.8005e-04   -1.2074e-03    6.9507e-04   -1.1129e-03
   5.0000e-01    1.5000e+00    2.6000e+00    2.3314e+00   -1.8880e+00    1.5025e-03    1.5483e-04    1.4040e-03    2.6720e-04
   5.0000e-01    1.5000e+00    2.6000e+00    2.4271e+00   -1.7634e+00    5.6453e-04    1.4198e-03    5.7679e-04    1.5089e-03
   5.0000e-01    1.5000e+00    2.6000e+00    2.5160e+00   -1.6339e+00   -1.0478e-03    1.1377e-03   -8.5037e-04    1.2585e-03
   5.0000e-01    1.5000e+00    2.6000e+00    2.5981e+00   -1.5000e+00   -1.4881e-03   -4.9040e-04   -1.2996e-03   -4.9981e-04
   5.0000e-01    1.5000e+00    2.6000e+00    2.6730e+00   -1.3620e+00   -1.2656e-04   -1.5824e-03    2.5185e-04   -1.5759e-03
   5.0000e-01    1.5000e+00    2.6000e+00    2.7406e+00   -1.2202e+00    1.4607e-03   -6.7889e-04    1.8682e-03   -7.0509e-04
   5.0000e-01    1.5000e+00    2.6000e+00    2.8007e+00   -1.0751e+00    1.1381e-03    1.1738e-03    1.6340e-03    1.1161e-03
   5.0000e-01    1.5000e+00    2.6000e+00    2.8532e+00   -9.2705e-01   -7.9794e-04    1.4563e-03   -3.0590e-04    1.3123e-03
   5.0000e-01    1.5000e+00    2.6000e+00    2.8978e+00   -7.7646e-01   -1.6494e-03   -3.5984e-04   -1.1687e-03   -5.1070e-04
   5.0000e-01    1.5000e+00    2.6000e+00    2.9344e+00   -6.2374e-01   -6.6153e-05   -1.7170e-03    5.6990e-04   -1.8876e-03
   5.0000e-01    1.5000e+00    2.6000e+00    2.9631e+00   -4.6930e-01    1.6911e-03   -4.5204e-04    2.2764e-03   -5.6307e-04
   5.0000e-01    1.5000e+00    2.6000e+00    2.9836e+00   -3.1359e-01    7.8773e-04    1.6019e-03    1.4041e-03    1.4198e-03
   5.0000e-01    1.5000e+00    2.6000e+00    2.9959e+00   -1.5701e-01   -1.4612e-03    1.0892e-03   -9.0580e-04    9.1279e-04
   5.0000e-01    0.0000e+00    3.0000e+00    3.0000e+00    0.0000e+00   -1.4821e-03   -5.0938e-04   -1.2967e-03   -5.1571e-04
   5.0000e-01    0.0000e+00    3.0000e+00    2.9959e+00    1.5701e-01   -8.1925e-05   -1.5863e-03    2.4515e-04   -1.6729e-03
   5.0000e-01    0.0000e+00    3.0000e+00    2.9836e+00    3.1359e-01    1.4736e-03   -6.5058e-04    1.8594e-03   -7.1188e-04
   5.0000e-01    0.0000e+00    3.0000e+00    2.9631e+00    4.6930e-01    1.1151e-03    1.1960e-03    1.5437e-03    1.0535e-03
   5.0000e-01    0.0000e+00    3.0000e+00    2.9344e+00    6.2374e-01   -8.2346e-04    1.4429e-03   -3.7519e-04    1.3161e-03
   5.0000e-01    0.0000e+00    3.0000e+00    2.8978e+00    7.7646e-01   -1.6427e-03   -3.9189e-04   -1.1407e-03   -5.7400e-04
   5.0000e-01    0.0000e+00    3.0000e+00    2.8532e+00    9.2705e-01   -3.3507e-05   -1.7183e-03    4.0365e-04   -1.9045e-03
   5.0000e-01    0.0000e+00    3.0000e+00    2.8007e+00    1.0751e+00    1.6999e-03   -4.2065e-04    2.2154e-03   -6.7350e-04
   5.0000e-01    0.0000e+00    3.0000e+00    2.7406e+00    1.2202e+00    7.7302e-04    1.6098e-03    1.2359e-03    1.3999e-03
   5.0000e-01    0.0000e+00    3.0000e+00    2.6730e+00    1.3620e+00   -1.4785e-03    1.0662e-03   -1.0336e-03    8.5479e-04
   5.0000e-01    0.0000e+00    3.0000e+00    2.5981e+00    1.5000e+00   -1.3169e-03   -1.3184e-03   -9.4958e-04   -1.5281e-03
   5.0000e-01    0.0000e+00    3.0000e+00    2.5160e+00    1.6339e+00    1.1592e-03   -1.5151e-03    1.5107e-03   -1.8012e-03
   5.0000e-01    0.0000e+00    3.0000e+00    2.4271e+00    1.7634e+00    1.6789e-03    1.0026e-03    1.9247e-03    7.7276e-04
   5.0000e-01    0.0000e+00    3.0000e+00    2.3314e+00    1.8880e+00   -8.5223e-04    1.8180e-03   -7.1402e-04    1.5905e-03
   5.0000e-01    0.0000e+00    3.0000e+00    2.2294e+00    2.0074e+00   -1.9317e-03   -7.3287e-04   -1.9107e-03   -8.8717e-04
   5.0000e-01    0.0000e+00    3.0000e+00    2.1213e+00    2.1213e+00    6.4626e-04   -2.0296e-03    7.1109e-04   -2.1292e-03
   5.0000e-01    0.0000e+00    3.0000e+00    2.0074e+00    2.2294e+00    2.1236e-03    5.7803e-04    2.1449e-03    4.5241e-04
   5.0000e-01    0.0000e+00    3.0000e+00    1.8880e+00    2.3314e+00   -5.2629e-04    2.2184e-03   -6.1782e-04    2.2192e-03
   5.0000e-01    0.0000e+00    3.0000e+00    1.7634e+00    2.4271e+00   -2.3119e-03   -5.2017e-04   -2.4017e-03   -5.6333e-04
   5.0000e-01    0.0000e+00    3.0000e+00    1.6339e+00    2.5160e+00    5.5481e-04   -2.4090e-03    2.9632e-04   -2.3903e-03
   5.0000e-01    0.0000e+00    3.0000e+00    1.5000e+00    2.5981e+00    2.5167e-03    6.1142e-04    2.2810e-03    6.8327e-04
   5.0000e-01    0.0000e+00    3.0000e+00   -1.5000e+00    2.5981e+00    2.5167e-03    6.1142e-04    2.3591e-03    6.2545e-04
   5.0000e-01    0.0000e+00    3.0000e+00   -1.6339e+00    2.5160e+00    5.5481e-04   -2.4090e-03    3.9723e-04   -2.4281e-03
   5.0000e-01    0.0000e+00    3.0000e+00   -1.7634e+00    2.4271e+00   -2.3119e-03   -5.2017e-04   -2.3479e-03   -5.3311e-04
   5.0000e-01    0.0000e+00    3.0000e+00   -1.8880e+00    2.3314e+00   -5.2629e-04    2.2184e-03   -5.9349e-04    2.1201e-03
   5.0000e-01    0.0000e+00    3.0000e+00   -2.0074e+00    2.2294e+00    2.1236e-03    5.7803e-04    2.0116e-03    4.3886e-04
   5.0000e-01    0.0000e+00    3.0000e+00   -2.1213e+00    2.1213e+00    6.4626e-04   -2.0296e-03    6.4194e-04   -2.1284e-03
   5.0000e-01    0.0000e+00    3.0000e+00   -2.2294e+00    2.0074e+00   -1.9317e-03   -7.3287e-04   -1.8777e-03   -8.8270e-04
   5.0000e-01    0.0000e+00    3.0000e+00   -2.3314e+00    1.8880e+00   -8.5223e-04    1.8180e-03   -6.7167e-04    1.5988e-03
   5.0000e-01    0.0000e+00    3.0000e+00   -2.4271e+00    1.7634e+00    1.6789e-03    1.0026e-03    1.8176e-03    7.4270e-04
   5.0000e-01    0.0000e+00    3.0000e+00   -2.5160e+00    1.6339e+00    1.1592e-03   -1.5151e-03    1.4961e-03   -1.7489e-03
   5.0000e-01    0.0000e+00    3.0000e+00   -2.5981e+00    1.5000e+00   -1.3169e-03   -1.3184e-03   -9.5470e-04   -1.6370e-03
   5.0000e-01    0.0000e+00    3.0000e+00   -2.6730e+00    1.3620e+00   -1.4785e-03    1.0662e-03   -1.0693e-03    8.1302e-04
   5.0000e-01    0.0000e+00    3.0000e+00   -2.7406e+00    1.2202e+00    7.7302e-04    1.6098e-03    1.1979e-03    1.3764e-03
   5.0000e-01    0.0000e+00    3.0000e+00   -2.8007e+00    1.0751e+00    1.6999e-03   -4.2065e-04    2.1408e-03   -7.2758e-04
   5.0000e-01    0.0000e+00    3.0000e+00   -2.8532e+00    9.2705e-01   -3.3507e-05   -1.7183e-03    4.2050e-04   -1.9472e-03
   5.0000e-01    0.0000e+00    3.0000e+00   -2.8978e+00    7.7646e-01   -1.6427e-03   -3.9189e-04   -1.1229e-03   -5.3818e-04
   5.0000e-01    0.0000e+00    3.0000e+00   -2.9344e+00    6.2374e-01   -8.2346e-04    1.4429e-03   -3.7044e-04    1.2835e-03
   5.0000e-01    0.0000e+00    3.0000e+00   -2.9631e+00    4.6930e-01    1.1151e-03    1.1960e-03    1.5587e-03    1.1478e-03
   5.0000e-01    0.0000e+00    3.0000e+00   -2.9836e+00    3.1359e-01    1.4736e-03   -6.5058e-04    1.8145e-03   -7.4913e-04
   5.0000e-01    0.0000e+00    3.0000e+00   -2.9959e+00    1.5701e-01   -8.1925e-05   -1.5863e-03    2.8500e-04   -1.6209e-03
   5.0000e-01    0.0000e+00    3.0000e+00   -3.0000e+00    0.0000e+00   -1.4821e-03   -5.0938e-04   -1.2393e-03   -5.0813e-04
   5.0000e-01    0.0000e+00    3.0000e+00   -2.9959e+00   -1.5701e-01   -1.0734e-03    1.1146e-03   -8.5955e-04    1.0385e-03
   5.0000e-01    0.0000e+00    3.0000e+00   -2.9836e+00   -3.1359e-01    5.1821e-04    1.4382e-03    6.5186e-04    1.3855e-03
   5.0000e-01    0.0000e+00    3.0000e+00   -2.9631e+00   -4.6930e-01    1.4979e-03    2.0055e-04    1.6143e-03    1.4447e-04
   5.0000e-01    0.0000e+00    3.0000e+00   -2.9344e+00   -6.2374e-01    9.0310e-04   -1.1913e-03    9.0802e-04   -1.3054e-03
   5.0000e-01    0.0000e+00    3.0000e+00   -2.8978e+00   -7.7646e-01   -5.3535e-04   -1.3791e-03   -5.9099e-04   -1.6029e-03
   5.0000e-01    0.0000e+00    3.0000e+00   -2.8532e+00   -9.2705e-01   -1.4285e-03   -3.2559e-04   -1.6132e-03   -5.4322e-04
   5.0000e-01    0.0000e+00    3.0000e+00   -2.8007e+00   -1.0751e+00   -1.0814e-03    9.6874e-04   -1.2426e-03    6.5233e-04
   5.0000e-01    0.0000e+00    3.0000e+00   -2.7406e+00   -1.2202e+00    1.0504e-04    1.4354e-03   -1.8652e-04    1.0217e-03
   5.0000e-01    0.0000e+00    3.0000e+00   -2.6730e+00   -1.3620e+00    1.1671e-03    8.2095e-04    9.4083e-04    3.8471e-04
   5.0000e-01    0.0000e+00    3.0000e+00   -2.5981e+00   -1.5000e+00    1.3812e-03   -3.1295e-04    1.0894e-03   -8.5471e-04
   5.0000e-01    0.0000e+00    3.0000e+00   -2.5160e+00   -1.6339e+00    7.3251e-04   -1.1998e-03    4.6383e-04   -1.7679e-03
   5.0000e-01    0.0000e+00    3.0000e+00   -2.4271e+00   -1.7634e+00   -3.0993e-04   -1.3611e-03   -6.0586e-04   -1.9820e-03
   5.0000e-01    0.0000e+00    3.0000e+00   -2.3314e+00   -1.8880e+00   -1.1343e-03   -7.9780e-04   -1.4262e-03   -1.4099e-03
   5.0000e-01    0.0000e+00    3.0000e+00   -2.2294e+00   -2.0074e+00   -1.3755e-03    9.2131e-05   -1.6914e-03   -4.7321e-04
   5.0000e-01    0.0000e+00    3.0000e+00   -2.1213e+00   -2.1213e+00   -1.0381e-03    8.9551e-04   -1.3459e-03    2.8962e-04
   5.0000e-01    0.0000e+00    3.0000e+00   -2.0074e+00   -2.2294e+00   -3.2758e-04    1.3239e-03   -6.7214e-04    7.1696e-04
   5.0000e-01    0.0000e+00    3.0000e+00   -1.8880e+00   -2.3314e+00    4.4494e-04    1.2819e-03    1.9487e-04    8.0803e-04
   5.0000e-01    0.0000e+00    3.0000e+00   -1.7634e+00   -2.4271e+00    1.0197e-03    8.8620e-04    7.4997e-04    4.4269e-04
   5.0000e-01    0.0000e+00    3.0000e+00   -1.6339e+00   -2.5160e+00    1.3098e-03    3.0879e-04    1.0494e-03   -4.2417e-05
   5.0000e-01    0.0000e+00    3.0000e+00   -1.5000e+00   -2.5981e+00    1.3083e-03   -2.9235e-04    1.0751e-03   -5.8258e-04
   5.0000e-01    0.0000e+00    3.0000e+00   -1.3620e+00   -2.6730e+00    1.0822e-03   -7.8348e-04    7.9307e-04   -8.6871e-04
   5.0000e-01    0.0000e+00    3.0000e+00   -1.2202e+00   -2.7406e+00    7.3465e-04   -1.1115e-03    5.0858e-04   -1.0327e-03
   5.0000e-01    0.0000e+00    3.0000e+00   -1.0751e+00   -2.8007e+00    3.4670e-04   -1.2829e-03    1.1592e-04   -9.9764e-04
   5.0000e-01    0.0000e+00    3.0000e+00   -9.2705e-01   -2.8532e+00   -1.8838e-05   -1.3255e-03   -2.8319e-04   -1.0182e-03
   5.0000e-01    0.0000e+00    3.0000e+00   -7.7646e-01   -2.8978e+00   -3.3409e-04   -1.2802e-03   -6.4525e-04   -7.9749e-04
   5.0000e-01    0.0000e+00    3.0000e+00   -6.2374e-01   -2.9344e+00   -5.6819e-04   -1.1928e-03   -8.4021e-04   -5.6204e-04
   5.0000e-01    0.0000e+00    3.0000e+00   -4.6930e-01   -2.9631e+00   -7.4048e-04   -1.0921e-03   -1.0813e-03   -3.4980e-04
   5.0000e-01    0.0000e+00    3.0000e+00   -3.1359e-01   -2.9836e+00   -8.4724e-04   -1.0101e-03   -1.1827e-03   -2.4130e-04
   5.0000e-01    0.0000e+00    3.0000e+00   -1.5701e-01   -2.9959e+00   -9.1235e-04   -9.5109e-04   -1.1987e-03   -1.2878e-04
   5.0000e-01    0.0000e+00    3.0000e+00    0.0000e+00   -3.0000e+00   -9.4103e-04   -9.2224e-04   -1.1698e-03   -3.3765e-05
   5.0000e-01    0.0000e+00    3.0000e+00    1.5701e-01   -2.9959e+00   -9.1235e-04   -9.5109e-04   -1.2591e-03   -1.6692e-04
   5.0000e-01    0.0000e+00    3.0000e+00    3.1359e-01   -2.9836e+00   -8.4724e-04   -1.0101e-03   -1.0998e-03   -2.2341e-04
   5.0000e-01    0.0000e+00    3.0000e+00    4.6930e-01   -2.9631e+00   -7.4048e-04   -1.0921e-03   -1.0063e-03   -3.7888e-04
   5.0000e-01    0.0000e+00    3.0000e+00    6.2374e-01   -2.9344e+00   -5.6819e-04   -1.1928e-03   -8.0843e-04   -5.4703e-04
   5.0000e-01    0.0000e+00    3.0000e+00    7.7646e-01   -2.8978e+00   -3.3409e-04   -1.2802e-03   -5.8626e-04   -8.0428e-04
   5.0000e-01    0.0000e+00    3.0000e+00    9.2705e-01   -2.8532e+00   -1.8838e-05   -1.3255e-03   -2.7734e-04   -1.0171e-03
   5.0000e-01    0.0000e+00    3.0000e+00    1.0751e+00   -2.8007e+00    3.4670e-04   -1.2829e-03    5.9313e-05   -1.0773e-03
   5.0000e-01    0.0000e+00    3.0000e+00    1.2202e+00   -2.7406e+00    7.3465e-04   -1.1115e-03    4.2925e-04   -1.0610e-03
   5.0000e-01    0.0000e+00    3.0000e+00    1.3620e+00   -2.6730e+00    1.0822e-03   -7.8348e-04    7.3093e-04   -7.9076e-04
   5.0000e-01    0.0000e+00    3.0000e+00    1.5000e+00   -2.5981e+00    1.3083e-03   -2.9235e-04    1.0260e-03   -4.8870e-04
   5.0000e-01    0.0000e+00    3.0000e+00    1.6339e+00   -2.5160e+00    1.3098e-03    3.0879e-04    1.0551e-03    3.6397e-05
   5.0000e-01    0.0000e+00    3.0000e+00    1.7634e+00   -2.4271e+00    1.0197e-03    8.8620e-04    7.9294e-04    4.5191e-04
   5.0000e-01    0.0000e+00    3.0000e+00    1.8880e+00   -2.3314e+00    4.4494e-04    1.2819e-03    1.6682e-04    7.4554e-04
   5.0000e-01    0.0000e+00    3.0000e+00    2.0074e+00   -2.2294e+00   -3.2758e-04    1.3239e-03   -5.8466e-04    7.5602e-04
   5.0000e-01    0.0000e+00    3.0000e+00    2.1213e+00   -2.1213e+00   -1.0381e-03    8.9551e-04   -1.2886e-03    3.1493e-04
   5.0000e-01    0.0000e+00    3.0000e+00    2.2294e+00   -2.0074e+00   -1.3755e-03    9.2131e-05   -1.6375e-03   -5.1635e-04
   5.0000e-01    0.0000e+00    3.0000e+00    2.3314e+00   -1.8880e+00   -1.1343e-03   -7.9780e-04   -1.4287e-03   -1.4683e-03
   5.0000e-01    0.0000e+00    3.0000e+00    2.4271e+00   -1.7634e+00   -3.0993e-04   -1.3611e-03   -5.8716e-04   -1.8982e-03
   5.0000e-01    0.0000e+00    3.0000e+00    2.5160e+00   -1.6339e+00    7.3251e-04   -1.1998e-03    4.3701e-04   -1.7880e-03
   5.0000e-01    0.0000e+00    3.0000e+00    2.5981e+00   -1.5000e+00    1.3812e-03   -3.1295e-04    1.1377e-03   -7.5502e-04
   5.0000e-01    0.0000e+00    3.0000e+00    2.6730e+00   -1.3620e+00    1.1671e-03    8.2095e-04    8.8036e-04    2.8734e-04
   5.0000e-01    0.0000e+00    3.0000e+00    2.7406e+00   -1.2202e+00    1.0504e-04    1.4354e-03   -1.3354e-04    1.0672e-03
   5.0000e-01    0.0000e+00    3.0000e+00    2.8007e+00   -1.0751e+00   -1.0814e-03    9.6874e-04   -1.2634e-03    6.5781e-04
   5.0000e-01    0.0000e+00    3.0000e+00    2.8532e+00   -9.2705e-01   -1.4285e-03   -3.2559e-04   -1.5767e-03   -5.8290e-04
   5.0000e-01    0.0000e+00    3.0000e+00    2.8978e+00   -7.7646e-01   -5.3535e-04   -1.3791e-03   -6.4262e-04   -1.5359e-03
   5.0000e-01    0.0000e+00    3.0000e+00    2.9344e+00   -6.2374e-01    9.0310e-04   -1.1913e-03    9.1142e-04   -1.3712e-03
   5.0000e-01    0.0000e+00    3.0000e+00    2.9631e+00   -4.6930e-01    1.4979e-03    2.0055e-04    1.6116e-03    1.3812e-04
   5.0000e-01    0.0000e+00    3.0000e+00    2.9836e+00   -3.1359e-01    5.1821e-04    1.4382e-03    6.6255e-04    1.3750e-03
   5.0000e-01    0.0000e+00    3.0000e+00    2.9959e+00   -1.5701e-01   -1.0734e-03    1.1146e-03   -8.7091e-04    1.0316e-03
   5.0000e-01   -1.5000e+00    2.6000e+00    3.0000e+00    0.0000e+00    1.3751e-03   -3.3753e-04    9.7692e-04   -6.5705e-04
   5.0000e-01   -1.5000e+00    2.6000e+00    2.9959e+00    1.5701e-01    1.1688e-03    8.1876e-04    7.4633e-04    3.5277e-04
   5.0000e-01   -1.5000e+00    2.6000e+00    2.9836e+00    3.1359e-01    1.1750e-04    1.4338e-03   -2.5308e-04    1.0198e-03
   5.0000e-01   -1.5000e+00    2.6000e+00    2.9631e+00    4.6930e-01   -1.0709e-03    9.7946e-04   -1.3862e-03    5.1007e-04
   5.0000e-01   -1.5000e+00    2.6000e+00    2.9344e+00    6.2374e-01   -1.4321e-03   -3.0858e-04   -1.6616e-03   -7.7010e-04
   5.0000e-01   -1.5000e+00    2.6000e+00    2.8978e+00    7.7646e-01   -5.4772e-04   -1.3739e-03   -6.7079e-04   -1.7403e-03
   5.0000e-01   -1.5000e+00    2.6000e+00    2.8532e+00    9.2705e-01    8.9316e-04   -1.1982e-03    8.0418e-04   -1.5922e-03
   5.0000e-01   -1.5000e+00    2.6000e+00    2.8007e+00    1.0751e+00    1.4993e-03    1.8826e-04    1.4411e-03   -8.9037e-05
   5.0000e-01   -1.5000e+00    2.6000e+00    2.7406e+00    1.2202e+00    5.4229e-04    1.4291e-03    4.3236e-04    1.1718e-03
   5.0000e-01   -1.5000e+00    2.6000e+00    2.6730e+00    1.3620e+00   -1.0600e-03    1.1265e-03   -1.0143e-03    9.9107e-04
   5.0000e-01   -1.5000e+00    2.6000e+00    2.5981e+00    1.5000e+00   -1.4816e-03   -5.0914e-04   -1.5186e-03   -6.4058e-04
   5.0000e-01   -1.5000e+00    2.6000e+00    2.5160e+00    1.6339e+00   -9.1230e-05   -1.5855e-03   -5.9670e-05   -1.6176e-03
   5.0000e-01   -1.5000e+00    2.6000e+00    2.4271e+00    1.7634e+00    1.4697e-03   -6.5840e-04    1.3677e-03   -7.5121e-04
   5.0000e-01   -1.5000e+00    2.6000e+00    2.3314e+00    1.8880e+00    1.1270e-03    1.1839e-03    1.0661e-03    1.2462e-03
   5.0000e-01   -1.5000e+00    2.6000e+00    2.2294e+00    2.0074e+00   -8.0761e-04    1.4513e-03   -9.2500e-04    1.5345e-03
   5.0000e-01   -1.5000e+00    2.6000e+00    2.1213e+00    2.1213e+00   -1.6422e-03   -3.9365e-04   -1.7593e-03   -1.9592e-04
   5.0000e-01   -1.5000e+00    2.6000e+00    2.0074e+00    2.2294e+00   -3.1695e-05   -1.7180e-03   -2.7539e-04   -1.5315e-03
   5.0000e-01   -1.5000e+00    2.6000e+00    1.8880e+00    2.3314e+00    1.6948e-03   -4.3737e-04    1.3759e-03   -1.5875e-04
   5.0000e-01   -1.5000e+00    2.6000e+00    1.7634e+00    2.4271e+00    7.7948e-04    1.6058e-03    3.9773e-04    1.7952e-03
   5.0000e-01   -1.5000e+00    2.6000e+00    1.6339e+00    2.5160e+00   -1.4775e-03    1.0672e-03   -1.8860e-03    1.2667e-03
   5.0000e-01   -1.5000e+00    2.6000e+00    1.5000e+00    2.5981e+00   -1.3162e-03   -1.3193e-03   -1.6762e-03   -9.8649e-04
   5.0000e-01   -1.5000e+00    2.6000e+00    1.3620e+00    2.6730e+00    1.1473e-03   -1.5231e-03    7.2476e-04   -1.2962e-03
   5.0000e-01   -1.5000e+00    2.6000e+00    1.2202e+00    2.7406e+00    1.6790e-03    1.0031e-03    1.2606e-03    1.1940e-03
   5.0000e-01   -1.5000e+00    2.6000e+00    1.0751e+00    2.8007e+00   -8.5948e-04    1.8151e-03   -1.2538e-03    2.0214e-03
   5.0000e-01   -1.5000e+00    2.6000e+00    9.2705e-01    2.8532e+00   -1.9241e-03   -7.5239e-04   -2.3409e-03   -5.9357e-04
   5.0000e-01   -1.5000e+00    2.6000e+00    7.7646e-01    2.8978e+00    6.4339e-04   -2.0301e-03    2.2757e-04   -1.9280e-03
   5.0000e-01   -1.5000e+00    2.6000e+00    6.2374e-01    2.9344e+00    2.1253e-03    5.7127e-04    1.7506e-03    7.4399e-04
   5.0000e-01   -1.5000e+00    2.6000e+00    4.6930e-01    2.9631e+00   -5.4452e-04    2.2146e-03   -9.4996e-04    2.2919e-03
   5.0000e-01   -1.5000e+00    2.6000e+00    3.1359e-01    2.9836e+00   -2.3052e-03   -5.5173e-04   -2.6129e-03   -4.6874e-04
   5.0000e-01   -1.5000e+00    2.6000e+00    1.5701e-01    2.9959e+00    5.6829e-04   -2.4061e-03    3.2329e-04   -2.3269e-03
   5.0000e-01   -1.5000e+00    2.6000e+00    0.0000e+00    3.0000e+00    2.5114e-03    6.3483e-04    2.3292e-03    7.0735e-04
   5.0000e-01   -1.5000e+00    2.6000e+00   -2.5981e+00    1.5000e+00    2.5249e-03    5.7145e-04    2.2791e-03    8.9704e-04
   5.0000e-01   -1.5000e+00    2.6000e+00   -2.6730e+00    1.3620e+00    5.2353e-04   -2.4153e-03    4.2586e-04   -2.1392e-03
   5.0000e-01   -1.5000e+00    2.6000e+00   -2.7406e+00    1.2202e+00   -2.3185e-03   -4.8996e-04   -2.4830e-03   -2.6875e-04
   5.0000e-01   -1.5000e+00    2.6000e+00   -2.8007e+00    1.0751e+00   -5.0382e-04    2.2239e-03   -5.2368e-04    2.3419e-03
   5.0000e-01   -1.5000e+00    2.6000e+00   -2.8532e+00    9.2705e-01    2.1349e-03    5.3161e-04    2.1673e-03    6.7862e-04
   5.0000e-01   -1.5000e+00    2.6000e+00   -2.8978e+00    7.7646e-01    6.0739e-04   -2.0407e-03    7.7313e-04   -1.9946e-03
   5.0000e-01   -1.5000e+00    2.6000e+00   -2.9344e+00    6.2374e-01   -1.9382e-03   -7.1461e-04   -1.7370e-03   -7.3230e-04
   5.0000e-01   -1.5000e+00    2.6000e+00   -2.9631e+00    4.6930e-01   -8.2701e-04    1.8294e-03   -5.8104e-04    1.8230e-03
   5.0000e-01   -1.5000e+00    2.6000e+00   -2.9836e+00    3.1359e-01    1.6981e-03    9.6838e-04    2.0751e-03    8.9401e-04
   5.0000e-01   -1.5000e+00    2.6000e+00   -2.9959e+00    1.5701e-01    1.1314e-03   -1.5352e-03    1.5234e-03   -1.6090e-03
   5.0000e-01   -1.5000e+00    2.6000e+00   -3.0000e+00    0.0000e+00   -1.3483e-03   -1.2855e-03   -8.3370e-04   -1.4908e-03
   5.0000e-01   -1.5000e+00    2.6000e+00   -2.9959e+00   -1.5701e-01   -1.4612e-03    1.0892e-03   -8.9135e-04    9.3362e-04
   5.0000e-01   -1.5000e+00    2.6000e+00   -2.9836e+00   -3.1359e-01    7.8773e-04    1.6019e-03    1.3645e-03    1.3639e-03
   5.0000e-01   -1.5000e+00    2.6000e+00   -2.9631e+00   -4.6930e-01    1.6911e-03   -4.5204e-04    2.2213e-03   -5.6813e-04
   5.0000e-01   -1.5000e+00    2.6000e+00   -2.9344e+00   -6.2374e-01   -6.6153e-05   -1.7170e-03    4.9363e-04   -1.8206e-03
   5.0000e-01   -1.5000e+00    2.6000e+00   -2.8978e+00   -7.7646e-01   -1.6494e-03   -3.5984e-04   -1.1279e-03   -5.2682e-04
   5.0000e-01   -1.5000e+00    2.6000e+00   -2.8532e+00   -9.2705e-01   -7.9794e-04    1.4563e-03   -1.8715e-04    1.4155e-03
   5.0000e-01   -1.5000e+00    2.6000e+00   -2.8007e+00   -1.0751e+00    1.1381e-03    1.1738e-03    1.6166e-03    1.1406e-03
   5.0000e-01   -1.5000e+00    2.6000e+00   -2.7406e+00   -1.2202e+00    1.4607e-03   -6.7889e-04    1.8461e-03   -6.7277e-04
   5.0000e-01   -1.5000e+00    2.6000e+00   -2.6730e+00   -1.3620e+00   -1.2656e-04   -1.5824e-03    2.4504e-04   -1.5751e-03
   5.0000e-01   -1.5000e+00    2.6000e+00   -2.5981e+00   -1.5000e+00   -1.4881e-03   -4.9040e-04   -1.2407e-03   -5.0403e-04
   5.0000e-01   -1.5000e+00    2.6000e+00   -2.5160e+00   -1.6339e+00   -1.0478e-03    1.1377e-03   -8.5714e-04    1.2476e-03
   5.0000e-01   -1.5000e+00    2.6000e+00   -2.4271e+00   -1.7634e+00    5.6453e-04    1.4198e-03    5.7270e-04    1.4882e-03
   5.0000e-01   -1.5000e+00    2.6000e+00   -2.3314e+00   -1.8880e+00    1.5025e-03    1.5483e-04    1.4520e-03    2.1719e-04
   5.0000e-01   -1.5000e+00    2.6000e+00   -2.2294e+00   -2.0074e+00    8.8005e-04   -1.2074e-03    6.7617e-04   -1.1502e-03
   5.0000e-01   -1.5000e+00    2.6000e+00   -2.1213e+00   -2.1213e+00   -5.5625e-04   -1.3704e-03   -9.1847e-04   -1.2861e-03
   5.0000e-01   -1.5000e+00    2.6000e+00   -2.0074e+00   -2.2294e+00   -1.4371e-03   -2.8278e-04   -1.8803e-03   -2.5171e-04
   5.0000e-01   -1.5000e+00    2.6000e+00   -1.8880e+00   -2.3314e+00   -1.0509e-03    1.0002e-03   -1.5818e-03    9.7079e-04
   5.0000e-01   -1.5000e+00    2.6000e+00   -1.7634e+00   -2.4271e+00    1.3889e-04    1.4315e-03   -4.6278e-04    1.3295e-03
   5.0000e-01   -1.5000e+00    2.6000e+00   -1.6339e+00   -2.5160e+00    1.1783e-03    8.0437e-04    5.4834e-04    6.6748e-04
   5.0000e-01   -1.5000e+00    2.6000e+00   -1.5000e+00   -2.5981e+00    1.3726e-03   -3.4526e-04    6.9934e-04   -5.0153e-04
   5.0000e-01   -1.5000e+00    2.6000e+00   -1.3620e+00   -2.6730e+00    6.9868e-04   -1.2190e-03    7.6413e-06   -1.4729e-03
   5.0000e-01   -1.5000e+00    2.6000e+00   -1.2202e+00   -2.7406e+00   -3.3739e-04   -1.3542e-03   -1.0627e-03   -1.6472e-03
   5.0000e-01   -1.5000e+00    2.6000e+00   -1.0751e+00   -2.8007e+00   -1.1440e-03   -7.8363e-04   -1.8917e-03   -1.1371e-03
   5.0000e-01   -1.5000e+00    2.6000e+00   -9.2705e-01   -2.8532e+00   -1.3726e-03    1.2285e-04   -2.1155e-03   -2.0852e-04
   5.0000e-01   -1.5000e+00    2.6000e+00   -7.7646e-01   -2.8978e+00   -1.0105e-03    9.2567e-04   -1.7122e-03    5.3192e-04
   5.0000e-01   -1.5000e+00    2.6000e+00   -6.2374e-01   -2.9344e+00   -3.0380e-04    1.3292e-03   -9.0429e-04    9.7563e-04
   5.0000e-01   -1.5000e+00    2.6000e+00   -4.6930e-01   -2.9631e+00    4.6082e-04    1.2760e-03   -1.4870e-04    9.3160e-04
   5.0000e-01   -1.5000e+00    2.6000e+00   -3.1359e-01   -2.9836e+00    1.0333e-03    8.7002e-04    5.9937e-04    5.9756e-04
   5.0000e-01   -1.5000e+00    2.6000e+00   -1.5701e-01   -2.9959e+00    1.3156e-03    2.8222e-04    9.1282e-04    -1.8535e-05
   5.0000e-01   -1.5000e+00    2.6000e+00    0.0000e+00   -3.0000e+00    1.3015e-03   -3.2094e-04    1.0090e-03   -4.5252e-04
   5.0000e-01   -1.5000e+00    2.6000e+00    1.5701e-01   -2.9959e+00    1.0729e-03   -7.9643e-04    9.3826e-04   -9.8043e-04
   5.0000e-01   -1.5000e+00    2.6000e+00    3.1359e-01   -2.9836e+00    7.2163e-04   -1.1196e-03    7.0938e-04   -1.1974e-03
   5.0000e-01   -1.5000e+00    2.6000e+00    4.6930e-01   -2.9631e+00    3.2275e-04   -1.2887e-03    4.7230e-04   -1.1338e-03
   5.0000e-01   -1.5000e+00    2.6000e+00    6.2374e-01   -2.9344e+00   -4.4490e-05   -1.3249e-03    1.3507e-04   -1.0746e-03
   5.0000e-01   -1.5000e+00    2.6000e+00    7.7646e-01   -2.8978e+00   -3.5589e-04   -1.2742e-03   -2.1090e-05   -9.2031e-04
   5.0000e-01   -1.5000e+00    2.6000e+00    9.2705e-01   -2.8532e+00   -5.8517e-04   -1.1844e-03   -1.5536e-04   -6.8611e-04
   5.0000e-01   -1.5000e+00    2.6000e+00    1.0751e+00   -2.8007e+00   -7.5739e-04   -1.0808e-03   -2.6006e-04   -3.9367e-04
   5.0000e-01   -1.5000e+00    2.6000e+00    1.2202e+00   -2.7406e+00   -8.6842e-04   -9.9226e-04   -3.6031e-04   -2.4428e-04
   5.0000e-01   -1.5000e+00    2.6000e+00    1.3620e+00   -2.6730e+00   -9.3393e-04   -9.2945e-04   -3.3558e-04   -8.6734e-05
   5.0000e-01   -1.5000e+00    2.6000e+00    1.5000e+00   -2.5981e+00   -9.5032e-04   -9.1263e-04   -2.8607e-04    1.2733e-04
   5.0000e-01   -1.5000e+00    2.6000e+00    1.6339e+00   -2.5160e+00   -9.2580e-04   -9.3803e-04   -2.3747e-04    7.5281e-05
   5.0000e-01   -1.5000e+00    2.6000e+00    1.7634e+00   -2.4271e+00   -8.6831e-04   -9.9206e-04   -1.7915e-04    1.0828e-04
   5.0000e-01   -1.5000e+00    2.6000e+00    1.8880e+00   -2.3314e+00   -7.6520e-04   -1.0749e-03   -8.5695e-05    -1.0516e-05
   5.0000e-01   -1.5000e+00    2.6000e+00    2.0074e+00   -2.2294e+00   -5.8581e-04   -1.1844e-03    1.3257e-04   -5.4089e-05
   5.0000e-01   -1.5000e+00    2.6000e+00    2.1213e+00   -2.1213e+00   -3.3918e-04   -1.2793e-03    2.4844e-04   -1.0208e-04
   5.0000e-01   -1.5000e+00    2.6000e+00    2.2294e+00   -2.0074e+00   -3.7765e-05   -1.3252e-03    4.4170e-04   -3.1791e-04
   5.0000e-01   -1.5000e+00    2.6000e+00    2.3314e+00   -1.8880e+00    3.1783e-04   -1.2901e-03    7.0498e-04   -2.7360e-04
   5.0000e-01   -1.5000e+00    2.6000e+00    2.4271e+00   -1.7634e+00    7.1905e-04   -1.1216e-03    9.9990e-04   -1.8599e-04
   5.0000e-01   -1.5000e+00    2.6000e+00    2.5160e+00   -1.6339e+00    1.0785e-03   -7.8904e-04    1.2419e-03    -6.7755e-05
   5.0000e-01   -1.5000e+00    2.6000e+00    2.5981e+00   -1.5000e+00    1.3052e-03   -3.0681e-04    1.3499e-03    3.8059e-04
   5.0000e-01   -1.5000e+00    2.6000e+00    2.6730e+00   -1.3620e+00    1.3155e-03    2.8246e-04    1.3244e-03    8.8643e-04
   5.0000e-01   -1.5000e+00    2.6000e+00    2.7406e+00   -1.2202e+00    1.0287e-03    8.7632e-04    8.9448e-04    1.3280e-03
   5.0000e-01   -1.5000e+00    2.6000e+00    2.8007e+00   -1.0751e+00    4.4779e-04    1.2814e-03    9.9454e-05    1.5874e-03
   5.0000e-01   -1.5000e+00    2.6000e+00    2.8532e+00   -9.2705e-01   -3.2064e-04    1.3256e-03   -6.5206e-04    1.4813e-03
   5.0000e-01   -1.5000e+00    2.6000e+00    2.8978e+00   -7.7646e-01   -1.0206e-03    9.1513e-04   -1.4471e-03    9.9779e-04
   5.0000e-01   -1.5000e+00    2.6000e+00    2.9344e+00   -6.2374e-01   -1.3743e-03    1.0938e-04   -1.7823e-03    1.2023e-04
   5.0000e-01   -1.5000e+00    2.6000e+00    2.9631e+00   -4.6930e-01   -1.1355e-03   -7.9642e-04   -1.6251e-03   -9.9185e-04
   5.0000e-01   -1.5000e+00    2.6000e+00    2.9836e+00   -3.1359e-01   -3.1029e-04   -1.3610e-03   -7.2913e-04   -1.6276e-03
   5.0000e-01   -1.5000e+00    2.6000e+00    2.9959e+00   -1.5701e-01    7.2073e-04   -1.2068e-03    2.1851e-04   -1.5839e-03
   5.0000e-01   -2.6000e+00    1.5000e+00    3.0000e+00    0.0000e+00    1.3004e-03   -3.2533e-04    1.0299e-03   -4.9414e-04
   5.0000e-01   -2.6000e+00    1.5000e+00    2.9959e+00    1.5701e-01    1.3156e-03    2.8222e-04    9.3954e-04   -2.9726e-05
   5.0000e-01   -2.6000e+00    1.5000e+00    2.9836e+00    3.1359e-01    1.0333e-03    8.7002e-04    5.3791e-04    4.6171e-04
   5.0000e-01   -2.6000e+00    1.5000e+00    2.9631e+00    4.6930e-01    4.6082e-04    1.2760e-03   -1.3098e-04    8.0591e-04
   5.0000e-01   -2.6000e+00    1.5000e+00    2.9344e+00    6.2374e-01   -3.0380e-04    1.3292e-03   -9.5696e-04    7.5297e-04
   5.0000e-01   -2.6000e+00    1.5000e+00    2.8978e+00    7.7646e-01   -1.0105e-03    9.2567e-04   -1.7735e-03    3.2930e-04
   5.0000e-01   -2.6000e+00    1.5000e+00    2.8532e+00    9.2705e-01   -1.3726e-03    1.2285e-04   -2.1683e-03   -5.4020e-04
   5.0000e-01   -2.6000e+00    1.5000e+00    2.8007e+00    1.0751e+00   -1.1440e-03   -7.8363e-04   -1.9623e-03   -1.3644e-03
   5.0000e-01   -2.6000e+00    1.5000e+00    2.7406e+00    1.2202e+00   -3.3739e-04   -1.3542e-03   -1.1640e-03   -1.9790e-03
   5.0000e-01   -2.6000e+00    1.5000e+00    2.6730e+00    1.3620e+00    6.9868e-04   -1.2190e-03   -4.9259e-05   -1.8043e-03
   5.0000e-01   -2.6000e+00    1.5000e+00    2.5981e+00    1.5000e+00    1.3726e-03   -3.4526e-04    6.3151e-04   -9.2325e-04
   5.0000e-01   -2.6000e+00    1.5000e+00    2.5160e+00    1.6339e+00    1.1783e-03    8.0437e-04    4.7881e-04    1.6561e-04
   5.0000e-01   -2.6000e+00    1.5000e+00    2.4271e+00    1.7634e+00    1.3889e-04    1.4315e-03   -5.2910e-04    1.0091e-03
   5.0000e-01   -2.6000e+00    1.5000e+00    2.3314e+00    1.8880e+00   -1.0509e-03    1.0002e-03   -1.6594e-03    5.9432e-04
   5.0000e-01   -2.6000e+00    1.5000e+00    2.2294e+00    2.0074e+00   -1.4371e-03   -2.8278e-04   -1.8381e-03   -6.7699e-04
   5.0000e-01   -2.6000e+00    1.5000e+00    2.1213e+00    2.1213e+00   -5.5625e-04   -1.3704e-03   -9.9799e-04   -1.6840e-03
   5.0000e-01   -2.6000e+00    1.5000e+00    2.0074e+00    2.2294e+00    8.8005e-04   -1.2074e-03    4.6133e-04   -1.4917e-03
   5.0000e-01   -2.6000e+00    1.5000e+00    1.8880e+00    2.3314e+00    1.5025e-03    1.5483e-04    1.1885e-03   -3.1141e-05
   5.0000e-01   -2.6000e+00    1.5000e+00    1.7634e+00    2.4271e+00    5.6453e-04    1.4198e-03    3.8355e-04    1.1619e-03
   5.0000e-01   -2.6000e+00    1.5000e+00    1.6339e+00    2.5160e+00   -1.0478e-03    1.1377e-03   -1.1012e-03    1.0205e-03
   5.0000e-01   -2.6000e+00    1.5000e+00    1.5000e+00    2.5981e+00   -1.4881e-03   -4.9040e-04   -1.5030e-03   -5.9653e-04
   5.0000e-01   -2.6000e+00    1.5000e+00    1.3620e+00    2.6730e+00   -1.2656e-04   -1.5824e-03   -2.5116e-05   -1.7584e-03
   5.0000e-01   -2.6000e+00    1.5000e+00    1.2202e+00    2.7406e+00    1.4607e-03   -6.7889e-04    1.6264e-03   -8.1997e-04
   5.0000e-01   -2.6000e+00    1.5000e+00    1.0751e+00    2.8007e+00    1.1381e-03    1.1738e-03    1.3284e-03    9.7169e-04
   5.0000e-01   -2.6000e+00    1.5000e+00    9.2705e-01    2.8532e+00   -7.9794e-04    1.4563e-03   -5.0163e-04    1.3621e-03
   5.0000e-01   -2.6000e+00    1.5000e+00    7.7646e-01    2.8978e+00   -1.6494e-03   -3.5984e-04   -1.3250e-03   -5.5892e-04
   5.0000e-01   -2.6000e+00    1.5000e+00    6.2374e-01    2.9344e+00   -6.6153e-05   -1.7170e-03    2.5389e-04   -1.9558e-03
   5.0000e-01   -2.6000e+00    1.5000e+00    4.6930e-01    2.9631e+00    1.6911e-03   -4.5204e-04    2.0636e-03   -7.1586e-04
   5.0000e-01   -2.6000e+00    1.5000e+00    3.1359e-01    2.9836e+00    7.8773e-04    1.6019e-03    1.1495e-03    1.3377e-03
   5.0000e-01   -2.6000e+00    1.5000e+00    1.5701e-01    2.9959e+00   -1.4612e-03    1.0892e-03   -1.1059e-03    8.6631e-04
   5.0000e-01   -2.6000e+00    1.5000e+00    0.0000e+00    3.0000e+00   -1.3339e-03   -1.3009e-03   -9.0471e-04   -1.6013e-03
   5.0000e-01   -2.6000e+00    1.5000e+00   -1.5701e-01    2.9959e+00    1.1314e-03   -1.5352e-03    1.4344e-03   -1.7728e-03
   5.0000e-01   -2.6000e+00    1.5000e+00   -3.1359e-01    2.9836e+00    1.6981e-03    9.6838e-04    1.9904e-03    7.1146e-04
   5.0000e-01   -2.6000e+00    1.5000e+00   -4.6930e-01    2.9631e+00   -8.2701e-04    1.8294e-03   -6.3671e-04    1.6614e-03
   5.0000e-01   -2.6000e+00    1.5000e+00   -6.2374e-01    2.9344e+00   -1.9382e-03   -7.1461e-04   -1.8513e-03   -7.6938e-04
   5.0000e-01   -2.6000e+00    1.5000e+00   -7.7646e-01    2.8978e+00    6.0739e-04   -2.0407e-03    7.0298e-04   -2.1307e-03
   5.0000e-01   -2.6000e+00    1.5000e+00   -9.2705e-01    2.8532e+00    2.1349e-03    5.3161e-04    2.1483e-03    4.8290e-04
   5.0000e-01   -2.6000e+00    1.5000e+00   -1.0751e+00    2.8007e+00   -5.0382e-04    2.2239e-03   -4.7783e-04    2.2908e-03
   5.0000e-01   -2.6000e+00    1.5000e+00   -1.2202e+00    2.7406e+00   -2.3185e-03   -4.8996e-04   -2.4340e-03   -2.7116e-04
   5.0000e-01   -2.6000e+00    1.5000e+00   -1.3620e+00    2.6730e+00    5.2353e-04   -2.4153e-03    4.1825e-04   -2.1880e-03
   5.0000e-01   -2.6000e+00    1.5000e+00   -1.5000e+00    2.5981e+00    2.5249e-03    5.7145e-04    2.3602e-03    8.7249e-04
   5.0000e-01   -2.6000e+00    1.5000e+00   -3.0000e+00    0.0000e+00    2.5182e-03    6.0279e-04    2.5247e-03    4.2047e-04
   5.0000e-01   -2.6000e+00    1.5000e+00   -2.9959e+00   -1.5701e-01    5.6829e-04   -2.4061e-03    5.6223e-04   -2.5316e-03
   5.0000e-01   -2.6000e+00    1.5000e+00   -2.9836e+00   -3.1359e-01   -2.3052e-03   -5.5173e-04   -2.2855e-03   -7.8027e-04
   5.0000e-01   -2.6000e+00    1.5000e+00   -2.9631e+00   -4.6930e-01   -5.4452e-04    2.2146e-03   -5.4806e-04    2.1456e-03
   5.0000e-01   -2.6000e+00    1.5000e+00   -2.9344e+00   -6.2374e-01    2.1253e-03    5.7127e-04    2.0032e-03    4.9567e-04
   5.0000e-01   -2.6000e+00    1.5000e+00   -2.8978e+00   -7.7646e-01    6.4339e-04   -2.0301e-03    4.2652e-04   -1.9850e-03
   5.0000e-01   -2.6000e+00    1.5000e+00   -2.8532e+00   -9.2705e-01   -1.9241e-03   -7.5239e-04   -2.1253e-03   -6.6531e-04
   5.0000e-01   -2.6000e+00    1.5000e+00   -2.8007e+00   -1.0751e+00   -8.5948e-04    1.8151e-03   -1.0386e-03    1.8817e-03
   5.0000e-01   -2.6000e+00    1.5000e+00   -2.7406e+00   -1.2202e+00    1.6790e-03    1.0031e-03    1.5382e-03    1.2155e-03
   5.0000e-01   -2.6000e+00    1.5000e+00   -2.6730e+00   -1.3620e+00    1.1473e-03   -1.5231e-03    9.7266e-04   -1.2353e-03
   5.0000e-01   -2.6000e+00    1.5000e+00   -2.5981e+00   -1.5000e+00   -1.3162e-03   -1.3193e-03   -1.3604e-03   -9.9411e-04
   5.0000e-01   -2.6000e+00    1.5000e+00   -2.5160e+00   -1.6339e+00   -1.4775e-03    1.0672e-03   -1.5413e-03    1.3866e-03
   5.0000e-01   -2.6000e+00    1.5000e+00   -2.4271e+00   -1.7634e+00    7.7948e-04    1.6058e-03    7.0252e-04    1.9662e-03
   5.0000e-01   -2.6000e+00    1.5000e+00   -2.3314e+00   -1.8880e+00    1.6948e-03   -4.3737e-04    1.7089e-03   -4.7930e-05
   5.0000e-01   -2.6000e+00    1.5000e+00   -2.2294e+00   -2.0074e+00   -3.1695e-05   -1.7180e-03    1.6365e-05   -1.2363e-03
   5.0000e-01   -2.6000e+00    1.5000e+00   -2.1213e+00   -2.1213e+00   -1.6422e-03   -3.9365e-04   -1.5200e-03   -6.3681e-05
   5.0000e-01   -2.6000e+00    1.5000e+00   -2.0074e+00   -2.2294e+00   -8.0761e-04    1.4513e-03   -7.0792e-04    1.7154e-03
   5.0000e-01   -2.6000e+00    1.5000e+00   -1.8880e+00   -2.3314e+00    1.1270e-03    1.1839e-03    1.2728e-03    1.4839e-03
   5.0000e-01   -2.6000e+00    1.5000e+00   -1.7634e+00   -2.4271e+00    1.4697e-03   -6.5840e-04    1.6687e-03   -4.7084e-04
   5.0000e-01   -2.6000e+00    1.5000e+00   -1.6339e+00   -2.5160e+00   -9.1230e-05   -1.5855e-03    1.5679e-04   -1.4262e-03
   5.0000e-01   -2.6000e+00    1.5000e+00   -1.5000e+00   -2.5981e+00   -1.4816e-03   -5.0914e-04   -1.2380e-03   -4.5811e-04
   5.0000e-01   -2.6000e+00    1.5000e+00   -1.3620e+00   -2.6730e+00   -1.0600e-03    1.1265e-03   -8.4257e-04    1.0360e-03
   5.0000e-01   -2.6000e+00    1.5000e+00   -1.2202e+00   -2.7406e+00    5.4229e-04    1.4291e-03    6.6621e-04    1.2657e-03
   5.0000e-01   -2.6000e+00    1.5000e+00   -1.0751e+00   -2.8007e+00    1.4993e-03    1.8826e-04    1.6261e-03   -6.6595e-05
   5.0000e-01   -2.6000e+00    1.5000e+00   -9.2705e-01   -2.8532e+00    8.9316e-04   -1.1982e-03    9.9417e-04   -1.5253e-03
   5.0000e-01   -2.6000e+00    1.5000e+00   -7.7646e-01   -2.8978e+00   -5.4772e-04   -1.3739e-03   -5.5122e-04   -1.7622e-03
   5.0000e-01   -2.6000e+00    1.5000e+00   -6.2374e-01   -2.9344e+00   -1.4321e-03   -3.0858e-04   -1.4371e-03   -7.7350e-04
   5.0000e-01   -2.6000e+00    1.5000e+00   -4.6930e-01   -2.9631e+00   -1.0709e-03    9.7946e-04   -1.1269e-03    5.0030e-04
   5.0000e-01   -2.6000e+00    1.5000e+00   -3.1359e-01   -2.9836e+00    1.1750e-04    1.4338e-03   -2.0661e-05    9.0185e-04
   5.0000e-01   -2.6000e+00    1.5000e+00   -1.5701e-01   -2.9959e+00    1.1688e-03    8.1876e-04    9.6663e-04    3.2348e-04
   5.0000e-01   -2.6000e+00    1.5000e+00    0.0000e+00   -3.0000e+00    1.3774e-03   -3.2854e-04    1.0256e-03   -7.8753e-04
   5.0000e-01   -2.6000e+00    1.5000e+00    1.5701e-01   -2.9959e+00    7.2073e-04   -1.2068e-03    3.8424e-04   -1.6418e-03
   5.0000e-01   -2.6000e+00    1.5000e+00    3.1359e-01   -2.9836e+00   -3.1029e-04   -1.3610e-03   -7.4306e-04   -1.7725e-03
   5.0000e-01   -2.6000e+00    1.5000e+00    4.6930e-01   -2.9631e+00   -1.1355e-03   -7.9642e-04   -1.5581e-03   -1.1069e-03
   5.0000e-01   -2.6000e+00    1.5000e+00    6.2374e-01   -2.9344e+00   -1.3743e-03    1.0938e-04   -1.7168e-03   -7.1596e-05
   5.0000e-01   -2.6000e+00    1.5000e+00    7.7646e-01   -2.8978e+00   -1.0206e-03    9.1513e-04   -1.3415e-03    7.9671e-04
   5.0000e-01   -2.6000e+00    1.5000e+00    9.2705e-01   -2.8532e+00   -3.2064e-04    1.3256e-03   -5.4529e-04    1.3403e-03
   5.0000e-01   -2.6000e+00    1.5000e+00    1.0751e+00   -2.8007e+00    4.4779e-04    1.2814e-03    2.2619e-04    1.4678e-03
   5.0000e-01   -2.6000e+00    1.5000e+00    1.2202e+00   -2.7406e+00    1.0287e-03    8.7632e-04    8.7887e-04    1.1928e-03
   5.0000e-01   -2.6000e+00    1.5000e+00    1.3620e+00   -2.6730e+00    1.3155e-03    2.8246e-04    1.3286e-03    8.3689e-04
   5.0000e-01   -2.6000e+00    1.5000e+00    1.5000e+00   -2.5981e+00    1.3052e-03   -3.0681e-04    1.3833e-03    3.6423e-04
   5.0000e-01   -2.6000e+00    1.5000e+00    1.6339e+00   -2.5160e+00    1.0785e-03   -7.8904e-04    1.2255e-03    2.7176e-05
   5.0000e-01   -2.6000e+00    1.5000e+00    1.7634e+00   -2.4271e+00    7.1905e-04   -1.1216e-03    9.8683e-04   -1.6868e-04
   5.0000e-01   -2.6000e+00    1.5000e+00    1.8880e+00   -2.3314e+00    3.1783e-04   -1.2901e-03    7.5554e-04   -2.3990e-04
   5.0000e-01   -2.6000e+00    1.5000e+00    2.0074e+00   -2.2294e+00   -3.7765e-05   -1.3252e-03    4.9625e-04   -1.4615e-04
   5.0000e-01   -2.6000e+00    1.5000e+00    2.1213e+00   -2.1213e+00   -3.3918e-04   -1.2793e-03    2.9733e-04    2.7471e-05
   5.0000e-01   -2.6000e+00    1.5000e+00    2.2294e+00   -2.0074e+00   -5.8581e-04   -1.1844e-03    5.2168e-05    4.0784e-05
   5.0000e-01   -2.6000e+00    1.5000e+00    2.3314e+00   -1.8880e+00   -7.6520e-04   -1.0749e-03   -4.7554e-05    2.0165e-04
   5.0000e-01   -2.6000e+00    1.5000e+00    2.4271e+00   -1.7634e+00   -8.6831e-04   -9.9206e-04   -1.3556e-04    2.6895e-04
   5.0000e-01   -2.6000e+00    1.5000e+00    2.5160e+00   -1.6339e+00   -9.2580e-04   -9.3803e-04   -9.0416e-05    3.3975e-04
   5.0000e-01   -2.6000e+00    1.5000e+00    2.5981e+00   -1.5000e+00   -9.5032e-04   -9.1263e-04   -8.7545e-05    3.0399e-04
   5.0000e-01   -2.6000e+00    1.5000e+00    2.6730e+00   -1.3620e+00   -9.3393e-04   -9.2945e-04   -1.2621e-04    1.4595e-04
   5.0000e-01   -2.6000e+00    1.5000e+00    2.7406e+00   -1.2202e+00   -8.6842e-04   -9.9226e-04   -1.7703e-04    3.2553e-05
   5.0000e-01   -2.6000e+00    1.5000e+00    2.8007e+00   -1.0751e+00   -7.5739e-04   -1.0808e-03   -1.0162e-04   -2.8899e-04
   5.0000e-01   -2.6000e+00    1.5000e+00    2.8532e+00   -9.2705e-01   -5.8517e-04   -1.1844e-03   -1.1913e-04   -4.9794e-04
   5.0000e-01   -2.6000e+00    1.5000e+00    2.8978e+00   -7.7646e-01   -3.5589e-04   -1.2742e-03    1.5540e-05   -6.5404e-04
   5.0000e-01   -2.6000e+00    1.5000e+00    2.9344e+00   -6.2374e-01   -4.4490e-05   -1.3249e-03    2.9582e-04   -8.9891e-04
   5.0000e-01   -2.6000e+00    1.5000e+00    2.9631e+00   -4.6930e-01    3.2275e-04   -1.2887e-03    4.6708e-04   -9.6163e-04
   5.0000e-01   -2.6000e+00    1.5000e+00    2.9836e+00   -3.1359e-01    7.2163e-04   -1.1196e-03    7.2667e-04   -1.0034e-03
   5.0000e-01   -2.6000e+00    1.5000e+00    2.9959e+00   -1.5701e-01    1.0729e-03   -7.9643e-04    9.3539e-04   -8.3765e-04
   5.0000e-01   -3.0000e+00    0.0000e+00    3.0000e+00    0.0000e+00   -9.4103e-04   -9.2224e-04   -9.7884e-04   -1.0994e-04
   5.0000e-01   -3.0000e+00    0.0000e+00    2.9959e+00    1.5701e-01   -9.1235e-04   -9.5109e-04   -1.0075e-03   -1.9767e-04
   5.0000e-01   -3.0000e+00    0.0000e+00    2.9836e+00    3.1359e-01   -8.4724e-04   -1.0101e-03   -9.4260e-04   -3.5056e-04
   5.0000e-01   -3.0000e+00    0.0000e+00    2.9631e+00    4.6930e-01   -7.4048e-04   -1.0921e-03   -8.3312e-04   -4.3604e-04
   5.0000e-01   -3.0000e+00    0.0000e+00    2.9344e+00    6.2374e-01   -5.6819e-04   -1.1928e-03   -6.7929e-04   -6.8209e-04
   5.0000e-01   -3.0000e+00    0.0000e+00    2.8978e+00    7.7646e-01   -3.3409e-04   -1.2802e-03   -4.5473e-04   -8.3190e-04
   5.0000e-01   -3.0000e+00    0.0000e+00    2.8532e+00    9.2705e-01   -1.8838e-05   -1.3255e-03   -1.8098e-04   -9.9772e-04
   5.0000e-01   -3.0000e+00    0.0000e+00    2.8007e+00    1.0751e+00    3.4670e-04   -1.2829e-03    1.2839e-04   -1.1590e-03
   5.0000e-01   -3.0000e+00    0.0000e+00    2.7406e+00    1.2202e+00    7.3465e-04   -1.1115e-03    5.3666e-04   -1.1499e-03
   5.0000e-01   -3.0000e+00    0.0000e+00    2.6730e+00    1.3620e+00    1.0822e-03   -7.8348e-04    8.5676e-04   -7.8605e-04
   5.0000e-01   -3.0000e+00    0.0000e+00    2.5981e+00    1.5000e+00    1.3083e-03   -2.9235e-04    1.0394e-03   -4.5912e-04
   5.0000e-01   -3.0000e+00    0.0000e+00    2.5160e+00    1.6339e+00    1.3098e-03    3.0879e-04    1.0536e-03    4.5658e-05
   5.0000e-01   -3.0000e+00    0.0000e+00    2.4271e+00    1.7634e+00    1.0197e-03    8.8620e-04    7.4963e-04    4.6770e-04
   5.0000e-01   -3.0000e+00    0.0000e+00    2.3314e+00    1.8880e+00    4.4494e-04    1.2819e-03    3.5485e-05    8.5529e-04
   5.0000e-01   -3.0000e+00    0.0000e+00    2.2294e+00    2.0074e+00   -3.2758e-04    1.3239e-03   -8.1459e-04    8.3300e-04
   5.0000e-01   -3.0000e+00    0.0000e+00    2.1213e+00    2.1213e+00   -1.0381e-03    8.9551e-04   -1.4850e-03    4.3022e-04
   5.0000e-01   -3.0000e+00    0.0000e+00    2.0074e+00    2.2294e+00   -1.3755e-03    9.2131e-05   -1.8076e-03   -3.9285e-04
   5.0000e-01   -3.0000e+00    0.0000e+00    1.8880e+00    2.3314e+00   -1.1343e-03   -7.9780e-04   -1.5961e-03   -1.2907e-03
   5.0000e-01   -3.0000e+00    0.0000e+00    1.7634e+00    2.4271e+00   -3.0993e-04   -1.3611e-03   -7.8427e-04   -1.8023e-03
   5.0000e-01   -3.0000e+00    0.0000e+00    1.6339e+00    2.5160e+00    7.3251e-04   -1.1998e-03    2.9895e-04   -1.6607e-03
   5.0000e-01   -3.0000e+00    0.0000e+00    1.5000e+00    2.5981e+00    1.3812e-03   -3.1295e-04    9.4779e-04   -7.0004e-04
   5.0000e-01   -3.0000e+00    0.0000e+00    1.3620e+00    2.6730e+00    1.1671e-03    8.2095e-04    7.6201e-04    5.3294e-04
   5.0000e-01   -3.0000e+00    0.0000e+00    1.2202e+00    2.7406e+00    1.0504e-04    1.4354e-03   -2.6942e-04    1.1180e-03
   5.0000e-01   -3.0000e+00    0.0000e+00    1.0751e+00    2.8007e+00   -1.0814e-03    9.6874e-04   -1.4208e-03    7.1468e-04
   5.0000e-01   -3.0000e+00    0.0000e+00    9.2705e-01    2.8532e+00   -1.4285e-03   -3.2559e-04   -1.6389e-03   -5.1774e-04
   5.0000e-01   -3.0000e+00    0.0000e+00    7.7646e-01    2.8978e+00   -5.3535e-04   -1.3791e-03   -7.1513e-04   -1.4934e-03
   5.0000e-01   -3.0000e+00    0.0000e+00    6.2374e-01    2.9344e+00    9.0310e-04   -1.1913e-03    8.3605e-04   -1.2745e-03
   5.0000e-01   -3.0000e+00    0.0000e+00    4.6930e-01    2.9631e+00    1.4979e-03    2.0055e-04    1.5951e-03    1.9012e-04
   5.0000e-01   -3.0000e+00    0.0000e+00    3.1359e-01    2.9836e+00    5.1821e-04    1.4382e-03    6.3120e-04    1.3896e-03
   5.0000e-01   -3.0000e+00    0.0000e+00    1.5701e-01    2.9959e+00   -1.0734e-03    1.1146e-03   -8.4816e-04    1.1154e-03
   5.0000e-01   -3.0000e+00    0.0000e+00    0.0000e+00    3.0000e+00   -1.4775e-03   -5.2313e-04   -1.2310e-03   -6.1304e-04
   5.0000e-01   -3.0000e+00    0.0000e+00   -1.5701e-01    2.9959e+00   -8.1925e-05   -1.5863e-03    2.8154e-04   -1.6164e-03
   5.0000e-01   -3.0000e+00    0.0000e+00   -3.1359e-01    2.9836e+00    1.4736e-03   -6.5058e-04    1.8882e-03   -6.7033e-04
   5.0000e-01   -3.0000e+00    0.0000e+00   -4.6930e-01    2.9631e+00    1.1151e-03    1.1960e-03    1.5295e-03    1.1269e-03
   5.0000e-01   -3.0000e+00    0.0000e+00   -6.2374e-01    2.9344e+00   -8.2346e-04    1.4429e-03   -3.0268e-04    1.3774e-03
   5.0000e-01   -3.0000e+00    0.0000e+00   -7.7646e-01    2.8978e+00   -1.6427e-03   -3.9189e-04   -1.1667e-03   -4.7563e-04
   5.0000e-01   -3.0000e+00    0.0000e+00   -9.2705e-01    2.8532e+00   -3.3507e-05   -1.7183e-03    5.0296e-04   -1.8215e-03
   5.0000e-01   -3.0000e+00    0.0000e+00   -1.0751e+00    2.8007e+00    1.6999e-03   -4.2065e-04    2.2913e-03   -4.8875e-04
   5.0000e-01   -3.0000e+00    0.0000e+00   -1.2202e+00    2.7406e+00    7.7302e-04    1.6098e-03    1.2341e-03    1.5040e-03
   5.0000e-01   -3.0000e+00    0.0000e+00   -1.3620e+00    2.6730e+00   -1.4785e-03    1.0662e-03   -9.1707e-04    1.0604e-03
   5.0000e-01   -3.0000e+00    0.0000e+00   -1.5000e+00    2.5981e+00   -1.3169e-03   -1.3184e-03   -8.5711e-04   -1.4630e-03
   5.0000e-01   -3.0000e+00    0.0000e+00   -1.6339e+00    2.5160e+00    1.1592e-03   -1.5151e-03    1.5550e-03   -1.6513e-03
   5.0000e-01   -3.0000e+00    0.0000e+00   -1.7634e+00    2.4271e+00    1.6789e-03    1.0026e-03    2.1073e-03    8.4080e-04
   5.0000e-01   -3.0000e+00    0.0000e+00   -1.8880e+00    2.3314e+00   -8.5223e-04    1.8180e-03   -5.2616e-04    1.6612e-03
   5.0000e-01   -3.0000e+00    0.0000e+00   -2.0074e+00    2.2294e+00   -1.9317e-03   -7.3287e-04   -1.5370e-03   -8.7348e-04
   5.0000e-01   -3.0000e+00    0.0000e+00   -2.1213e+00    2.1213e+00    6.4626e-04   -2.0296e-03    9.3875e-04   -2.2288e-03
   5.0000e-01   -3.0000e+00    0.0000e+00   -2.2294e+00    2.0074e+00    2.1236e-03    5.7803e-04    2.3861e-03    3.7073e-04
   5.0000e-01   -3.0000e+00    0.0000e+00   -2.3314e+00    1.8880e+00   -5.2629e-04    2.2184e-03   -4.4719e-04    1.9501e-03
   5.0000e-01   -3.0000e+00    0.0000e+00   -2.4271e+00    1.7634e+00   -2.3119e-03   -5.2017e-04   -2.1330e-03   -6.6542e-04
   5.0000e-01   -3.0000e+00    0.0000e+00   -2.5160e+00    1.6339e+00    5.5481e-04   -2.4090e-03    6.2621e-04   -2.6261e-03
   5.0000e-01   -3.0000e+00    0.0000e+00   -2.5981e+00    1.5000e+00    2.5167e-03    6.1142e-04    2.5299e-03    3.8870e-04
   5.0000e-01   -3.0000e+00    0.0000e+00   -2.5981e+00   -1.5000e+00    2.5167e-03    6.1142e-04    2.5317e-03    5.0485e-04
   5.0000e-01   -3.0000e+00    0.0000e+00   -2.5160e+00   -1.6339e+00    5.5481e-04   -2.4090e-03    6.0705e-04   -2.6259e-03
   5.0000e-01   -3.0000e+00    0.0000e+00   -2.4271e+00   -1.7634e+00   -2.3119e-03   -5.2017e-04   -2.2369e-03   -7.0848e-04
   5.0000e-01   -3.0000e+00    0.0000e+00   -2.3314e+00   -1.8880e+00   -5.2629e-04    2.2184e-03   -3.8672e-04    2.0408e-03
   5.0000e-01   -3.0000e+00    0.0000e+00   -2.2294e+00   -2.0074e+00    2.1236e-03    5.7803e-04    2.3399e-03    4.4051e-04
   5.0000e-01   -3.0000e+00    0.0000e+00   -2.1213e+00   -2.1213e+00    6.4626e-04   -2.0296e-03    9.4752e-04   -2.2086e-03
   5.0000e-01   -3.0000e+00    0.0000e+00   -2.0074e+00   -2.2294e+00   -1.9317e-03   -7.3287e-04   -1.6609e-03   -9.2459e-04
   5.0000e-01   -3.0000e+00    0.0000e+00   -1.8880e+00   -2.3314e+00   -8.5223e-04    1.8180e-03   -4.7301e-04    1.6444e-03
   5.0000e-01   -3.0000e+00    0.0000e+00   -1.7634e+00   -2.4271e+00    1.6789e-03    1.0026e-03    2.1026e-03    8.3464e-04
   5.0000e-01   -3.0000e+00    0.0000e+00   -1.6339e+00   -2.5160e+00    1.1592e-03   -1.5151e-03    1.5622e-03   -1.7648e-03
   5.0000e-01   -3.0000e+00    0.0000e+00   -1.5000e+00   -2.5981e+00   -1.3169e-03   -1.3184e-03   -8.8182e-04   -1.4251e-03
   5.0000e-01   -3.0000e+00    0.0000e+00   -1.3620e+00   -2.6730e+00   -1.4785e-03    1.0662e-03   -9.4650e-04    9.7788e-04
   5.0000e-01   -3.0000e+00    0.0000e+00   -1.2202e+00   -2.7406e+00    7.7302e-04    1.6098e-03    1.3038e-03    1.5039e-03
   5.0000e-01   -3.0000e+00    0.0000e+00   -1.0751e+00   -2.8007e+00    1.6999e-03   -4.2065e-04    2.2255e-03   -5.8528e-04
   5.0000e-01   -3.0000e+00    0.0000e+00   -9.2705e-01   -2.8532e+00   -3.3507e-05   -1.7183e-03    4.9455e-04   -1.8268e-03
   5.0000e-01   -3.0000e+00    0.0000e+00   -7.7646e-01   -2.8978e+00   -1.6427e-03   -3.9189e-04   -1.1601e-03   -5.0292e-04
   5.0000e-01   -3.0000e+00    0.0000e+00   -6.2374e-01   -2.9344e+00   -8.2346e-04    1.4429e-03   -3.4628e-04    1.4186e-03
   5.0000e-01   -3.0000e+00    0.0000e+00   -4.6930e-01   -2.9631e+00    1.1151e-03    1.1960e-03    1.5868e-03    1.1092e-03
   5.0000e-01   -3.0000e+00    0.0000e+00   -3.1359e-01   -2.9836e+00    1.4736e-03   -6.5058e-04    1.8741e-03   -6.9397e-04
   5.0000e-01   -3.0000e+00    0.0000e+00   -1.5701e-01   -2.9959e+00   -8.1925e-05   -1.5863e-03    1.7147e-04   -1.5890e-03
   5.0000e-01   -3.0000e+00    0.0000e+00    0.0000e+00   -3.0000e+00   -1.4775e-03   -5.2313e-04   -1.2421e-03   -5.4391e-04
   5.0000e-01   -3.0000e+00    0.0000e+00    1.5701e-01   -2.9959e+00   -1.0734e-03    1.1146e-03   -9.2111e-04    1.0963e-03
   5.0000e-01   -3.0000e+00    0.0000e+00    3.1359e-01   -2.9836e+00    5.1821e-04    1.4382e-03    6.6580e-04    1.3866e-03
   5.0000e-01   -3.0000e+00    0.0000e+00    4.6930e-01   -2.9631e+00    1.4979e-03    2.0055e-04    1.5319e-03    9.3054e-05
   5.0000e-01   -3.0000e+00    0.0000e+00    6.2374e-01   -2.9344e+00    9.0310e-04   -1.1913e-03    8.1778e-04   -1.3441e-03
   5.0000e-01   -3.0000e+00    0.0000e+00    7.7646e-01   -2.8978e+00   -5.3535e-04   -1.3791e-03   -6.5192e-04   -1.4776e-03
   5.0000e-01   -3.0000e+00    0.0000e+00    9.2705e-01   -2.8532e+00   -1.4285e-03   -3.2559e-04   -1.6806e-03   -5.0994e-04
   5.0000e-01   -3.0000e+00    0.0000e+00    1.0751e+00   -2.8007e+00   -1.0814e-03    9.6874e-04   -1.4114e-03    6.8650e-04
   5.0000e-01   -3.0000e+00    0.0000e+00    1.2202e+00   -2.7406e+00    1.0504e-04    1.4354e-03   -2.7953e-04    1.1075e-03
   5.0000e-01   -3.0000e+00    0.0000e+00    1.3620e+00   -2.6730e+00    1.1671e-03    8.2095e-04    6.7753e-04    5.0006e-04
   5.0000e-01   -3.0000e+00    0.0000e+00    1.5000e+00   -2.5981e+00    1.3812e-03   -3.1295e-04    8.9244e-04   -6.9876e-04
   5.0000e-01   -3.0000e+00    0.0000e+00    1.6339e+00   -2.5160e+00    7.3251e-04   -1.1998e-03    1.5843e-04   -1.6298e-03
   5.0000e-01   -3.0000e+00    0.0000e+00    1.7634e+00   -2.4271e+00   -3.0993e-04   -1.3611e-03   -8.2196e-04   -1.8553e-03
   5.0000e-01   -3.0000e+00    0.0000e+00    1.8880e+00   -2.3314e+00   -1.1343e-03   -7.9780e-04   -1.5895e-03   -1.2978e-03
   5.0000e-01   -3.0000e+00    0.0000e+00    2.0074e+00   -2.2294e+00   -1.3755e-03    9.2131e-05   -1.8370e-03   -4.2014e-04
   5.0000e-01   -3.0000e+00    0.0000e+00    2.1213e+00   -2.1213e+00   -1.0381e-03    8.9551e-04   -1.4692e-03    3.5021e-04
   5.0000e-01   -3.0000e+00    0.0000e+00    2.2294e+00   -2.0074e+00   -3.2758e-04    1.3239e-03   -7.5320e-04    8.2432e-04
   5.0000e-01   -3.0000e+00    0.0000e+00    2.3314e+00   -1.8880e+00    4.4494e-04    1.2819e-03    7.5699e-05    8.1471e-04
   5.0000e-01   -3.0000e+00    0.0000e+00    2.4271e+00   -1.7634e+00    1.0197e-03    8.8620e-04    6.9128e-04    5.2129e-04
   5.0000e-01   -3.0000e+00    0.0000e+00    2.5160e+00   -1.6339e+00    1.3098e-03    3.0879e-04    9.6899e-04    3.3494e-05
   5.0000e-01   -3.0000e+00    0.0000e+00    2.5981e+00   -1.5000e+00    1.3083e-03   -2.9235e-04    1.0099e-03   -5.1632e-04
   5.0000e-01   -3.0000e+00    0.0000e+00    2.6730e+00   -1.3620e+00    1.0822e-03   -7.8348e-04    8.0331e-04   -9.0637e-04
   5.0000e-01   -3.0000e+00    0.0000e+00    2.7406e+00   -1.2202e+00    7.3465e-04   -1.1115e-03    5.3119e-04   -1.0731e-03
   5.0000e-01   -3.0000e+00    0.0000e+00    2.8007e+00   -1.0751e+00    3.4670e-04   -1.2829e-03    1.4840e-04   -1.0705e-03
   5.0000e-01   -3.0000e+00    0.0000e+00    2.8532e+00   -9.2705e-01   -1.8838e-05   -1.3255e-03   -1.4695e-04   -1.0077e-03
   5.0000e-01   -3.0000e+00    0.0000e+00    2.8978e+00   -7.7646e-01   -3.3409e-04   -1.2802e-03   -5.4679e-04   -8.2033e-04
   5.0000e-01   -3.0000e+00    0.0000e+00    2.9344e+00   -6.2374e-01   -5.6819e-04   -1.1928e-03   -7.6658e-04   -6.7197e-04
   5.0000e-01   -3.0000e+00    0.0000e+00    2.9631e+00   -4.6930e-01   -7.4048e-04   -1.0921e-03   -8.5692e-04   -3.8210e-04
   5.0000e-01   -3.0000e+00    0.0000e+00    2.9836e+00   -3.1359e-01   -8.4724e-04   -1.0101e-03   -1.0476e-03   -3.4553e-04
   5.0000e-01   -3.0000e+00    0.0000e+00    2.9959e+00   -1.5701e-01   -9.1235e-04   -9.5109e-04   -1.0382e-03   -1.5615e-04
   5.0000e-01   -2.6000e+00   -1.5000e+00    3.0000e+00    0.0000e+00    1.3015e-03   -3.2094e-04    9.5140e-04   -5.4463e-04
   5.0000e-01   -2.6000e+00   -1.5000e+00    2.9959e+00    1.5701e-01    1.0729e-03   -7.9643e-04    9.6756e-04   -8.1821e-04
   5.0000e-01   -2.6000e+00   -1.5000e+00    2.9836e+00    3.1359e-01    7.2163e-04   -1.1196e-03    6.8621e-04   -9.8598e-04
   5.0000e-01   -2.6000e+00   -1.5000e+00    2.9631e+00    4.6930e-01    3.2275e-04   -1.2887e-03    4.5729e-04   -1.0707e-03
   5.0000e-01   -2.6000e+00   -1.5000e+00    2.9344e+00    6.2374e-01   -4.4490e-05   -1.3249e-03    1.9934e-04   -9.3558e-04
   5.0000e-01   -2.6000e+00   -1.5000e+00    2.8978e+00    7.7646e-01   -3.5589e-04   -1.2742e-03    7.1639e-06   -6.8692e-04
   5.0000e-01   -2.6000e+00   -1.5000e+00    2.8532e+00    9.2705e-01   -5.8517e-04   -1.1844e-03   -2.7275e-05   -5.1564e-04
   5.0000e-01   -2.6000e+00   -1.5000e+00    2.8007e+00    1.0751e+00   -7.5739e-04   -1.0808e-03   -1.0898e-04   -2.5560e-04
   5.0000e-01   -2.6000e+00   -1.5000e+00    2.7406e+00    1.2202e+00   -8.6842e-04   -9.9226e-04   -1.6610e-04    1.0520e-05
   5.0000e-01   -2.6000e+00   -1.5000e+00    2.6730e+00    1.3620e+00   -9.3393e-04   -9.2945e-04   -1.2618e-04    1.6529e-04
   5.0000e-01   -2.6000e+00   -1.5000e+00    2.5981e+00    1.5000e+00   -9.5032e-04   -9.1263e-04   -1.4080e-04    3.3369e-04
   5.0000e-01   -2.6000e+00   -1.5000e+00    2.5160e+00    1.6339e+00   -9.2580e-04   -9.3803e-04   -6.0655e-05    3.5215e-04
   5.0000e-01   -2.6000e+00   -1.5000e+00    2.4271e+00    1.7634e+00   -8.6831e-04   -9.9206e-04   -4.5762e-05    3.0872e-04
   5.0000e-01   -2.6000e+00   -1.5000e+00    2.3314e+00    1.8880e+00   -7.6520e-04   -1.0749e-03    6.1804e-05    2.3745e-04
   5.0000e-01   -2.6000e+00   -1.5000e+00    2.2294e+00    2.0074e+00   -5.8581e-04   -1.1844e-03    8.0882e-05    9.2100e-05
   5.0000e-01   -2.6000e+00   -1.5000e+00    2.1213e+00    2.1213e+00   -3.3918e-04   -1.2793e-03    2.8225e-04   -1.0148e-04
   5.0000e-01   -2.6000e+00   -1.5000e+00    2.0074e+00    2.2294e+00   -3.7765e-05   -1.3252e-03    4.5884e-04   -1.0299e-04
   5.0000e-01   -2.6000e+00   -1.5000e+00    1.8880e+00    2.3314e+00    3.1783e-04   -1.2901e-03    6.9692e-04   -2.1092e-04
   5.0000e-01   -2.6000e+00   -1.5000e+00    1.7634e+00    2.4271e+00    7.1905e-04   -1.1216e-03    1.0336e-03   -1.3503e-04
   5.0000e-01   -2.6000e+00   -1.5000e+00    1.6339e+00    2.5160e+00    1.0785e-03   -7.8904e-04    1.2325e-03    1.6433e-06
   5.0000e-01   -2.6000e+00   -1.5000e+00    1.5000e+00    2.5981e+00    1.3052e-03   -3.0681e-04    1.3826e-03    3.4568e-04
   5.0000e-01   -2.6000e+00   -1.5000e+00    1.3620e+00    2.6730e+00    1.3155e-03    2.8246e-04    1.3463e-03    8.1528e-04
   5.0000e-01   -2.6000e+00   -1.5000e+00    1.2202e+00    2.7406e+00    1.0287e-03    8.7632e-04    9.3461e-04    1.2084e-03
   5.0000e-01   -2.6000e+00   -1.5000e+00    1.0751e+00    2.8007e+00    4.4779e-04    1.2814e-03    2.6167e-04    1.5928e-03
   5.0000e-01   -2.6000e+00   -1.5000e+00    9.2705e-01    2.8532e+00   -3.2064e-04    1.3256e-03   -5.9728e-04    1.3489e-03
   5.0000e-01   -2.6000e+00   -1.5000e+00    7.7646e-01    2.8978e+00   -1.0206e-03    9.1513e-04   -1.2987e-03    8.2650e-04
   5.0000e-01   -2.6000e+00   -1.5000e+00    6.2374e-01    2.9344e+00   -1.3743e-03    1.0938e-04   -1.7730e-03   -1.3036e-04
   5.0000e-01   -2.6000e+00   -1.5000e+00    4.6930e-01    2.9631e+00   -1.1355e-03   -7.9642e-04   -1.5383e-03   -1.0812e-03
   5.0000e-01   -2.6000e+00   -1.5000e+00    3.1359e-01    2.9836e+00   -3.1029e-04   -1.3610e-03   -6.8729e-04   -1.7892e-03
   5.0000e-01   -2.6000e+00   -1.5000e+00    1.5701e-01    2.9959e+00    7.2073e-04   -1.2068e-03    3.8956e-04   -1.6504e-03
   5.0000e-01   -2.6000e+00   -1.5000e+00    0.0000e+00    3.0000e+00    1.3774e-03   -3.2854e-04    1.1336e-03   -7.8123e-04
   5.0000e-01   -2.6000e+00   -1.5000e+00   -1.5701e-01    2.9959e+00    1.1688e-03    8.1876e-04    9.3808e-04    3.3626e-04
   5.0000e-01   -2.6000e+00   -1.5000e+00   -3.1359e-01    2.9836e+00    1.1750e-04    1.4338e-03   -6.5727e-05    9.8166e-04
   5.0000e-01   -2.6000e+00   -1.5000e+00   -4.6930e-01    2.9631e+00   -1.0709e-03    9.7946e-04   -1.1346e-03    4.9840e-04
   5.0000e-01   -2.6000e+00   -1.5000e+00   -6.2374e-01    2.9344e+00   -1.4321e-03   -3.0858e-04   -1.5108e-03   -7.1734e-04
   5.0000e-01   -2.6000e+00   -1.5000e+00   -7.7646e-01    2.8978e+00   -5.4772e-04   -1.3739e-03   -5.1918e-04   -1.7817e-03
   5.0000e-01   -2.6000e+00   -1.5000e+00   -9.2705e-01    2.8532e+00    8.9316e-04   -1.1982e-03    9.6936e-04   -1.5303e-03
   5.0000e-01   -2.6000e+00   -1.5000e+00   -1.0751e+00    2.8007e+00    1.4993e-03    1.8826e-04    1.6752e-03   -1.8872e-05
   5.0000e-01   -2.6000e+00   -1.5000e+00   -1.2202e+00    2.7406e+00    5.4229e-04    1.4291e-03    7.3886e-04    1.3683e-03
   5.0000e-01   -2.6000e+00   -1.5000e+00   -1.3620e+00    2.6730e+00   -1.0600e-03    1.1265e-03   -8.8898e-04    1.0975e-03
   5.0000e-01   -2.6000e+00   -1.5000e+00   -1.5000e+00    2.5981e+00   -1.4816e-03   -5.0914e-04   -1.3031e-03   -4.3602e-04
   5.0000e-01   -2.6000e+00   -1.5000e+00   -1.6339e+00    2.5160e+00   -9.1230e-05   -1.5855e-03    1.5617e-04   -1.4420e-03
   5.0000e-01   -2.6000e+00   -1.5000e+00   -1.7634e+00    2.4271e+00    1.4697e-03   -6.5840e-04    1.6990e-03   -4.2192e-04
   5.0000e-01   -2.6000e+00   -1.5000e+00   -1.8880e+00    2.3314e+00    1.1270e-03    1.1839e-03    1.3300e-03    1.4087e-03
   5.0000e-01   -2.6000e+00   -1.5000e+00   -2.0074e+00    2.2294e+00   -8.0761e-04    1.4513e-03   -6.2834e-04    1.8490e-03
   5.0000e-01   -2.6000e+00   -1.5000e+00   -2.1213e+00    2.1213e+00   -1.6422e-03   -3.9365e-04   -1.4989e-03   -3.6258e-05
   5.0000e-01   -2.6000e+00   -1.5000e+00   -2.2294e+00    2.0074e+00   -3.1695e-05   -1.7180e-03    9.9268e-05   -1.3222e-03
   5.0000e-01   -2.6000e+00   -1.5000e+00   -2.3314e+00    1.8880e+00    1.6948e-03   -4.3737e-04    1.7512e-03   -2.2235e-05
   5.0000e-01   -2.6000e+00   -1.5000e+00   -2.4271e+00    1.7634e+00    7.7948e-04    1.6058e-03    7.9757e-04    1.9208e-03
   5.0000e-01   -2.6000e+00   -1.5000e+00   -2.5160e+00    1.6339e+00   -1.4775e-03    1.0672e-03   -1.5882e-03    1.4348e-03
   5.0000e-01   -2.6000e+00   -1.5000e+00   -2.5981e+00    1.5000e+00   -1.3162e-03   -1.3193e-03   -1.4387e-03   -1.0268e-03
   5.0000e-01   -2.6000e+00   -1.5000e+00   -2.6730e+00    1.3620e+00    1.1473e-03   -1.5231e-03    1.0661e-03   -1.2897e-03
   5.0000e-01   -2.6000e+00   -1.5000e+00   -2.7406e+00    1.2202e+00    1.6790e-03    1.0031e-03    1.5340e-03    1.2113e-03
   5.0000e-01   -2.6000e+00   -1.5000e+00   -2.8007e+00    1.0751e+00   -8.5948e-04    1.8151e-03   -1.0314e-03    1.8554e-03
   5.0000e-01   -2.6000e+00   -1.5000e+00   -2.8532e+00    9.2705e-01   -1.9241e-03   -7.5239e-04   -2.1547e-03   -7.0017e-04
   5.0000e-01   -2.6000e+00   -1.5000e+00   -2.8978e+00    7.7646e-01    6.4339e-04   -2.0301e-03    5.8235e-04   -2.0583e-03
   5.0000e-01   -2.6000e+00   -1.5000e+00   -2.9344e+00    6.2374e-01    2.1253e-03    5.7127e-04    2.0017e-03    5.9171e-04
   5.0000e-01   -2.6000e+00   -1.5000e+00   -2.9631e+00    4.6930e-01   -5.4452e-04    2.2146e-03   -6.3553e-04    2.1259e-03
   5.0000e-01   -2.6000e+00   -1.5000e+00   -2.9836e+00    3.1359e-01   -2.3052e-03   -5.5173e-04   -2.3493e-03   -7.2915e-04
   5.0000e-01   -2.6000e+00   -1.5000e+00   -2.9959e+00    1.5701e-01    5.6829e-04   -2.4061e-03    5.1799e-04   -2.5927e-03
   5.0000e-01   -2.6000e+00   -1.5000e+00   -3.0000e+00    0.0000e+00    2.5114e-03    6.3483e-04    2.5318e-03    4.3290e-04
   5.0000e-01   -2.6000e+00   -1.5000e+00   -1.5000e+00   -2.5981e+00    2.5249e-03    5.7145e-04    2.3246e-03    8.9517e-04
   5.0000e-01   -2.6000e+00   -1.5000e+00   -1.3620e+00   -2.6730e+00    5.2353e-04   -2.4153e-03    4.2467e-04   -2.0902e-03
   5.0000e-01   -2.6000e+00   -1.5000e+00   -1.2202e+00   -2.7406e+00   -2.3185e-03   -4.8996e-04   -2.4445e-03   -3.2755e-04
   5.0000e-01   -2.6000e+00   -1.5000e+00   -1.0751e+00   -2.8007e+00   -5.0382e-04    2.2239e-03   -5.8448e-04    2.2703e-03
   5.0000e-01   -2.6000e+00   -1.5000e+00   -9.2705e-01   -2.8532e+00    2.1349e-03    5.3161e-04    2.0882e-03    5.9012e-04
   5.0000e-01   -2.6000e+00   -1.5000e+00   -7.7646e-01   -2.8978e+00    6.0739e-04   -2.0407e-03    6.7513e-04   -2.0823e-03
   5.0000e-01   -2.6000e+00   -1.5000e+00   -6.2374e-01   -2.9344e+00   -1.9382e-03   -7.1461e-04   -1.8290e-03   -9.4400e-04
   5.0000e-01   -2.6000e+00   -1.5000e+00   -4.6930e-01   -2.9631e+00   -8.2701e-04    1.8294e-03   -5.4943e-04    1.5770e-03
   5.0000e-01   -2.6000e+00   -1.5000e+00   -3.1359e-01   -2.9836e+00    1.6981e-03    9.6838e-04    1.9285e-03    7.8676e-04
   5.0000e-01   -2.6000e+00   -1.5000e+00   -1.5701e-01   -2.9959e+00    1.1314e-03   -1.5352e-03    1.4517e-03   -1.7965e-03
   5.0000e-01   -2.6000e+00   -1.5000e+00    0.0000e+00   -3.0000e+00   -1.3339e-03   -1.3009e-03   -9.3209e-04   -1.5829e-03
   5.0000e-01   -2.6000e+00   -1.5000e+00    1.5701e-01   -2.9959e+00   -1.4612e-03    1.0892e-03   -1.0536e-03    7.7141e-04
   5.0000e-01   -2.6000e+00   -1.5000e+00    3.1359e-01   -2.9836e+00    7.8773e-04    1.6019e-03    1.2293e-03    1.3183e-03
   5.0000e-01   -2.6000e+00   -1.5000e+00    4.6930e-01   -2.9631e+00    1.6911e-03   -4.5204e-04    2.0781e-03   -7.2894e-04
   5.0000e-01   -2.6000e+00   -1.5000e+00    6.2374e-01   -2.9344e+00   -6.6153e-05   -1.7170e-03    2.6312e-04   -1.9566e-03
   5.0000e-01   -2.6000e+00   -1.5000e+00    7.7646e-01   -2.8978e+00   -1.6494e-03   -3.5984e-04   -1.2885e-03   -5.7635e-04
   5.0000e-01   -2.6000e+00   -1.5000e+00    9.2705e-01   -2.8532e+00   -7.9794e-04    1.4563e-03   -5.0980e-04    1.2557e-03
   5.0000e-01   -2.6000e+00   -1.5000e+00    1.0751e+00   -2.8007e+00    1.1381e-03    1.1738e-03    1.4111e-03    9.5490e-04
   5.0000e-01   -2.6000e+00   -1.5000e+00    1.2202e+00   -2.7406e+00    1.4607e-03   -6.7889e-04    1.5514e-03   -7.7288e-04
   5.0000e-01   -2.6000e+00   -1.5000e+00    1.3620e+00   -2.6730e+00   -1.2656e-04   -1.5824e-03   -1.3037e-04   -1.6575e-03
   5.0000e-01   -2.6000e+00   -1.5000e+00    1.5000e+00   -2.5981e+00   -1.4881e-03   -4.9040e-04   -1.4897e-03   -6.1613e-04
   5.0000e-01   -2.6000e+00   -1.5000e+00    1.6339e+00   -2.5160e+00   -1.0478e-03    1.1377e-03   -1.1198e-03    9.5807e-04
   5.0000e-01   -2.6000e+00   -1.5000e+00    1.7634e+00   -2.4271e+00    5.6453e-04    1.4198e-03    4.1284e-04    1.3216e-03
   5.0000e-01   -2.6000e+00   -1.5000e+00    1.8880e+00   -2.3314e+00    1.5025e-03    1.5483e-04    1.2899e-03   -7.9247e-05
   5.0000e-01   -2.6000e+00   -1.5000e+00    2.0074e+00   -2.2294e+00    8.8005e-04   -1.2074e-03    5.8534e-04   -1.5034e-03
   5.0000e-01   -2.6000e+00   -1.5000e+00    2.1213e+00   -2.1213e+00   -5.5625e-04   -1.3704e-03   -9.8703e-04   -1.6687e-03
   5.0000e-01   -2.6000e+00   -1.5000e+00    2.2294e+00   -2.0074e+00   -1.4371e-03   -2.8278e-04   -1.8915e-03   -6.9295e-04
   5.0000e-01   -2.6000e+00   -1.5000e+00    2.3314e+00   -1.8880e+00   -1.0509e-03    1.0002e-03   -1.5879e-03    5.7336e-04
   5.0000e-01   -2.6000e+00   -1.5000e+00    2.4271e+00   -1.7634e+00    1.3889e-04    1.4315e-03   -5.6257e-04    9.9510e-04
   5.0000e-01   -2.6000e+00   -1.5000e+00    2.5160e+00   -1.6339e+00    1.1783e-03    8.0437e-04    4.7040e-04    1.9297e-04
   5.0000e-01   -2.6000e+00   -1.5000e+00    2.5981e+00   -1.5000e+00    1.3726e-03   -3.4526e-04    6.6354e-04   -9.9104e-04
   5.0000e-01   -2.6000e+00   -1.5000e+00    2.6730e+00   -1.3620e+00    6.9868e-04   -1.2190e-03   -8.9630e-05   -1.8810e-03
   5.0000e-01   -2.6000e+00   -1.5000e+00    2.7406e+00   -1.2202e+00   -3.3739e-04   -1.3542e-03   -1.1578e-03   -1.9627e-03
   5.0000e-01   -2.6000e+00   -1.5000e+00    2.8007e+00   -1.0751e+00   -1.1440e-03   -7.8363e-04   -1.9106e-03   -1.5038e-03
   5.0000e-01   -2.6000e+00   -1.5000e+00    2.8532e+00   -9.2705e-01   -1.3726e-03    1.2285e-04   -2.1548e-03   -5.3194e-04
   5.0000e-01   -2.6000e+00   -1.5000e+00    2.8978e+00   -7.7646e-01   -1.0105e-03    9.2567e-04   -1.7010e-03    3.1619e-04
   5.0000e-01   -2.6000e+00   -1.5000e+00    2.9344e+00   -6.2374e-01   -3.0380e-04    1.3292e-03   -1.0359e-03    6.9630e-04
   5.0000e-01   -2.6000e+00   -1.5000e+00    2.9631e+00   -4.6930e-01    4.6082e-04    1.2760e-03   -1.2526e-04    7.9002e-04
   5.0000e-01   -2.6000e+00   -1.5000e+00    2.9836e+00   -3.1359e-01    1.0333e-03    8.7002e-04    4.9407e-04    4.1650e-04
   5.0000e-01   -2.6000e+00   -1.5000e+00    2.9959e+00   -1.5701e-01    1.3156e-03    2.8222e-04    9.2675e-04   -2.7182e-05
   5.0000e-01   -1.5000e+00   -2.6000e+00    3.0000e+00    0.0000e+00    1.3774e-03   -3.2854e-04    8.1810e-04   -7.1300e-04
   5.0000e-01   -1.5000e+00   -2.6000e+00    2.9959e+00    1.5701e-01    7.2073e-04   -1.2068e-03    2.6998e-04   -1.5876e-03
   5.0000e-01   -1.5000e+00   -2.6000e+00    2.9836e+00    3.1359e-01   -3.1029e-04   -1.3610e-03   -7.6798e-04   -1.6631e-03
   5.0000e-01   -1.5000e+00   -2.6000e+00    2.9631e+00    4.6930e-01   -1.1355e-03   -7.9642e-04   -1.6087e-03   -9.9376e-04
   5.0000e-01   -1.5000e+00   -2.6000e+00    2.9344e+00    6.2374e-01   -1.3743e-03    1.0938e-04   -1.8877e-03    5.3457e-05
   5.0000e-01   -1.5000e+00   -2.6000e+00    2.8978e+00    7.7646e-01   -1.0206e-03    9.1513e-04   -1.4255e-03    1.0224e-03
   5.0000e-01   -1.5000e+00   -2.6000e+00    2.8532e+00    9.2705e-01   -3.2064e-04    1.3256e-03   -6.2169e-04    1.4323e-03
   5.0000e-01   -1.5000e+00   -2.6000e+00    2.8007e+00    1.0751e+00    4.4779e-04    1.2814e-03    2.1328e-04    1.6149e-03
   5.0000e-01   -1.5000e+00   -2.6000e+00    2.7406e+00    1.2202e+00    1.0287e-03    8.7632e-04    9.1295e-04    1.3730e-03
   5.0000e-01   -1.5000e+00   -2.6000e+00    2.6730e+00    1.3620e+00    1.3155e-03    2.8246e-04    1.3535e-03    8.0954e-04
   5.0000e-01   -1.5000e+00   -2.6000e+00    2.5981e+00    1.5000e+00    1.3052e-03   -3.0681e-04    1.3955e-03    4.6155e-04
   5.0000e-01   -1.5000e+00   -2.6000e+00    2.5160e+00    1.6339e+00    1.0785e-03   -7.8904e-04    1.3149e-03    -2.3939e-05
   5.0000e-01   -1.5000e+00   -2.6000e+00    2.4271e+00    1.7634e+00    7.1905e-04   -1.1216e-03    9.6521e-04   -2.9117e-04
   5.0000e-01   -1.5000e+00   -2.6000e+00    2.3314e+00    1.8880e+00    3.1783e-04   -1.2901e-03    7.6049e-04   -3.2379e-04
   5.0000e-01   -1.5000e+00   -2.6000e+00    2.2294e+00    2.0074e+00   -3.7765e-05   -1.3252e-03    4.5892e-04   -3.0899e-04
   5.0000e-01   -1.5000e+00   -2.6000e+00    2.1213e+00    2.1213e+00   -3.3918e-04   -1.2793e-03    2.0519e-04   -1.7085e-04
   5.0000e-01   -1.5000e+00   -2.6000e+00    2.0074e+00    2.2294e+00   -5.8581e-04   -1.1844e-03    5.9885e-05   -6.7487e-05
   5.0000e-01   -1.5000e+00   -2.6000e+00    1.8880e+00    2.3314e+00   -7.6520e-04   -1.0749e-03   -1.2886e-04    8.3106e-05
   5.0000e-01   -1.5000e+00   -2.6000e+00    1.7634e+00    2.4271e+00   -8.6831e-04   -9.9206e-04   -1.1033e-04    1.1522e-04
   5.0000e-01   -1.5000e+00   -2.6000e+00    1.6339e+00    2.5160e+00   -9.2580e-04   -9.3803e-04   -2.9680e-04    1.1463e-04
   5.0000e-01   -1.5000e+00   -2.6000e+00    1.5000e+00    2.5981e+00   -9.5032e-04   -9.1263e-04   -3.1385e-04    4.6259e-05
   5.0000e-01   -1.5000e+00   -2.6000e+00    1.3620e+00    2.6730e+00   -9.3393e-04   -9.2945e-04   -2.3770e-04   -3.8722e-05
   5.0000e-01   -1.5000e+00   -2.6000e+00    1.2202e+00    2.7406e+00   -8.6842e-04   -9.9226e-04   -2.5443e-04   -1.7513e-04
   5.0000e-01   -1.5000e+00   -2.6000e+00    1.0751e+00    2.8007e+00   -7.5739e-04   -1.0808e-03   -2.4413e-04   -4.8299e-04
   5.0000e-01   -1.5000e+00   -2.6000e+00    9.2705e-01    2.8532e+00   -5.8517e-04   -1.1844e-03   -1.9332e-04   -6.8041e-04
   5.0000e-01   -1.5000e+00   -2.6000e+00    7.7646e-01    2.8978e+00   -3.5589e-04   -1.2742e-03   -1.4283e-05   -9.4212e-04
   5.0000e-01   -1.5000e+00   -2.6000e+00    6.2374e-01    2.9344e+00   -4.4490e-05   -1.3249e-03    1.8140e-04   -1.0796e-03
   5.0000e-01   -1.5000e+00   -2.6000e+00    4.6930e-01    2.9631e+00    3.2275e-04   -1.2887e-03    3.8068e-04   -1.2020e-03
   5.0000e-01   -1.5000e+00   -2.6000e+00    3.1359e-01    2.9836e+00    7.2163e-04   -1.1196e-03    6.5844e-04   -1.1008e-03
   5.0000e-01   -1.5000e+00   -2.6000e+00    1.5701e-01    2.9959e+00    1.0729e-03   -7.9643e-04    9.0232e-04   -8.6370e-04
   5.0000e-01   -1.5000e+00   -2.6000e+00    0.0000e+00    3.0000e+00    1.3015e-03   -3.2094e-04    9.6129e-04   -5.6027e-04
   5.0000e-01   -1.5000e+00   -2.6000e+00   -1.5701e-01    2.9959e+00    1.3156e-03    2.8222e-04    8.9368e-04    6.6478e-05
   5.0000e-01   -1.5000e+00   -2.6000e+00   -3.1359e-01    2.9836e+00    1.0333e-03    8.7002e-04    5.5084e-04    5.5701e-04
   5.0000e-01   -1.5000e+00   -2.6000e+00   -4.6930e-01    2.9631e+00    4.6082e-04    1.2760e-03   -7.9376e-05    9.5268e-04
   5.0000e-01   -1.5000e+00   -2.6000e+00   -6.2374e-01    2.9344e+00   -3.0380e-04    1.3292e-03   -9.5722e-04    9.0731e-04
   5.0000e-01   -1.5000e+00   -2.6000e+00   -7.7646e-01    2.8978e+00   -1.0105e-03    9.2567e-04   -1.7128e-03    5.0131e-04
   5.0000e-01   -1.5000e+00   -2.6000e+00   -9.2705e-01    2.8532e+00   -1.3726e-03    1.2285e-04   -2.0999e-03   -2.6200e-04
   5.0000e-01   -1.5000e+00   -2.6000e+00   -1.0751e+00    2.8007e+00   -1.1440e-03   -7.8363e-04   -1.8798e-03   -1.1022e-03
   5.0000e-01   -1.5000e+00   -2.6000e+00   -1.2202e+00    2.7406e+00   -3.3739e-04   -1.3542e-03   -1.1020e-03   -1.6162e-03
   5.0000e-01   -1.5000e+00   -2.6000e+00   -1.3620e+00    2.6730e+00    6.9868e-04   -1.2190e-03    6.9470e-05   -1.5248e-03
   5.0000e-01   -1.5000e+00   -2.6000e+00   -1.5000e+00    2.5981e+00    1.3726e-03   -3.4526e-04    7.5923e-04   -5.6738e-04
   5.0000e-01   -1.5000e+00   -2.6000e+00   -1.6339e+00    2.5160e+00    1.1783e-03    8.0437e-04    4.6839e-04    6.3399e-04
   5.0000e-01   -1.5000e+00   -2.6000e+00   -1.7634e+00    2.4271e+00    1.3889e-04    1.4315e-03   -4.2813e-04    1.3629e-03
   5.0000e-01   -1.5000e+00   -2.6000e+00   -1.8880e+00    2.3314e+00   -1.0509e-03    1.0002e-03   -1.5922e-03    9.5374e-04
   5.0000e-01   -1.5000e+00   -2.6000e+00   -2.0074e+00    2.2294e+00   -1.4371e-03   -2.8278e-04   -1.8936e-03   -2.4684e-04
   5.0000e-01   -1.5000e+00   -2.6000e+00   -2.1213e+00    2.1213e+00   -5.5625e-04   -1.3704e-03   -8.3507e-04   -1.3357e-03
   5.0000e-01   -1.5000e+00   -2.6000e+00   -2.2294e+00    2.0074e+00    8.8005e-04   -1.2074e-03    6.3600e-04   -1.1526e-03
   5.0000e-01   -1.5000e+00   -2.6000e+00   -2.3314e+00    1.8880e+00    1.5025e-03    1.5483e-04    1.3096e-03    2.3444e-04
   5.0000e-01   -1.5000e+00   -2.6000e+00   -2.4271e+00    1.7634e+00    5.6453e-04    1.4198e-03    5.8851e-04    1.4869e-03
   5.0000e-01   -1.5000e+00   -2.6000e+00   -2.5160e+00    1.6339e+00   -1.0478e-03    1.1377e-03   -9.4546e-04    1.2520e-03
   5.0000e-01   -1.5000e+00   -2.6000e+00   -2.5981e+00    1.5000e+00   -1.4881e-03   -4.9040e-04   -1.2473e-03   -4.2438e-04
   5.0000e-01   -1.5000e+00   -2.6000e+00   -2.6730e+00    1.3620e+00   -1.2656e-04   -1.5824e-03    2.1914e-04   -1.5537e-03
   5.0000e-01   -1.5000e+00   -2.6000e+00   -2.7406e+00    1.2202e+00    1.4607e-03   -6.7889e-04    1.9235e-03   -7.3885e-04
   5.0000e-01   -1.5000e+00   -2.6000e+00   -2.8007e+00    1.0751e+00    1.1381e-03    1.1738e-03    1.6203e-03    1.0446e-03
   5.0000e-01   -1.5000e+00   -2.6000e+00   -2.8532e+00    9.2705e-01   -7.9794e-04    1.4563e-03   -2.7642e-04    1.4574e-03
   5.0000e-01   -1.5000e+00   -2.6000e+00   -2.8978e+00    7.7646e-01   -1.6494e-03   -3.5984e-04   -1.1263e-03   -5.1258e-04
   5.0000e-01   -1.5000e+00   -2.6000e+00   -2.9344e+00    6.2374e-01   -6.6153e-05   -1.7170e-03    5.2014e-04   -1.8186e-03
   5.0000e-01   -1.5000e+00   -2.6000e+00   -2.9631e+00    4.6930e-01    1.6911e-03   -4.5204e-04    2.3033e-03   -6.2684e-04
   5.0000e-01   -1.5000e+00   -2.6000e+00   -2.9836e+00    3.1359e-01    7.8773e-04    1.6019e-03    1.4188e-03    1.4389e-03
   5.0000e-01   -1.5000e+00   -2.6000e+00   -2.9959e+00    1.5701e-01   -1.4612e-03    1.0892e-03   -8.8944e-04    9.8819e-04
   5.0000e-01   -1.5000e+00   -2.6000e+00   -3.0000e+00    0.0000e+00   -1.3339e-03   -1.3009e-03   -8.9724e-04   -1.5138e-03
   5.0000e-01   -1.5000e+00   -2.6000e+00   -2.9959e+00   -1.5701e-01    1.1314e-03   -1.5352e-03    1.5641e-03   -1.6581e-03
   5.0000e-01   -1.5000e+00   -2.6000e+00   -2.9836e+00   -3.1359e-01    1.6981e-03    9.6838e-04    2.0395e-03    8.8065e-04
   5.0000e-01   -1.5000e+00   -2.6000e+00   -2.9631e+00   -4.6930e-01   -8.2701e-04    1.8294e-03   -5.6920e-04    1.8298e-03
   5.0000e-01   -1.5000e+00   -2.6000e+00   -2.9344e+00   -6.2374e-01   -1.9382e-03   -7.1461e-04   -1.8717e-03   -6.7731e-04
   5.0000e-01   -1.5000e+00   -2.6000e+00   -2.8978e+00   -7.7646e-01    6.0739e-04   -2.0407e-03    7.2111e-04   -2.0043e-03
   5.0000e-01   -1.5000e+00   -2.6000e+00   -2.8532e+00   -9.2705e-01    2.1349e-03    5.3161e-04    2.1271e-03    6.7693e-04
   5.0000e-01   -1.5000e+00   -2.6000e+00   -2.8007e+00   -1.0751e+00   -5.0382e-04    2.2239e-03   -5.8632e-04    2.3839e-03
   5.0000e-01   -1.5000e+00   -2.6000e+00   -2.7406e+00   -1.2202e+00   -2.3185e-03   -4.8996e-04   -2.3715e-03   -3.4103e-04
   5.0000e-01   -1.5000e+00   -2.6000e+00   -2.6730e+00   -1.3620e+00    5.2353e-04   -2.4153e-03    3.9188e-04   -2.1372e-03
   5.0000e-01   -1.5000e+00   -2.6000e+00   -2.5981e+00   -1.5000e+00    2.5249e-03    5.7145e-04    2.3598e-03    8.6722e-04
   5.0000e-01   -1.5000e+00   -2.6000e+00    0.0000e+00   -3.0000e+00    2.5114e-03    6.3483e-04    2.3407e-03    7.4848e-04
   5.0000e-01   -1.5000e+00   -2.6000e+00    1.5701e-01   -2.9959e+00    5.6829e-04   -2.4061e-03    3.1525e-04   -2.2454e-03
   5.0000e-01   -1.5000e+00   -2.6000e+00    3.1359e-01   -2.9836e+00   -2.3052e-03   -5.5173e-04   -2.6382e-03   -4.8287e-04
   5.0000e-01   -1.5000e+00   -2.6000e+00    4.6930e-01   -2.9631e+00   -5.4452e-04    2.2146e-03   -8.3301e-04    2.3223e-03
   5.0000e-01   -1.5000e+00   -2.6000e+00    6.2374e-01   -2.9344e+00    2.1253e-03    5.7127e-04    1.7140e-03    6.9280e-04
   5.0000e-01   -1.5000e+00   -2.6000e+00    7.7646e-01   -2.8978e+00    6.4339e-04   -2.0301e-03    2.9340e-04   -1.8356e-03
   5.0000e-01   -1.5000e+00   -2.6000e+00    9.2705e-01   -2.8532e+00   -1.9241e-03   -7.5239e-04   -2.3925e-03   -6.3884e-04
   5.0000e-01   -1.5000e+00   -2.6000e+00    1.0751e+00   -2.8007e+00   -8.5948e-04    1.8151e-03   -1.2479e-03    2.0322e-03
   5.0000e-01   -1.5000e+00   -2.6000e+00    1.2202e+00   -2.7406e+00    1.6790e-03    1.0031e-03    1.2168e-03    1.1939e-03
   5.0000e-01   -1.5000e+00   -2.6000e+00    1.3620e+00   -2.6730e+00    1.1473e-03   -1.5231e-03    6.3542e-04   -1.3339e-03
   5.0000e-01   -1.5000e+00   -2.6000e+00    1.5000e+00   -2.5981e+00   -1.3162e-03   -1.3193e-03   -1.7136e-03   -1.0943e-03
   5.0000e-01   -1.5000e+00   -2.6000e+00    1.6339e+00   -2.5160e+00   -1.4775e-03    1.0672e-03   -1.7889e-03    1.3421e-03
   5.0000e-01   -1.5000e+00   -2.6000e+00    1.7634e+00   -2.4271e+00    7.7948e-04    1.6058e-03    4.2882e-04    1.8007e-03
   5.0000e-01   -1.5000e+00   -2.6000e+00    1.8880e+00   -2.3314e+00    1.6948e-03   -4.3737e-04    1.4696e-03   -2.3950e-04
   5.0000e-01   -1.5000e+00   -2.6000e+00    2.0074e+00   -2.2294e+00   -3.1695e-05   -1.7180e-03   -1.5148e-04   -1.5338e-03
   5.0000e-01   -1.5000e+00   -2.6000e+00    2.1213e+00   -2.1213e+00   -1.6422e-03   -3.9365e-04   -1.8605e-03   -3.3065e-04
   5.0000e-01   -1.5000e+00   -2.6000e+00    2.2294e+00   -2.0074e+00   -8.0761e-04    1.4513e-03   -9.4840e-04    1.6025e-03
   5.0000e-01   -1.5000e+00   -2.6000e+00    2.3314e+00   -1.8880e+00    1.1270e-03    1.1839e-03    1.0507e-03    1.1314e-03
   5.0000e-01   -1.5000e+00   -2.6000e+00    2.4271e+00   -1.7634e+00    1.4697e-03   -6.5840e-04    1.4142e-03   -6.8536e-04
   5.0000e-01   -1.5000e+00   -2.6000e+00    2.5160e+00   -1.6339e+00   -9.1230e-05   -1.5855e-03   -4.7203e-05   -1.6472e-03
   5.0000e-01   -1.5000e+00   -2.6000e+00    2.5981e+00   -1.5000e+00   -1.4816e-03   -5.0914e-04   -1.4879e-03   -6.3956e-04
   5.0000e-01   -1.5000e+00   -2.6000e+00    2.6730e+00   -1.3620e+00   -1.0600e-03    1.1265e-03   -9.8302e-04    9.6226e-04
   5.0000e-01   -1.5000e+00   -2.6000e+00    2.7406e+00   -1.2202e+00    5.4229e-04    1.4291e-03    4.8412e-04    1.1901e-03
   5.0000e-01   -1.5000e+00   -2.6000e+00    2.8007e+00   -1.0751e+00    1.4993e-03    1.8826e-04    1.4765e-03   -4.2315e-05
   5.0000e-01   -1.5000e+00   -2.6000e+00    2.8532e+00   -9.2705e-01    8.9316e-04   -1.1982e-03    7.8975e-04   -1.5775e-03
   5.0000e-01   -1.5000e+00   -2.6000e+00    2.8978e+00   -7.7646e-01   -5.4772e-04   -1.3739e-03   -7.0822e-04   -1.7948e-03
   5.0000e-01   -1.5000e+00   -2.6000e+00    2.9344e+00   -6.2374e-01   -1.4321e-03   -3.0858e-04   -1.6620e-03   -7.6747e-04
   5.0000e-01   -1.5000e+00   -2.6000e+00    2.9631e+00   -4.6930e-01   -1.0709e-03    9.7946e-04   -1.3702e-03    4.8475e-04
   5.0000e-01   -1.5000e+00   -2.6000e+00    2.9836e+00   -3.1359e-01    1.1750e-04    1.4338e-03   -2.0905e-04    1.0278e-03
   5.0000e-01   -1.5000e+00   -2.6000e+00    2.9959e+00   -1.5701e-01    1.1688e-03    8.1876e-04    6.9228e-04    4.3188e-04
   5.0000e-01    0.0000e+00   -3.0000e+00    3.0000e+00    0.0000e+00   -1.4775e-03   -5.2313e-04   -1.2389e-03   -5.1207e-04
   5.0000e-01    0.0000e+00   -3.0000e+00    2.9959e+00    1.5701e-01   -1.0734e-03    1.1146e-03   -8.4221e-04    1.1162e-03
   5.0000e-01    0.0000e+00   -3.0000e+00    2.9836e+00    3.1359e-01    5.1821e-04    1.4382e-03    6.6398e-04    1.3459e-03
   5.0000e-01    0.0000e+00   -3.0000e+00    2.9631e+00    4.6930e-01    1.4979e-03    2.0055e-04    1.4715e-03    1.2640e-04
   5.0000e-01    0.0000e+00   -3.0000e+00    2.9344e+00    6.2374e-01    9.0310e-04   -1.1913e-03    8.4076e-04   -1.3032e-03
   5.0000e-01    0.0000e+00   -3.0000e+00    2.8978e+00    7.7646e-01   -5.3535e-04   -1.3791e-03   -6.6793e-04   -1.5198e-03
   5.0000e-01    0.0000e+00   -3.0000e+00    2.8532e+00    9.2705e-01   -1.4285e-03   -3.2559e-04   -1.5377e-03   -6.0713e-04
   5.0000e-01    0.0000e+00   -3.0000e+00    2.8007e+00    1.0751e+00   -1.0814e-03    9.6874e-04   -1.2948e-03    6.8401e-04
   5.0000e-01    0.0000e+00   -3.0000e+00    2.7406e+00    1.2202e+00    1.0504e-04    1.4354e-03   -7.6104e-05    1.0722e-03
   5.0000e-01    0.0000e+00   -3.0000e+00    2.6730e+00    1.3620e+00    1.1671e-03    8.2095e-04    8.9366e-04    3.8605e-04
   5.0000e-01    0.0000e+00   -3.0000e+00    2.5981e+00    1.5000e+00    1.3812e-03   -3.1295e-04    1.1053e-03   -8.3961e-04
   5.0000e-01    0.0000e+00   -3.0000e+00    2.5160e+00    1.6339e+00    7.3251e-04   -1.1998e-03    3.9969e-04   -1.7605e-03
   5.0000e-01    0.0000e+00   -3.0000e+00    2.4271e+00    1.7634e+00   -3.0993e-04   -1.3611e-03   -6.3112e-04   -1.9676e-03
   5.0000e-01    0.0000e+00   -3.0000e+00    2.3314e+00    1.8880e+00   -1.1343e-03   -7.9780e-04   -1.5091e-03   -1.3887e-03
   5.0000e-01    0.0000e+00   -3.0000e+00    2.2294e+00    2.0074e+00   -1.3755e-03    9.2131e-05   -1.6889e-03   -5.3383e-04
   5.0000e-01    0.0000e+00   -3.0000e+00    2.1213e+00    2.1213e+00   -1.0381e-03    8.9551e-04   -1.2660e-03    3.4275e-04
   5.0000e-01    0.0000e+00   -3.0000e+00    2.0074e+00    2.2294e+00   -3.2758e-04    1.3239e-03   -5.8737e-04    7.1611e-04
   5.0000e-01    0.0000e+00   -3.0000e+00    1.8880e+00    2.3314e+00    4.4494e-04    1.2819e-03    1.5624e-04    7.9170e-04
   5.0000e-01    0.0000e+00   -3.0000e+00    1.7634e+00    2.4271e+00    1.0197e-03    8.8620e-04    7.5206e-04    4.7382e-04
   5.0000e-01    0.0000e+00   -3.0000e+00    1.6339e+00    2.5160e+00    1.3098e-03    3.0879e-04    1.0673e-03    2.0818e-05
   5.0000e-01    0.0000e+00   -3.0000e+00    1.5000e+00    2.5981e+00    1.3083e-03   -2.9235e-04    1.0808e-03   -4.5041e-04
   5.0000e-01    0.0000e+00   -3.0000e+00    1.3620e+00    2.6730e+00    1.0822e-03   -7.8348e-04    7.8120e-04   -8.5039e-04
   5.0000e-01    0.0000e+00   -3.0000e+00    1.2202e+00    2.7406e+00    7.3465e-04   -1.1115e-03    4.5851e-04   -1.0093e-03
   5.0000e-01    0.0000e+00   -3.0000e+00    1.0751e+00    2.8007e+00    3.4670e-04   -1.2829e-03    4.9702e-05   -1.0534e-03
   5.0000e-01    0.0000e+00   -3.0000e+00    9.2705e-01    2.8532e+00   -1.8838e-05   -1.3255e-03   -3.1331e-04   -9.7595e-04
   5.0000e-01    0.0000e+00   -3.0000e+00    7.7646e-01    2.8978e+00   -3.3409e-04   -1.2802e-03   -6.0057e-04   -7.4353e-04
   5.0000e-01    0.0000e+00   -3.0000e+00    6.2374e-01    2.9344e+00   -5.6819e-04   -1.1928e-03   -7.8768e-04   -5.3742e-04
   5.0000e-01    0.0000e+00   -3.0000e+00    4.6930e-01    2.9631e+00   -7.4048e-04   -1.0921e-03   -1.0454e-03   -3.3116e-04
   5.0000e-01    0.0000e+00   -3.0000e+00    3.1359e-01    2.9836e+00   -8.4724e-04   -1.0101e-03   -1.1986e-03   -2.1183e-04
   5.0000e-01    0.0000e+00   -3.0000e+00    1.5701e-01    2.9959e+00   -9.1235e-04   -9.5109e-04   -1.2300e-03   -1.4490e-04
   5.0000e-01    0.0000e+00   -3.0000e+00    0.0000e+00    3.0000e+00   -9.4103e-04   -9.2224e-04   -1.1540e-03   -9.3495e-05
   5.0000e-01    0.0000e+00   -3.0000e+00   -1.5701e-01    2.9959e+00   -9.1235e-04   -9.5109e-04   -1.1992e-03   -1.0119e-04
   5.0000e-01    0.0000e+00   -3.0000e+00   -3.1359e-01    2.9836e+00   -8.4724e-04   -1.0101e-03   -1.1448e-03   -2.7987e-04
   5.0000e-01    0.0000e+00   -3.0000e+00   -4.6930e-01    2.9631e+00   -7.4048e-04   -1.0921e-03   -1.0178e-03   -3.9295e-04
   5.0000e-01    0.0000e+00   -3.0000e+00   -6.2374e-01    2.9344e+00   -5.6819e-04   -1.1928e-03   -8.5960e-04   -5.7747e-04
   5.0000e-01    0.0000e+00   -3.0000e+00   -7.7646e-01    2.8978e+00   -3.3409e-04   -1.2802e-03   -5.9891e-04   -7.6264e-04
   5.0000e-01    0.0000e+00   -3.0000e+00   -9.2705e-01    2.8532e+00   -1.8838e-05   -1.3255e-03   -3.5875e-04   -9.4706e-04
   5.0000e-01    0.0000e+00   -3.0000e+00   -1.0751e+00    2.8007e+00    3.4670e-04   -1.2829e-03    1.3609e-04   -1.1261e-03
   5.0000e-01    0.0000e+00   -3.0000e+00   -1.2202e+00    2.7406e+00    7.3465e-04   -1.1115e-03    4.2352e-04   -1.0515e-03
   5.0000e-01    0.0000e+00   -3.0000e+00   -1.3620e+00    2.6730e+00    1.0822e-03   -7.8348e-04    7.3176e-04   -9.0826e-04
   5.0000e-01    0.0000e+00   -3.0000e+00   -1.5000e+00    2.5981e+00    1.3083e-03   -2.9235e-04    9.9736e-04   -4.3791e-04
   5.0000e-01    0.0000e+00   -3.0000e+00   -1.6339e+00    2.5160e+00    1.3098e-03    3.0879e-04    1.0218e-03   -4.0114e-05
   5.0000e-01    0.0000e+00   -3.0000e+00   -1.7634e+00    2.4271e+00    1.0197e-03    8.8620e-04    7.3532e-04    4.8716e-04
   5.0000e-01    0.0000e+00   -3.0000e+00   -1.8880e+00    2.3314e+00    4.4494e-04    1.2819e-03    1.7821e-04    7.8183e-04
   5.0000e-01    0.0000e+00   -3.0000e+00   -2.0074e+00    2.2294e+00   -3.2758e-04    1.3239e-03   -5.1156e-04    7.6534e-04
   5.0000e-01    0.0000e+00   -3.0000e+00   -2.1213e+00    2.1213e+00   -1.0381e-03    8.9551e-04   -1.3068e-03    2.6293e-04
   5.0000e-01    0.0000e+00   -3.0000e+00   -2.2294e+00    2.0074e+00   -1.3755e-03    9.2131e-05   -1.7004e-03   -5.8147e-04
   5.0000e-01    0.0000e+00   -3.0000e+00   -2.3314e+00    1.8880e+00   -1.1343e-03   -7.9780e-04   -1.4814e-03   -1.3996e-03
   5.0000e-01    0.0000e+00   -3.0000e+00   -2.4271e+00    1.7634e+00   -3.0993e-04   -1.3611e-03   -5.9356e-04   -1.9868e-03
   5.0000e-01    0.0000e+00   -3.0000e+00   -2.5160e+00    1.6339e+00    7.3251e-04   -1.1998e-03    4.4019e-04   -1.7215e-03
   5.0000e-01    0.0000e+00   -3.0000e+00   -2.5981e+00    1.5000e+00    1.3812e-03   -3.1295e-04    1.1061e-03   -8.1783e-04
   5.0000e-01    0.0000e+00   -3.0000e+00   -2.6730e+00    1.3620e+00    1.1671e-03    8.2095e-04    9.3131e-04    3.9888e-04
   5.0000e-01    0.0000e+00   -3.0000e+00   -2.7406e+00    1.2202e+00    1.0504e-04    1.4354e-03   -1.3896e-04    9.6906e-04
   5.0000e-01    0.0000e+00   -3.0000e+00   -2.8007e+00    1.0751e+00   -1.0814e-03    9.6874e-04   -1.3326e-03    6.8131e-04
   5.0000e-01    0.0000e+00   -3.0000e+00   -2.8532e+00    9.2705e-01   -1.4285e-03   -3.2559e-04   -1.5796e-03   -5.7123e-04
   5.0000e-01    0.0000e+00   -3.0000e+00   -2.8978e+00    7.7646e-01   -5.3535e-04   -1.3791e-03   -6.7670e-04   -1.5804e-03
   5.0000e-01    0.0000e+00   -3.0000e+00   -2.9344e+00    6.2374e-01    9.0310e-04   -1.1913e-03    8.9407e-04   -1.3090e-03
   5.0000e-01    0.0000e+00   -3.0000e+00   -2.9631e+00    4.6930e-01    1.4979e-03    2.0055e-04    1.5097e-03    7.6990e-05
   5.0000e-01    0.0000e+00   -3.0000e+00   -2.9836e+00    3.1359e-01    5.1821e-04    1.4382e-03    7.1513e-04    1.3762e-03
   5.0000e-01    0.0000e+00   -3.0000e+00   -2.9959e+00    1.5701e-01   -1.0734e-03    1.1146e-03   -8.8485e-04    1.0232e-03
   5.0000e-01    0.0000e+00   -3.0000e+00   -3.0000e+00    0.0000e+00   -1.4775e-03   -5.2313e-04   -1.2473e-03   -5.7679e-04
   5.0000e-01    0.0000e+00   -3.0000e+00   -2.9959e+00   -1.5701e-01   -8.1925e-05   -1.5863e-03    1.9688e-04   -1.6358e-03
   5.0000e-01    0.0000e+00   -3.0000e+00   -2.9836e+00   -3.1359e-01    1.4736e-03   -6.5058e-04    1.8072e-03   -7.5317e-04
   5.0000e-01    0.0000e+00   -3.0000e+00   -2.9631e+00   -4.6930e-01    1.1151e-03    1.1960e-03    1.5067e-03    1.0270e-03
   5.0000e-01    0.0000e+00   -3.0000e+00   -2.9344e+00   -6.2374e-01   -8.2346e-04    1.4429e-03   -4.2894e-04    1.3090e-03
   5.0000e-01    0.0000e+00   -3.0000e+00   -2.8978e+00   -7.7646e-01   -1.6427e-03   -3.9189e-04   -1.2091e-03   -5.7282e-04
   5.0000e-01    0.0000e+00   -3.0000e+00   -2.8532e+00   -9.2705e-01   -3.3507e-05   -1.7183e-03    4.3955e-04   -1.9081e-03
   5.0000e-01    0.0000e+00   -3.0000e+00   -2.8007e+00   -1.0751e+00    1.6999e-03   -4.2065e-04    2.1991e-03   -6.7549e-04
   5.0000e-01    0.0000e+00   -3.0000e+00   -2.7406e+00   -1.2202e+00    7.7302e-04    1.6098e-03    1.1724e-03    1.3673e-03
   5.0000e-01    0.0000e+00   -3.0000e+00   -2.6730e+00   -1.3620e+00   -1.4785e-03    1.0662e-03   -1.0413e-03    7.9008e-04
   5.0000e-01    0.0000e+00   -3.0000e+00   -2.5981e+00   -1.5000e+00   -1.3169e-03   -1.3184e-03   -9.6297e-04   -1.5894e-03
   5.0000e-01    0.0000e+00   -3.0000e+00   -2.5160e+00   -1.6339e+00    1.1592e-03   -1.5151e-03    1.4530e-03   -1.7452e-03
   5.0000e-01    0.0000e+00   -3.0000e+00   -2.4271e+00   -1.7634e+00    1.6789e-03    1.0026e-03    1.8973e-03    7.8688e-04
   5.0000e-01    0.0000e+00   -3.0000e+00   -2.3314e+00   -1.8880e+00   -8.5223e-04    1.8180e-03   -6.7194e-04    1.6854e-03
   5.0000e-01    0.0000e+00   -3.0000e+00   -2.2294e+00   -2.0074e+00   -1.9317e-03   -7.3287e-04   -1.8614e-03   -8.7033e-04
   5.0000e-01    0.0000e+00   -3.0000e+00   -2.1213e+00   -2.1213e+00    6.4626e-04   -2.0296e-03    7.0932e-04   -2.2201e-03
   5.0000e-01    0.0000e+00   -3.0000e+00   -2.0074e+00   -2.2294e+00    2.1236e-03    5.7803e-04    2.1150e-03    4.9900e-04
   5.0000e-01    0.0000e+00   -3.0000e+00   -1.8880e+00   -2.3314e+00   -5.2629e-04    2.2184e-03   -6.3502e-04    2.0659e-03
   5.0000e-01    0.0000e+00   -3.0000e+00   -1.7634e+00   -2.4271e+00   -2.3119e-03   -5.2017e-04   -2.4144e-03   -5.8473e-04
   5.0000e-01    0.0000e+00   -3.0000e+00   -1.6339e+00   -2.5160e+00    5.5481e-04   -2.4090e-03    3.8011e-04   -2.4495e-03
   5.0000e-01    0.0000e+00   -3.0000e+00   -1.5000e+00   -2.5981e+00    2.5167e-03    6.1142e-04    2.3446e-03    6.1057e-04
   5.0000e-01    0.0000e+00   -3.0000e+00    1.5000e+00   -2.5981e+00    2.5167e-03    6.1142e-04    2.2994e-03    6.5925e-04
   5.0000e-01    0.0000e+00   -3.0000e+00    1.6339e+00   -2.5160e+00    5.5481e-04   -2.4090e-03    3.8644e-04   -2.4383e-03
   5.0000e-01    0.0000e+00   -3.0000e+00    1.7634e+00   -2.4271e+00   -2.3119e-03   -5.2017e-04   -2.4254e-03   -5.1657e-04
   5.0000e-01    0.0000e+00   -3.0000e+00    1.8880e+00   -2.3314e+00   -5.2629e-04    2.2184e-03   -6.2559e-04    2.1492e-03
   5.0000e-01    0.0000e+00   -3.0000e+00    2.0074e+00   -2.2294e+00    2.1236e-03    5.7803e-04    1.9879e-03    5.3705e-04
   5.0000e-01    0.0000e+00   -3.0000e+00    2.1213e+00   -2.1213e+00    6.4626e-04   -2.0296e-03    6.6990e-04   -2.1485e-03
   5.0000e-01    0.0000e+00   -3.0000e+00    2.2294e+00   -2.0074e+00   -1.9317e-03   -7.3287e-04   -1.8268e-03   -9.1224e-04
   5.0000e-01    0.0000e+00   -3.0000e+00    2.3314e+00   -1.8880e+00   -8.5223e-04    1.8180e-03   -6.6143e-04    1.5786e-03
   5.0000e-01    0.0000e+00   -3.0000e+00    2.4271e+00   -1.7634e+00    1.6789e-03    1.0026e-03    1.9518e-03    8.2407e-04
   5.0000e-01    0.0000e+00   -3.0000e+00    2.5160e+00   -1.6339e+00    1.1592e-03   -1.5151e-03    1.4666e-03   -1.7755e-03
   5.0000e-01    0.0000e+00   -3.0000e+00    2.5981e+00   -1.5000e+00   -1.3169e-03   -1.3184e-03   -9.2300e-04   -1.5662e-03
   5.0000e-01    0.0000e+00   -3.0000e+00    2.6730e+00   -1.3620e+00   -1.4785e-03    1.0662e-03   -1.0885e-03    7.9022e-04
   5.0000e-01    0.0000e+00   -3.0000e+00    2.7406e+00   -1.2202e+00    7.7302e-04    1.6098e-03    1.2213e-03    1.3890e-03
   5.0000e-01    0.0000e+00   -3.0000e+00    2.8007e+00   -1.0751e+00    1.6999e-03   -4.2065e-04    2.1487e-03   -6.2044e-04
   5.0000e-01    0.0000e+00   -3.0000e+00    2.8532e+00   -9.2705e-01   -3.3507e-05   -1.7183e-03    5.2028e-04   -1.8981e-03
   5.0000e-01    0.0000e+00   -3.0000e+00    2.8978e+00   -7.7646e-01   -1.6427e-03   -3.9189e-04   -1.1720e-03   -5.4394e-04
   5.0000e-01    0.0000e+00   -3.0000e+00    2.9344e+00   -6.2374e-01   -8.2346e-04    1.4429e-03   -3.8543e-04    1.2615e-03
   5.0000e-01    0.0000e+00   -3.0000e+00    2.9631e+00   -4.6930e-01    1.1151e-03    1.1960e-03    1.5082e-03    1.0382e-03
   5.0000e-01    0.0000e+00   -3.0000e+00    2.9836e+00   -3.1359e-01    1.4736e-03   -6.5058e-04    1.8883e-03   -7.4294e-04
   5.0000e-01    0.0000e+00   -3.0000e+00    2.9959e+00   -1.5701e-01   -8.1925e-05   -1.5863e-03    1.7007e-04   -1.6197e-03
   5.0000e-01    1.5000e+00   -2.6000e+00    3.0000e+00    0.0000e+00   -1.3339e-03   -1.3009e-03   -8.4570e-04   -1.4450e-03
   5.0000e-01    1.5000e+00   -2.6000e+00    2.9959e+00    1.5701e-01   -1.4612e-03    1.0892e-03   -9.8440e-04    8.8437e-04
   5.0000e-01    1.5000e+00   -2.6000e+00    2.9836e+00    3.1359e-01    7.8773e-04    1.6019e-03    1.4213e-03    1.4179e-03
   5.0000e-01    1.5000e+00   -2.6000e+00    2.9631e+00    4.6930e-01    1.6911e-03   -4.5204e-04    2.2947e-03   -6.0131e-04
   5.0000e-01    1.5000e+00   -2.6000e+00    2.9344e+00    6.2374e-01   -6.6153e-05   -1.7170e-03    4.6993e-04   -1.9082e-03
   5.0000e-01    1.5000e+00   -2.6000e+00    2.8978e+00    7.7646e-01   -1.6494e-03   -3.5984e-04   -1.0581e-03   -4.8221e-04
   5.0000e-01    1.5000e+00   -2.6000e+00    2.8532e+00    9.2705e-01   -7.9794e-04    1.4563e-03   -2.7113e-04    1.4206e-03
   5.0000e-01    1.5000e+00   -2.6000e+00    2.8007e+00    1.0751e+00    1.1381e-03    1.1738e-03    1.5593e-03    1.1297e-03
   5.0000e-01    1.5000e+00   -2.6000e+00    2.7406e+00    1.2202e+00    1.4607e-03   -6.7889e-04    1.9181e-03   -6.5411e-04
   5.0000e-01    1.5000e+00   -2.6000e+00    2.6730e+00    1.3620e+00   -1.2656e-04   -1.5824e-03    1.8930e-04   -1.5412e-03
   5.0000e-01    1.5000e+00   -2.6000e+00    2.5981e+00    1.5000e+00   -1.4881e-03   -4.9040e-04   -1.2354e-03   -4.7276e-04
   5.0000e-01    1.5000e+00   -2.6000e+00    2.5160e+00    1.6339e+00   -1.0478e-03    1.1377e-03   -9.8272e-04    1.2422e-03
   5.0000e-01    1.5000e+00   -2.6000e+00    2.4271e+00    1.7634e+00    5.6453e-04    1.4198e-03    5.7590e-04    1.5707e-03
   5.0000e-01    1.5000e+00   -2.6000e+00    2.3314e+00    1.8880e+00    1.5025e-03    1.5483e-04    1.3733e-03    2.7466e-04
   5.0000e-01    1.5000e+00   -2.6000e+00    2.2294e+00    2.0074e+00    8.8005e-04   -1.2074e-03    6.9380e-04   -1.1193e-03
   5.0000e-01    1.5000e+00   -2.6000e+00    2.1213e+00    2.1213e+00   -5.5625e-04   -1.3704e-03   -8.8203e-04   -1.3621e-03
   5.0000e-01    1.5000e+00   -2.6000e+00    2.0074e+00    2.2294e+00   -1.4371e-03   -2.8278e-04   -1.8757e-03   -2.8839e-04
   5.0000e-01    1.5000e+00   -2.6000e+00    1.8880e+00    2.3314e+00   -1.0509e-03    1.0002e-03   -1.5676e-03    9.3587e-04
   5.0000e-01    1.5000e+00   -2.6000e+00    1.7634e+00    2.4271e+00    1.3889e-04    1.4315e-03   -4.4682e-04    1.4228e-03
   5.0000e-01    1.5000e+00   -2.6000e+00    1.6339e+00    2.5160e+00    1.1783e-03    8.0437e-04    4.8664e-04    6.9114e-04
   5.0000e-01    1.5000e+00   -2.6000e+00    1.5000e+00    2.5981e+00    1.3726e-03   -3.4526e-04    5.9389e-04   -5.1093e-04
   5.0000e-01    1.5000e+00   -2.6000e+00    1.3620e+00    2.6730e+00    6.9868e-04   -1.2190e-03   -2.9126e-05   -1.4890e-03
   5.0000e-01    1.5000e+00   -2.6000e+00    1.2202e+00    2.7406e+00   -3.3739e-04   -1.3542e-03   -1.0670e-03   -1.6365e-03
   5.0000e-01    1.5000e+00   -2.6000e+00    1.0751e+00    2.8007e+00   -1.1440e-03   -7.8363e-04   -1.8216e-03   -1.1054e-03
   5.0000e-01    1.5000e+00   -2.6000e+00    9.2705e-01    2.8532e+00   -1.3726e-03    1.2285e-04   -2.0822e-03   -2.3824e-04
   5.0000e-01    1.5000e+00   -2.6000e+00    7.7646e-01    2.8978e+00   -1.0105e-03    9.2567e-04   -1.7421e-03    6.5948e-04
   5.0000e-01    1.5000e+00   -2.6000e+00    6.2374e-01    2.9344e+00   -3.0380e-04    1.3292e-03   -9.2978e-04    9.7368e-04
   5.0000e-01    1.5000e+00   -2.6000e+00    4.6930e-01    2.9631e+00    4.6082e-04    1.2760e-03   -9.8792e-05    8.7138e-04
   5.0000e-01    1.5000e+00   -2.6000e+00    3.1359e-01    2.9836e+00    1.0333e-03    8.7002e-04    5.0409e-04    4.9143e-04
   5.0000e-01    1.5000e+00   -2.6000e+00    1.5701e-01    2.9959e+00    1.3156e-03    2.8222e-04    9.8398e-04    4.3227e-05
   5.0000e-01    1.5000e+00   -2.6000e+00    0.0000e+00    3.0000e+00    1.3004e-03   -3.2533e-04    1.0099e-03   -5.6253e-04
   5.0000e-01    1.5000e+00   -2.6000e+00   -1.5701e-01    2.9959e+00    1.0729e-03   -7.9643e-04    8.7796e-04   -8.9656e-04
   5.0000e-01    1.5000e+00   -2.6000e+00   -3.1359e-01    2.9836e+00    7.2163e-04   -1.1196e-03    6.2924e-04   -1.0791e-03
   5.0000e-01    1.5000e+00   -2.6000e+00   -4.6930e-01    2.9631e+00    3.2275e-04   -1.2887e-03    3.6750e-04   -1.1770e-03
   5.0000e-01    1.5000e+00   -2.6000e+00   -6.2374e-01    2.9344e+00   -4.4490e-05   -1.3249e-03    1.4633e-04   -1.1625e-03
   5.0000e-01    1.5000e+00   -2.6000e+00   -7.7646e-01    2.8978e+00   -3.5589e-04   -1.2742e-03   -1.5416e-05   -8.9988e-04
   5.0000e-01    1.5000e+00   -2.6000e+00   -9.2705e-01    2.8532e+00   -5.8517e-04   -1.1844e-03   -2.5796e-04   -6.9612e-04
   5.0000e-01    1.5000e+00   -2.6000e+00   -1.0751e+00    2.8007e+00   -7.5739e-04   -1.0808e-03   -2.6325e-04   -4.9169e-04
   5.0000e-01    1.5000e+00   -2.6000e+00   -1.2202e+00    2.7406e+00   -8.6842e-04   -9.9226e-04   -2.6888e-04   -1.9996e-04
   5.0000e-01    1.5000e+00   -2.6000e+00   -1.3620e+00    2.6730e+00   -9.3393e-04   -9.2945e-04   -2.6895e-04   -1.3380e-04
   5.0000e-01    1.5000e+00   -2.6000e+00   -1.5000e+00    2.5981e+00   -9.5032e-04   -9.1263e-04   -2.8490e-04    -4.5930e-05
   5.0000e-01    1.5000e+00   -2.6000e+00   -1.6339e+00    2.5160e+00   -9.2580e-04   -9.3803e-04   -2.1010e-04    4.2300e-05
   5.0000e-01    1.5000e+00   -2.6000e+00   -1.7634e+00    2.4271e+00   -8.6831e-04   -9.9206e-04   -1.4492e-04    1.0490e-04
   5.0000e-01    1.5000e+00   -2.6000e+00   -1.8880e+00    2.3314e+00   -7.6520e-04   -1.0749e-03   -3.2529e-05    2.2522e-05
   5.0000e-01    1.5000e+00   -2.6000e+00   -2.0074e+00    2.2294e+00   -5.8581e-04   -1.1844e-03    5.1145e-05   -1.4609e-04
   5.0000e-01    1.5000e+00   -2.6000e+00   -2.1213e+00    2.1213e+00   -3.3918e-04   -1.2793e-03    3.2167e-04   -1.0987e-04
   5.0000e-01    1.5000e+00   -2.6000e+00   -2.2294e+00    2.0074e+00   -3.7765e-05   -1.3252e-03    4.6236e-04   -2.7027e-04
   5.0000e-01    1.5000e+00   -2.6000e+00   -2.3314e+00    1.8880e+00    3.1783e-04   -1.2901e-03    6.9132e-04   -3.3453e-04
   5.0000e-01    1.5000e+00   -2.6000e+00   -2.4271e+00    1.7634e+00    7.1905e-04   -1.1216e-03    1.0246e-03   -2.5416e-04
   5.0000e-01    1.5000e+00   -2.6000e+00   -2.5160e+00    1.6339e+00    1.0785e-03   -7.8904e-04    1.3333e-03    1.3652e-05
   5.0000e-01    1.5000e+00   -2.6000e+00   -2.5981e+00    1.5000e+00    1.3052e-03   -3.0681e-04    1.3568e-03    3.5396e-04
   5.0000e-01    1.5000e+00   -2.6000e+00   -2.6730e+00    1.3620e+00    1.3155e-03    2.8246e-04    1.2880e-03    7.7564e-04
   5.0000e-01    1.5000e+00   -2.6000e+00   -2.7406e+00    1.2202e+00    1.0287e-03    8.7632e-04    8.9891e-04    1.3003e-03
   5.0000e-01    1.5000e+00   -2.6000e+00   -2.8007e+00    1.0751e+00    4.4779e-04    1.2814e-03    2.3513e-04    1.5909e-03
   5.0000e-01    1.5000e+00   -2.6000e+00   -2.8532e+00    9.2705e-01   -3.2064e-04    1.3256e-03   -6.7856e-04    1.4675e-03
   5.0000e-01    1.5000e+00   -2.6000e+00   -2.8978e+00    7.7646e-01   -1.0206e-03    9.1513e-04   -1.3685e-03    9.8052e-04
   5.0000e-01    1.5000e+00   -2.6000e+00   -2.9344e+00    6.2374e-01   -1.3743e-03    1.0938e-04   -1.8031e-03    6.7738e-05
   5.0000e-01    1.5000e+00   -2.6000e+00   -2.9631e+00    4.6930e-01   -1.1355e-03   -7.9642e-04   -1.6211e-03   -1.0033e-03
   5.0000e-01    1.5000e+00   -2.6000e+00   -2.9836e+00    3.1359e-01   -3.1029e-04   -1.3610e-03   -7.3243e-04   -1.6227e-03
   5.0000e-01    1.5000e+00   -2.6000e+00   -2.9959e+00    1.5701e-01    7.2073e-04   -1.2068e-03    2.8778e-04   -1.5342e-03
   5.0000e-01    1.5000e+00   -2.6000e+00   -3.0000e+00    0.0000e+00    1.3774e-03   -3.2854e-04    9.6122e-04   -7.3578e-04
   5.0000e-01    1.5000e+00   -2.6000e+00   -2.9959e+00   -1.5701e-01    1.1688e-03    8.1876e-04    7.0510e-04    3.9257e-04
   5.0000e-01    1.5000e+00   -2.6000e+00   -2.9836e+00   -3.1359e-01    1.1750e-04    1.4338e-03   -2.5984e-04    1.0225e-03
   5.0000e-01    1.5000e+00   -2.6000e+00   -2.9631e+00   -4.6930e-01   -1.0709e-03    9.7946e-04   -1.3579e-03    4.8132e-04
   5.0000e-01    1.5000e+00   -2.6000e+00   -2.9344e+00   -6.2374e-01   -1.4321e-03   -3.0858e-04   -1.6962e-03   -7.9020e-04
   5.0000e-01    1.5000e+00   -2.6000e+00   -2.8978e+00   -7.7646e-01   -5.4772e-04   -1.3739e-03   -7.5059e-04   -1.7801e-03
   5.0000e-01    1.5000e+00   -2.6000e+00   -2.8532e+00   -9.2705e-01    8.9316e-04   -1.1982e-03    7.5498e-04   -1.5204e-03
   5.0000e-01    1.5000e+00   -2.6000e+00   -2.8007e+00   -1.0751e+00    1.4993e-03    1.8826e-04    1.4492e-03   -1.6405e-04
   5.0000e-01    1.5000e+00   -2.6000e+00   -2.7406e+00   -1.2202e+00    5.4229e-04    1.4291e-03    5.6181e-04    1.1988e-03
   5.0000e-01    1.5000e+00   -2.6000e+00   -2.6730e+00   -1.3620e+00   -1.0600e-03    1.1265e-03   -1.0607e-03    9.0775e-04
   5.0000e-01    1.5000e+00   -2.6000e+00   -2.5981e+00   -1.5000e+00   -1.4816e-03   -5.0914e-04   -1.4080e-03   -6.2061e-04
   5.0000e-01    1.5000e+00   -2.6000e+00   -2.5160e+00   -1.6339e+00   -9.1230e-05   -1.5855e-03   -1.4083e-04   -1.6576e-03
   5.0000e-01    1.5000e+00   -2.6000e+00   -2.4271e+00   -1.7634e+00    1.4697e-03   -6.5840e-04    1.4062e-03   -6.3999e-04
   5.0000e-01    1.5000e+00   -2.6000e+00   -2.3314e+00   -1.8880e+00    1.1270e-03    1.1839e-03    1.0208e-03    1.2027e-03
   5.0000e-01    1.5000e+00   -2.6000e+00   -2.2294e+00   -2.0074e+00   -8.0761e-04    1.4513e-03   -9.4388e-04    1.5655e-03
   5.0000e-01    1.5000e+00   -2.6000e+00   -2.1213e+00   -2.1213e+00   -1.6422e-03   -3.9365e-04   -1.8484e-03   -2.5220e-04
   5.0000e-01    1.5000e+00   -2.6000e+00   -2.0074e+00   -2.2294e+00   -3.1695e-05   -1.7180e-03   -3.3507e-04   -1.5049e-03
   5.0000e-01    1.5000e+00   -2.6000e+00   -1.8880e+00   -2.3314e+00    1.6948e-03   -4.3737e-04    1.3174e-03   -2.1844e-04
   5.0000e-01    1.5000e+00   -2.6000e+00   -1.7634e+00   -2.4271e+00    7.7948e-04    1.6058e-03    4.6106e-04    1.8171e-03
   5.0000e-01    1.5000e+00   -2.6000e+00   -1.6339e+00   -2.5160e+00   -1.4775e-03    1.0672e-03   -1.8098e-03    1.3501e-03
   5.0000e-01    1.5000e+00   -2.6000e+00   -1.5000e+00   -2.5981e+00   -1.3162e-03   -1.3193e-03   -1.6840e-03   -1.0320e-03
   5.0000e-01    1.5000e+00   -2.6000e+00   -1.3620e+00   -2.6730e+00    1.1473e-03   -1.5231e-03    7.2732e-04   -1.2978e-03
   5.0000e-01    1.5000e+00   -2.6000e+00   -1.2202e+00   -2.7406e+00    1.6790e-03    1.0031e-03    1.2431e-03    1.2709e-03
   5.0000e-01    1.5000e+00   -2.6000e+00   -1.0751e+00   -2.8007e+00   -8.5948e-04    1.8151e-03   -1.3070e-03    1.9309e-03
   5.0000e-01    1.5000e+00   -2.6000e+00   -9.2705e-01   -2.8532e+00   -1.9241e-03   -7.5239e-04   -2.4213e-03   -4.9808e-04
   5.0000e-01    1.5000e+00   -2.6000e+00   -7.7646e-01   -2.8978e+00    6.4339e-04   -2.0301e-03    2.0388e-04   -1.8894e-03
   5.0000e-01    1.5000e+00   -2.6000e+00   -6.2374e-01   -2.9344e+00    2.1253e-03    5.7127e-04    1.7861e-03    7.4424e-04
   5.0000e-01    1.5000e+00   -2.6000e+00   -4.6930e-01   -2.9631e+00   -5.4452e-04    2.2146e-03   -8.5767e-04    2.3361e-03
   5.0000e-01    1.5000e+00   -2.6000e+00   -3.1359e-01   -2.9836e+00   -2.3052e-03   -5.5173e-04   -2.6760e-03   -3.7192e-04
   5.0000e-01    1.5000e+00   -2.6000e+00   -1.5701e-01   -2.9959e+00    5.6829e-04   -2.4061e-03    3.1224e-04   -2.2835e-03
   5.0000e-01    1.5000e+00   -2.6000e+00    0.0000e+00   -3.0000e+00    2.5182e-03    6.0279e-04    2.3301e-03    6.5622e-04
   5.0000e-01    1.5000e+00   -2.6000e+00    2.5981e+00   -1.5000e+00    2.5249e-03    5.7145e-04    2.3333e-03    8.7857e-04
   5.0000e-01    1.5000e+00   -2.6000e+00    2.6730e+00   -1.3620e+00    5.2353e-04   -2.4153e-03    4.4300e-04   -2.1986e-03
   5.0000e-01    1.5000e+00   -2.6000e+00    2.7406e+00   -1.2202e+00   -2.3185e-03   -4.8996e-04   -2.3999e-03   -2.0848e-04
   5.0000e-01    1.5000e+00   -2.6000e+00    2.8007e+00   -1.0751e+00   -5.0382e-04    2.2239e-03   -5.6139e-04    2.3812e-03
   5.0000e-01    1.5000e+00   -2.6000e+00    2.8532e+00   -9.2705e-01    2.1349e-03    5.3161e-04    2.1194e-03    6.9276e-04
   5.0000e-01    1.5000e+00   -2.6000e+00    2.8978e+00   -7.7646e-01    6.0739e-04   -2.0407e-03    6.6778e-04   -1.9747e-03
   5.0000e-01    1.5000e+00   -2.6000e+00    2.9344e+00   -6.2374e-01   -1.9382e-03   -7.1461e-04   -1.8317e-03   -7.5900e-04
   5.0000e-01    1.5000e+00   -2.6000e+00    2.9631e+00   -4.6930e-01   -8.2701e-04    1.8294e-03   -5.5684e-04    1.7274e-03
   5.0000e-01    1.5000e+00   -2.6000e+00    2.9836e+00   -3.1359e-01    1.6981e-03    9.6838e-04    2.0284e-03    8.1906e-04
   5.0000e-01    1.5000e+00   -2.6000e+00    2.9959e+00   -1.5701e-01    1.1314e-03   -1.5352e-03    1.5470e-03   -1.7105e-03
   5.0000e-01    2.6000e+00   -1.5000e+00    3.0000e+00    0.0000e+00    2.5114e-03    6.3483e-04    2.4915e-03    4.7116e-04
   5.0000e-01    2.6000e+00   -1.5000e+00    2.9959e+00    1.5701e-01    5.6829e-04   -2.4061e-03    4.7791e-04   -2.5493e-03
   5.0000e-01    2.6000e+00   -1.5000e+00    2.9836e+00    3.1359e-01   -2.3052e-03   -5.5173e-04   -2.3925e-03   -6.3591e-04
   5.0000e-01    2.6000e+00   -1.5000e+00    2.9631e+00    4.6930e-01   -5.4452e-04    2.2146e-03   -6.5711e-04    2.0726e-03
   5.0000e-01    2.6000e+00   -1.5000e+00    2.9344e+00    6.2374e-01    2.1253e-03    5.7127e-04    2.0067e-03    5.5033e-04
   5.0000e-01    2.6000e+00   -1.5000e+00    2.8978e+00    7.7646e-01    6.4339e-04   -2.0301e-03    4.0479e-04   -2.0553e-03
   5.0000e-01    2.6000e+00   -1.5000e+00    2.8532e+00    9.2705e-01   -1.9241e-03   -7.5239e-04   -2.0352e-03   -7.3009e-04
   5.0000e-01    2.6000e+00   -1.5000e+00    2.8007e+00    1.0751e+00   -8.5948e-04    1.8151e-03   -1.0694e-03    1.8831e-03
   5.0000e-01    2.6000e+00   -1.5000e+00    2.7406e+00    1.2202e+00    1.6790e-03    1.0031e-03    1.5089e-03    1.1488e-03
   5.0000e-01    2.6000e+00   -1.5000e+00    2.6730e+00    1.3620e+00    1.1473e-03   -1.5231e-03    1.0257e-03   -1.3257e-03
   5.0000e-01    2.6000e+00   -1.5000e+00    2.5981e+00    1.5000e+00   -1.3162e-03   -1.3193e-03   -1.4478e-03   -1.0203e-03
   5.0000e-01    2.6000e+00   -1.5000e+00    2.5160e+00    1.6339e+00   -1.4775e-03    1.0672e-03   -1.5811e-03    1.4056e-03
   5.0000e-01    2.6000e+00   -1.5000e+00    2.4271e+00    1.7634e+00    7.7948e-04    1.6058e-03    7.0543e-04    1.9477e-03
   5.0000e-01    2.6000e+00   -1.5000e+00    2.3314e+00    1.8880e+00    1.6948e-03   -4.3737e-04    1.7533e-03   -3.2148e-05
   5.0000e-01    2.6000e+00   -1.5000e+00    2.2294e+00    2.0074e+00   -3.1695e-05   -1.7180e-03    4.0157e-05   -1.2913e-03
   5.0000e-01    2.6000e+00   -1.5000e+00    2.1213e+00    2.1213e+00   -1.6422e-03   -3.9365e-04   -1.5264e-03   -3.7996e-05
   5.0000e-01    2.6000e+00   -1.5000e+00    2.0074e+00    2.2294e+00   -8.0761e-04    1.4513e-03   -6.3975e-04    1.7726e-03
   5.0000e-01    2.6000e+00   -1.5000e+00    1.8880e+00    2.3314e+00    1.1270e-03    1.1839e-03    1.3783e-03    1.4697e-03
   5.0000e-01    2.6000e+00   -1.5000e+00    1.7634e+00    2.4271e+00    1.4697e-03   -6.5840e-04    1.6814e-03   -3.8445e-04
   5.0000e-01    2.6000e+00   -1.5000e+00    1.6339e+00    2.5160e+00   -9.1230e-05   -1.5855e-03    1.6580e-04   -1.4741e-03
   5.0000e-01    2.6000e+00   -1.5000e+00    1.5000e+00    2.5981e+00   -1.4816e-03   -5.0914e-04   -1.2339e-03   -5.0662e-04
   5.0000e-01    2.6000e+00   -1.5000e+00    1.3620e+00    2.6730e+00   -1.0600e-03    1.1265e-03   -8.5064e-04    1.0932e-03
   5.0000e-01    2.6000e+00   -1.5000e+00    1.2202e+00    2.7406e+00    5.4229e-04    1.4291e-03    7.4225e-04    1.2903e-03
   5.0000e-01    2.6000e+00   -1.5000e+00    1.0751e+00    2.8007e+00    1.4993e-03    1.8826e-04    1.6197e-03   -1.9950e-05
   5.0000e-01    2.6000e+00   -1.5000e+00    9.2705e-01    2.8532e+00    8.9316e-04   -1.1982e-03    1.0221e-03   -1.5329e-03
   5.0000e-01    2.6000e+00   -1.5000e+00    7.7646e-01    2.8978e+00   -5.4772e-04   -1.3739e-03   -5.0211e-04   -1.7394e-03
   5.0000e-01    2.6000e+00   -1.5000e+00    6.2374e-01    2.9344e+00   -1.4321e-03   -3.0858e-04   -1.4311e-03   -7.4106e-04
   5.0000e-01    2.6000e+00   -1.5000e+00    4.6930e-01    2.9631e+00   -1.0709e-03    9.7946e-04   -1.1401e-03    5.1136e-04
   5.0000e-01    2.6000e+00   -1.5000e+00    3.1359e-01    2.9836e+00    1.1750e-04    1.4338e-03   -7.8549e-06    9.3365e-04
   5.0000e-01    2.6000e+00   -1.5000e+00    1.5701e-01    2.9959e+00    1.1688e-03    8.1876e-04    9.3133e-04    3.1017e-04
   5.0000e-01    2.6000e+00   -1.5000e+00    0.0000e+00    3.0000e+00    1.3751e-03   -3.3753e-04    1.0713e-03   -8.5955e-04
   5.0000e-01    2.6000e+00   -1.5000e+00   -1.5701e-01    2.9959e+00    7.2073e-04   -1.2068e-03    4.1691e-04   -1.6644e-03
   5.0000e-01    2.6000e+00   -1.5000e+00   -3.1359e-01    2.9836e+00   -3.1029e-04   -1.3610e-03   -6.8065e-04   -1.7345e-03
   5.0000e-01    2.6000e+00   -1.5000e+00   -4.6930e-01    2.9631e+00   -1.1355e-03   -7.9642e-04   -1.5219e-03   -1.0835e-03
   5.0000e-01    2.6000e+00   -1.5000e+00   -6.2374e-01    2.9344e+00   -1.3743e-03    1.0938e-04   -1.7746e-03   -3.6560e-05
   5.0000e-01    2.6000e+00   -1.5000e+00   -7.7646e-01    2.8978e+00   -1.0206e-03    9.1513e-04   -1.3236e-03    8.6242e-04
   5.0000e-01    2.6000e+00   -1.5000e+00   -9.2705e-01    2.8532e+00   -3.2064e-04    1.3256e-03   -5.9450e-04    1.3409e-03
   5.0000e-01    2.6000e+00   -1.5000e+00   -1.0751e+00    2.8007e+00    4.4779e-04    1.2814e-03    1.7515e-04    1.5003e-03
   5.0000e-01    2.6000e+00   -1.5000e+00   -1.2202e+00    2.7406e+00    1.0287e-03    8.7632e-04    8.8773e-04    1.2590e-03
   5.0000e-01    2.6000e+00   -1.5000e+00   -1.3620e+00    2.6730e+00    1.3155e-03    2.8246e-04    1.3267e-03    8.2424e-04
   5.0000e-01    2.6000e+00   -1.5000e+00   -1.5000e+00    2.5981e+00    1.3052e-03   -3.0681e-04    1.3438e-03    3.9405e-04
   5.0000e-01    2.6000e+00   -1.5000e+00   -1.6339e+00    2.5160e+00    1.0785e-03   -7.8904e-04    1.2389e-03    4.6733e-05
   5.0000e-01    2.6000e+00   -1.5000e+00   -1.7634e+00    2.4271e+00    7.1905e-04   -1.1216e-03    1.0445e-03   -1.9188e-04
   5.0000e-01    2.6000e+00   -1.5000e+00   -1.8880e+00    2.3314e+00    3.1783e-04   -1.2901e-03    7.9638e-04   -2.4350e-04
   5.0000e-01    2.6000e+00   -1.5000e+00   -2.0074e+00    2.2294e+00   -3.7765e-05   -1.3252e-03    4.8210e-04   -1.1980e-04
   5.0000e-01    2.6000e+00   -1.5000e+00   -2.1213e+00    2.1213e+00   -3.3918e-04   -1.2793e-03    2.7368e-04   -7.9997e-05
   5.0000e-01    2.6000e+00   -1.5000e+00   -2.2294e+00    2.0074e+00   -5.8581e-04   -1.1844e-03    9.3482e-05    9.6898e-05
   5.0000e-01    2.6000e+00   -1.5000e+00   -2.3314e+00    1.8880e+00   -7.6520e-04   -1.0749e-03   -1.7953e-05    1.8976e-04
   5.0000e-01    2.6000e+00   -1.5000e+00   -2.4271e+00    1.7634e+00   -8.6831e-04   -9.9206e-04   -3.8230e-05    2.8185e-04
   5.0000e-01    2.6000e+00   -1.5000e+00   -2.5160e+00    1.6339e+00   -9.2580e-04   -9.3803e-04   -5.5952e-05    3.0566e-04
   5.0000e-01    2.6000e+00   -1.5000e+00   -2.5981e+00    1.5000e+00   -9.5032e-04   -9.1263e-04   -1.8942e-04    2.6190e-04
   5.0000e-01    2.6000e+00   -1.5000e+00   -2.6730e+00    1.3620e+00   -9.3393e-04   -9.2945e-04   -1.2934e-04    1.4405e-04
   5.0000e-01    2.6000e+00   -1.5000e+00   -2.7406e+00    1.2202e+00   -8.6842e-04   -9.9226e-04   -1.2051e-04   -8.3364e-07
   5.0000e-01    2.6000e+00   -1.5000e+00   -2.8007e+00    1.0751e+00   -7.5739e-04   -1.0808e-03   -1.1936e-04   -2.4339e-04
   5.0000e-01    2.6000e+00   -1.5000e+00   -2.8532e+00    9.2705e-01   -5.8517e-04   -1.1844e-03   -6.4708e-05   -4.6071e-04
   5.0000e-01    2.6000e+00   -1.5000e+00   -2.8978e+00    7.7646e-01   -3.5589e-04   -1.2742e-03    8.8628e-05   -7.2232e-04
   5.0000e-01    2.6000e+00   -1.5000e+00   -2.9344e+00    6.2374e-01   -4.4490e-05   -1.3249e-03    1.6683e-04   -9.5380e-04
   5.0000e-01    2.6000e+00   -1.5000e+00   -2.9631e+00    4.6930e-01    3.2275e-04   -1.2887e-03    4.2803e-04   -1.0116e-03
   5.0000e-01    2.6000e+00   -1.5000e+00   -2.9836e+00    3.1359e-01    7.2163e-04   -1.1196e-03    6.7523e-04   -1.0623e-03
   5.0000e-01    2.6000e+00   -1.5000e+00   -2.9959e+00    1.5701e-01    1.0729e-03   -7.9643e-04    9.0946e-04   -8.5274e-04
   5.0000e-01    2.6000e+00   -1.5000e+00   -3.0000e+00    0.0000e+00    1.3015e-03   -3.2094e-04    1.0106e-03   -5.6316e-04
   5.0000e-01    2.6000e+00   -1.5000e+00   -2.9959e+00   -1.5701e-01    1.3156e-03    2.8222e-04    8.9522e-04   -1.7878e-06
   5.0000e-01    2.6000e+00   -1.5000e+00   -2.9836e+00   -3.1359e-01    1.0333e-03    8.7002e-04    5.3211e-04    4.5514e-04
   5.0000e-01    2.6000e+00   -1.5000e+00   -2.9631e+00   -4.6930e-01    4.6082e-04    1.2760e-03   -1.7975e-04    7.5001e-04
   5.0000e-01    2.6000e+00   -1.5000e+00   -2.9344e+00   -6.2374e-01   -3.0380e-04    1.3292e-03   -1.0375e-03    7.6754e-04
   5.0000e-01    2.6000e+00   -1.5000e+00   -2.8978e+00   -7.7646e-01   -1.0105e-03    9.2567e-04   -1.7206e-03    2.8969e-04
   5.0000e-01    2.6000e+00   -1.5000e+00   -2.8532e+00   -9.2705e-01   -1.3726e-03    1.2285e-04   -2.1607e-03   -5.6648e-04
   5.0000e-01    2.6000e+00   -1.5000e+00   -2.8007e+00   -1.0751e+00   -1.1440e-03   -7.8363e-04   -1.9395e-03   -1.3823e-03
   5.0000e-01    2.6000e+00   -1.5000e+00   -2.7406e+00   -1.2202e+00   -3.3739e-04   -1.3542e-03   -1.1543e-03   -1.9960e-03
   5.0000e-01    2.6000e+00   -1.5000e+00   -2.6730e+00   -1.3620e+00    6.9868e-04   -1.2190e-03   -4.0343e-05   -1.8416e-03
   5.0000e-01    2.6000e+00   -1.5000e+00   -2.5981e+00   -1.5000e+00    1.3726e-03   -3.4526e-04    5.8287e-04   -9.1351e-04
   5.0000e-01    2.6000e+00   -1.5000e+00   -2.5160e+00   -1.6339e+00    1.1783e-03    8.0437e-04    5.4482e-04    2.7554e-04
   5.0000e-01    2.6000e+00   -1.5000e+00   -2.4271e+00   -1.7634e+00    1.3889e-04    1.4315e-03   -5.0132e-04    9.5495e-04
   5.0000e-01    2.6000e+00   -1.5000e+00   -2.3314e+00   -1.8880e+00   -1.0509e-03    1.0002e-03   -1.7096e-03    6.0126e-04
   5.0000e-01    2.6000e+00   -1.5000e+00   -2.2294e+00   -2.0074e+00   -1.4371e-03   -2.8278e-04   -1.9576e-03   -6.7488e-04
   5.0000e-01    2.6000e+00   -1.5000e+00   -2.1213e+00   -2.1213e+00   -5.5625e-04   -1.3704e-03   -9.3144e-04   -1.7108e-03
   5.0000e-01    2.6000e+00   -1.5000e+00   -2.0074e+00   -2.2294e+00    8.8005e-04   -1.2074e-03    5.4158e-04   -1.5060e-03
   5.0000e-01    2.6000e+00   -1.5000e+00   -1.8880e+00   -2.3314e+00    1.5025e-03    1.5483e-04    1.2561e-03   -1.0587e-04
   5.0000e-01    2.6000e+00   -1.5000e+00   -1.7634e+00   -2.4271e+00    5.6453e-04    1.4198e-03    4.0150e-04    1.2481e-03
   5.0000e-01    2.6000e+00   -1.5000e+00   -1.6339e+00   -2.5160e+00   -1.0478e-03    1.1377e-03   -1.1040e-03    9.3354e-04
   5.0000e-01    2.6000e+00   -1.5000e+00   -1.5000e+00   -2.5981e+00   -1.4881e-03   -4.9040e-04   -1.5059e-03   -6.6433e-04
   5.0000e-01    2.6000e+00   -1.5000e+00   -1.3620e+00   -2.6730e+00   -1.2656e-04   -1.5824e-03   -2.0020e-05   -1.7897e-03
   5.0000e-01    2.6000e+00   -1.5000e+00   -1.2202e+00   -2.7406e+00    1.4607e-03   -6.7889e-04    1.6006e-03   -8.0842e-04
   5.0000e-01    2.6000e+00   -1.5000e+00   -1.0751e+00   -2.8007e+00    1.1381e-03    1.1738e-03    1.3671e-03    9.5220e-04
   5.0000e-01    2.6000e+00   -1.5000e+00   -9.2705e-01   -2.8532e+00   -7.9794e-04    1.4563e-03   -4.7463e-04    1.2761e-03
   5.0000e-01    2.6000e+00   -1.5000e+00   -7.7646e-01   -2.8978e+00   -1.6494e-03   -3.5984e-04   -1.2854e-03   -5.8316e-04
   5.0000e-01    2.6000e+00   -1.5000e+00   -6.2374e-01   -2.9344e+00   -6.6153e-05   -1.7170e-03    2.9563e-04   -1.9384e-03
   5.0000e-01    2.6000e+00   -1.5000e+00   -4.6930e-01   -2.9631e+00    1.6911e-03   -4.5204e-04    2.0545e-03   -6.1671e-04
   5.0000e-01    2.6000e+00   -1.5000e+00   -3.1359e-01   -2.9836e+00    7.8773e-04    1.6019e-03    1.1642e-03    1.3526e-03
   5.0000e-01    2.6000e+00   -1.5000e+00   -1.5701e-01   -2.9959e+00   -1.4612e-03    1.0892e-03   -1.1089e-03    7.9748e-04
   5.0000e-01    2.6000e+00   -1.5000e+00    0.0000e+00   -3.0000e+00   -1.3483e-03   -1.2855e-03   -1.0030e-03   -1.5842e-03
   5.0000e-01    2.6000e+00   -1.5000e+00    1.5701e-01   -2.9959e+00    1.1314e-03   -1.5352e-03    1.4120e-03   -1.7880e-03
   5.0000e-01    2.6000e+00   -1.5000e+00    3.1359e-01   -2.9836e+00    1.6981e-03    9.6838e-04    1.9522e-03    8.2215e-04
   5.0000e-01    2.6000e+00   -1.5000e+00    4.6930e-01   -2.9631e+00   -8.2701e-04    1.8294e-03   -6.2186e-04    1.6136e-03
   5.0000e-01    2.6000e+00   -1.5000e+00    6.2374e-01   -2.9344e+00   -1.9382e-03   -7.1461e-04   -1.7650e-03   -7.8719e-04
   5.0000e-01    2.6000e+00   -1.5000e+00    7.7646e-01   -2.8978e+00    6.0739e-04   -2.0407e-03    6.3001e-04   -2.0721e-03
   5.0000e-01    2.6000e+00   -1.5000e+00    9.2705e-01   -2.8532e+00    2.1349e-03    5.3161e-04    2.1135e-03    5.0520e-04
   5.0000e-01    2.6000e+00   -1.5000e+00    1.0751e+00   -2.8007e+00   -5.0382e-04    2.2239e-03   -6.0015e-04    2.2760e-03
   5.0000e-01    2.6000e+00   -1.5000e+00    1.2202e+00   -2.7406e+00   -2.3185e-03   -4.8996e-04   -2.4704e-03   -3.6171e-04
   5.0000e-01    2.6000e+00   -1.5000e+00    1.3620e+00   -2.6730e+00    5.2353e-04   -2.4153e-03    3.6581e-04   -2.1862e-03
   5.0000e-01    2.6000e+00   -1.5000e+00    1.5000e+00   -2.5981e+00    2.5249e-03    5.7145e-04    2.3532e-03    8.9534e-04
